birdnet_scientific_name,avilist_scientific_name,avibase_id,cornell_code,match_method
Abroscopus albogularis,Abroscopus albogularis,avibase-684016CB,rufwar1,exact
Abroscopus schisticeps,Abroscopus schisticeps,avibase-0FD03AFF,blfwar1,exact
Abroscopus superciliaris,Abroscopus superciliaris,avibase-A8F5D21F,yebwar1,exact
Aburria aburri,Aburria aburri,avibase-50A42775,watgua1,exact
Acanthagenys rufogularis,Acanthagenys rufogularis,avibase-BFB1C22E,spchon1,exact
Acanthidops bairdi,Acanthidops bairdi,avibase-5CCF7540,pebfin1,exact
Acanthis flammea,Acanthis flammea,avibase-B6C8DDB2,redpol1,exact
Acanthisitta chloris,Acanthisitta chloris,avibase-7D5E37D9,riflem1,exact
Acanthiza apicalis,Acanthiza apicalis,avibase-4413633D,inltho1,exact
Acanthiza chrysorrhoa,Acanthiza chrysorrhoa,avibase-B1B0E343,yertho1,exact
Acanthiza ewingii,Acanthiza ewingii,avibase-14B92847,tastho1,exact
Acanthiza inornata,Acanthiza inornata,avibase-6601168A,westho1,exact
Acanthiza lineata,Acanthiza lineata,avibase-D0A0845A,strtho1,exact
Acanthiza nana,Acanthiza nana,avibase-D6D77AFA,yeltho1,exact
Acanthiza pusilla,Acanthiza pusilla,avibase-8F6C8E9E,brotho1,exact
Acanthiza reguloides,Acanthiza reguloides,avibase-7B1144C8,burtho1,exact
Acanthiza uropygialis,Acanthiza uropygialis,avibase-27F7E242,chrtho1,exact
Acanthorhynchus superciliosus,Acanthorhynchus superciliosus,avibase-C5ACCD75,wesspi1,exact
Acanthorhynchus tenuirostris,Acanthorhynchus tenuirostris,avibase-A542D690,easspi1,exact
Accipiter badius,Tachyspiza badia,avibase-1A0ECB6E,shikra1,clements_english
Accipiter bicolor,Astur bicolor,avibase-FB27427B,bichaw1,clements_english
Accipiter cirrocephalus,Tachyspiza cirrocephala,avibase-EFCC56CD,colspa1,clements_english
Accipiter cooperii,Astur cooperii,avibase-EB98812F,coohaw,clements_english
Accipiter fasciatus,Tachyspiza fasciata,avibase-6024AA3F,brogos1,clements_english
Accipiter gentilis,Astur gentilis,avibase-95DD1855,norgos1,override
Accipiter gularis,Tachyspiza gularis,avibase-1E49FE52,japspa1,clements_english
Accipiter hiogaster,Tachyspiza hiogaster,avibase-A4AAB528,vargos1,clements_english
Accipiter melanoleucus,Astur melanoleucus,avibase-819AB823,blagos1,clements_english
Accipiter minullus,Tachyspiza minulla,avibase-CE1CF6FD,litspa1,clements_english
Accipiter nisus,Accipiter nisus,avibase-DB376A66,eurspa1,exact
Accipiter novaehollandiae,Tachyspiza novaehollandiae,avibase-CFB9E213,grygos1,clements_english
Accipiter poliogaster,Accipiter poliogaster,avibase-707547BB,gybhaw1,exact
Accipiter soloensis,Tachyspiza soloensis,avibase-D188E45C,grfhaw1,clements_english
Accipiter striatus,Accipiter striatus,avibase-3B024163,shshaw,exact
Accipiter superciliosus,Microspizias superciliosus,avibase-F23F7695,tinhaw1,clements_english
Accipiter tachiro,Aerospiza tachiro,avibase-35A1472C,afrgos1,clements_english
Accipiter trinotatus,Tachyspiza trinotata,avibase-0BED8100,sptgos1,clements_english
Accipiter trivirgatus,Lophospiza trivirgata,avibase-0D4EE0EB,cregos1,clements_english
Accipiter virgatus,Tachyspiza virgata,avibase-A59A2D4D,besra1,clements_english
Aceros nipalensis,Aceros nipalensis,avibase-01391B1A,runhor1,exact
Achaetops pycnopygius,Achaetops pycnopygius,avibase-35C5E4AF,damroc1,exact
Acridotheres burmannicus,Acridotheres burmannicus,avibase-A0FB9485,vibsta1,exact
Acridotheres cristatellus,Acridotheres cristatellus,avibase-65BCBB64,cremyn,exact
Acridotheres fuscus,Acridotheres fuscus,avibase-8724C64A,junmyn1,exact
Acridotheres ginginianus,Acridotheres ginginianus,avibase-F8CFF92C,banmyn1,exact
Acridotheres grandis,Acridotheres grandis,avibase-B483CC1C,whvmyn1,exact
Acridotheres javanicus,Acridotheres javanicus,avibase-D70B61EE,whvmyn,exact
Acridotheres tristis,Acridotheres tristis,avibase-F23A2F38,commyn,exact
Acrobatornis fonsecai,Acrobatornis fonsecai,avibase-E4FC9402,pilgra1,exact
Acrocephalus agricola,Acrocephalus agricola,avibase-781FE53F,padwar1,exact
Acrocephalus arundinaceus,Acrocephalus arundinaceus,avibase-B283E332,grrwar1,exact
Acrocephalus australis,Acrocephalus australis,avibase-9597E0CA,aurwar1,exact
Acrocephalus bistrigiceps,Acrocephalus bistrigiceps,avibase-1DB9A114,bbrwar1,exact
Acrocephalus concinens,Acrocephalus concinens,avibase-F084CA99,blwwar1,exact
Acrocephalus dumetorum,Acrocephalus dumetorum,avibase-B22EAFC8,blrwar1,exact
Acrocephalus gracilirostris,Acrocephalus gracilirostris,avibase-4AA7817D,leswar1,exact
Acrocephalus griseldis,Acrocephalus griseldis,avibase-0D42A253,barwar2,exact
Acrocephalus melanopogon,Acrocephalus melanopogon,avibase-E1559C49,mouwar1,exact
Acrocephalus newtoni,Acrocephalus newtoni,avibase-6ED7C46F,maswar1,exact
Acrocephalus orientalis,Acrocephalus orientalis,avibase-9A6953ED,orrwar1,exact
Acrocephalus paludicola,Acrocephalus paludicola,avibase-C15141A6,aquwar1,exact
Acrocephalus palustris,Acrocephalus palustris,avibase-B675E006,marwar3,exact
Acrocephalus rufescens,Acrocephalus rufescens,avibase-C8857CC8,grswar2,exact
Acrocephalus schoenobaenus,Acrocephalus schoenobaenus,avibase-FED5AED5,sedwar1,exact
Acrocephalus scirpaceus,Acrocephalus scirpaceus,avibase-3F0EE474,eurwar1,exact
Acrocephalus stentoreus,Acrocephalus stentoreus,avibase-D793DF5A,clrwar1,exact
Acrocephalus tangorum,Acrocephalus tangorum,avibase-A5134675,manrew1,exact
Acropternis orthonyx,Acropternis orthonyx,avibase-6B6D07C9,ocetap1,exact
Actenoides concretus,Actenoides concretus,avibase-4A150CE8,ruckin1,exact
Actenoides lindsayi,Actenoides lindsayi,avibase-0FDF970A,spokin1,exact
Actenoides monachus,Actenoides monachus,avibase-1D15CDDD,grbkin1,exact
Actinodura cyanouroptera,Actinodura cyanouroptera,avibase-A6704D52,blwmin1,exact
Actinodura egertoni,Actinodura egertoni,avibase-34B1C50C,rufbar1,exact
Actinodura nipalensis,Actinodura nipalensis,avibase-05F6BA7F,hotbar1,exact
Actinodura ramsayi,Actinodura ramsayi,avibase-6D30E624,spebar1,exact
Actinodura strigula,Actinodura strigula,avibase-55B3A7AF,chtmin1,exact
Actinodura waldeni,Actinodura waldeni,avibase-EE65C146,sttbar1,exact
Actitis hypoleucos,Actitis hypoleucos,avibase-8548B07E,comsan,exact
Actitis macularius,Actitis macularius,avibase-0D88C072,sposan,exact
Actophilornis africanus,Actophilornis africanus,avibase-D16D486D,afrjac1,exact
Adelomyia melanogenys,Adelomyia melanogenys,avibase-0A1A1F0F,spehum1,exact
Aechmophorus clarkii,Aechmophorus clarkii,avibase-D05FFEF7,clagre,exact
Aechmophorus occidentalis,Aechmophorus occidentalis,avibase-C6E1197B,wesgre,exact
Aegithalos caudatus,Aegithalos caudatus,avibase-547163C2,lottit1,exact
Aegithalos concinnus,Aegithalos concinnus,avibase-94C5E135,blttit2,exact
Aegithalos glaucogularis,Aegithalos glaucogularis,avibase-67134AC3,lottit5,exact
Aegithalos iouschistos,Aegithalos iouschistos,avibase-BBE88519,bkbtit3,exact
Aegithalos niveogularis,Aegithalos niveogularis,avibase-E6E37DE5,whttit1,exact
Aegithina nigrolutea,Aegithina nigrolutea,avibase-C3E4EF0E,whtior1,exact
Aegithina tiphia,Aegithina tiphia,avibase-EEC311EA,comior1,exact
Aegithina viridissima,Aegithina viridissima,avibase-418B6BE2,greior2,exact
Aegolius acadicus,Aegolius acadicus,avibase-26BA25EF,nswowl,exact
Aegolius funereus,Aegolius funereus,avibase-8AB4EAF6,borowl,exact
Aegolius harrisii,Aegolius harrisii,avibase-10C68CA3,bufowl1,exact
Aegolius ridgwayi,Aegolius ridgwayi,avibase-6439759F,uswowl1,exact
Aegotheles cristatus,Aegotheles cristatus,avibase-175A7534,auonig1,exact
Aegypius monachus,Aegypius monachus,avibase-158BDC90,cinvul1,exact
Aerodramus bartschi,Aerodramus bartschi,avibase-F8E58F0F,marswi,exact
Aerodramus fuciphagus,Aerodramus fuciphagus,avibase-FF38B8FB,y00731,exact
Aerodramus maximus,Aerodramus maximus,avibase-76179577,blnswi1,exact
Aeronautes andecolus,Aeronautes andecolus,avibase-B9CF96D5,andswi1,exact
Aeronautes montivagus,Aeronautes montivagus,avibase-A3093269,whtswi1,exact
Aeronautes saxatalis,Aeronautes saxatalis,avibase-B401C2DD,whtswi,exact
Aethia pusilla,Aethia pusilla,avibase-044509DA,leaauk,exact
Aethia pygmaea,Aethia pygmaea,avibase-E3893615,whiauk,exact
Aethopyga christinae,Aethopyga christinae,avibase-828EAC60,fotsun1,exact
Aethopyga gouldiae,Aethopyga gouldiae,avibase-6A4A67F7,gousun1,exact
Aethopyga ignicauda,Aethopyga ignicauda,avibase-FCD9D132,fitsun1,exact
Aethopyga nipalensis,Aethopyga nipalensis,avibase-02BA43E4,grtsun1,exact
Aethopyga saturata,Aethopyga saturata,avibase-E1067234,bltsun1,exact
Aethopyga siparaja,Aethopyga siparaja,avibase-EC22F3AA,eacsun1,exact
Aethopyga temminckii,Aethopyga temminckii,avibase-F89D732E,temsun1,exact
Aethopyga vigorsii,Aethopyga vigorsii,avibase-88A56D18,wecsun1,exact
Agapornis canus,Agapornis canus,avibase-D4686ACD,gyhlov1,exact
Agapornis fischeri,Agapornis fischeri,avibase-E1EE00F7,fislov1,exact
Agapornis personatus,Agapornis personatus,avibase-4396F4F1,yeclov,exact
Agapornis roseicollis,Agapornis roseicollis,avibase-31C03CB8,peflov,exact
Agapornis taranta,Agapornis taranta,avibase-39DAF131,blwlov1,exact
Agelaioides badius,Agelaioides badius,avibase-F888C888,bawcow4,exact
Agelaius phoeniceus,Agelaius phoeniceus,avibase-C86D078E,rewbla,exact
Agelaius tricolor,Agelaius tricolor,avibase-80285D5C,tribla,exact
Agelasticus cyanopus,Agelasticus cyanopus,avibase-B5792FEE,unibla2,exact
Agelasticus thilius,Agelasticus thilius,avibase-11755EFA,yewbla2,exact
Agelasticus xanthophthalmus,Agelasticus xanthophthalmus,avibase-9A0C6612,paebla2,exact
Aglaiocercus coelestis,Aglaiocercus coelestis,avibase-C1C10CEC,vitsyl1,exact
Aglaiocercus kingii,Aglaiocercus kingii,avibase-F9C6A653,lotsyl1,exact
Agriornis montanus,Agriornis montanus,avibase-78427CA9,bkbsht1,exact
Agropsar philippensis,Agropsar philippensis,avibase-FDA38B76,chcsta1,exact
Agropsar sturninus,Agropsar sturninus,avibase-2FC5C397,dausta1,exact
Ailuroedus crassirostris,Ailuroedus crassirostris,avibase-D24C5470,grecat1,exact
Ailuroedus maculosus,Ailuroedus maculosus,avibase-128E6559,spocat2,exact
Aimophila notosticta,Aimophila notosticta,avibase-D787A400,oaxspa1,exact
Aimophila rufescens,Aimophila rufescens,avibase-B1BE75EB,russpa1,exact
Aimophila ruficeps,Aimophila ruficeps,avibase-7784B060,rucspa,exact
Aix galericulata,Aix galericulata,avibase-E1714A09,manduc,exact
Aix sponsa,Aix sponsa,avibase-27B2749A,wooduc,exact
Akletos goeldii,Akletos goeldii,avibase-1CE684D6,goeant1,exact
Akletos melanoceps,Akletos melanoceps,avibase-B1392808,whsant1,exact
Alaemon alaudipes,Alaemon alaudipes,avibase-3E4513D9,grhlar1,exact
Alauda arvensis,Alauda arvensis,avibase-ED2AC04E,skylar,exact
Alauda gulgula,Alauda gulgula,avibase-E988F1D5,orisky1,exact
Alaudala cheleensis,Alaudala cheleensis,avibase-399A4A3E,lstlar2,exact
Alaudala heinei,Alaudala heinei,avibase-238EC109,tstlar1,exact
Alaudala raytal,Alaudala raytal,avibase-862C271E,sanlar1,exact
Alaudala rufescens,Alaudala rufescens,avibase-FE1FE185,mstlar1,exact
Alaudala somalica,Alaudala somalica,avibase-61CECCA7,sstlar1,exact
Alca torda,Alca torda,avibase-64F4DD81,razorb,exact
Alcedo atthis,Alcedo atthis,avibase-9505E03D,comkin1,exact
Alcedo meninting,Alcedo meninting,avibase-39629250,blekin1,exact
Alcippe brunneicauda,Alcippe brunneicauda,avibase-2EAEE9C9,broful1,exact
Alcippe fratercula,Alcippe fratercula,avibase-A62C0342,gycful4,exact
Alcippe hueti,Alcippe hueti,avibase-EE1BC181,gycful5,exact
Alcippe morrisonia,Alcippe morrisonia,avibase-F8788273,gycful1,exact
Alcippe nipalensis,Alcippe nipalensis,avibase-735DD267,nepful1,exact
Alcippe peracensis,Alcippe peracensis,avibase-493A2E85,mouful1,exact
Alcippe poioicephala,Alcippe poioicephala,avibase-E4C78D6C,brcful1,exact
Alcippe pyrrhoptera,Alcippe pyrrhoptera,avibase-C2737F2A,javful1,exact
Aleadryas rufinucha,Aleadryas rufinucha,avibase-1F4DF785,runwhi1,exact
Alectoris barbara,Alectoris barbara,avibase-D44B2846,barpar2,exact
Alectoris chukar,Alectoris chukar,avibase-87CBEBF7,chukar,exact
Alectoris graeca,Alectoris graeca,avibase-44437074,rocpar2,exact
Alectoris rufa,Alectoris rufa,avibase-F71E0BE6,relpar1,exact
Alectura lathami,Alectura lathami,avibase-6BD20F58,ausbrt1,exact
Alethe castanea,Alethe castanea,avibase-DA4D7386,ficale2,exact
Alethe diademata,Alethe diademata,avibase-ECD2AB67,ficale3,exact
Alipiopsitta xanthops,Alipiopsitta xanthops,avibase-032F4AC2,yefpar5,exact
Alisterus scapularis,Alisterus scapularis,avibase-29DB0309,aukpar1,exact
Allenia fusca,Allenia fusca,avibase-C146593B,scbthr,exact
Alophoixus finschii,Iole finschii,avibase-F9E2A503,finbul1,clements_english
Alophoixus flaveolus,Alophoixus flaveolus,avibase-31754E31,whtbul1,exact
Alophoixus ochraceus,Alophoixus ochraceus,avibase-2BC35886,ochbul2,exact
Alophoixus pallidus,Alophoixus pallidus,avibase-C916F1C7,putbul1,exact
Alophoixus phaeocephalus,Alophoixus phaeocephalus,avibase-3499C2A5,yebbul2,exact
Alophoixus tephrogenys,Alophoixus tephrogenys,avibase-CA0141A1,gycbul2,exact
Alopochelidon fucata,Alopochelidon fucata,avibase-355CAC4F,tahswa2,exact
Alopochen aegyptiaca,Alopochen aegyptiaca,avibase-DA2F24E3,egygoo,exact
Amalocichla incerta,Amalocichla incerta,avibase-F6555990,legrob1,exact
Amandava amandava,Amandava amandava,avibase-F30FC757,redava,exact
Amaurolimnas concolor,Amaurolimnas concolor,avibase-C25C4DCB,unicra1,exact
Amaurornis isabellina,Amaurornis isabellina,avibase-535DB169,isabuh1,exact
Amaurornis moluccana,Amaurornis moluccana,avibase-8CB46BDE,rutbuh1,exact
Amaurornis phoenicurus,Amaurornis phoenicurus,avibase-F53518E3,whbwat1,exact
Amaurospiza concolor,Amaurospiza concolor,avibase-49B3835D,blusee1,exact
Amaurospiza moesta,Amaurospiza moesta,avibase-87CC9A17,blbsee3,exact
Amazilia luciae,Amazilia luciae,avibase-B1DACE3B,honeme1,exact
Amazilia rutila,Amazilia rutila,avibase-26A37098,cinhum1,exact
Amazilia tzacatl,Amazilia tzacatl,avibase-7739D5A5,rtlhum,exact
Amazilia yucatanensis,Amazilia yucatanensis,avibase-76D9954B,bubhum,exact
Amazilis amazilia,Amazilis amazilia,avibase-62AFA922,amahum1,exact
Amazona aestiva,Amazona aestiva,avibase-4B268FD2,bufpar,exact
Amazona agilis,Amazona agilis,avibase-EE676594,blbpar1,exact
Amazona albifrons,Amazona albifrons,avibase-DD669F07,whfpar1,exact
Amazona amazonica,Amazona amazonica,avibase-0F2066D5,orwpar,exact
Amazona auropalliata,Amazona auropalliata,avibase-74D1AE14,yenpar1,exact
Amazona autumnalis,Amazona autumnalis,avibase-56EC9CA9,relpar10,exact
Amazona brasiliensis,Amazona brasiliensis,avibase-5A7AF4AE,retpar1,exact
Amazona dufresniana,Amazona dufresniana,avibase-7B534E0C,blcpar2,exact
Amazona farinosa,Amazona farinosa,avibase-A05EF311,meapar,exact
Amazona festiva,Amazona festiva,avibase-428D51E8,fespar1,exact
Amazona finschi,Amazona finschi,avibase-66C32CC9,licpar,exact
Amazona kawalli,Amazona kawalli,avibase-7F4458FE,kawpar1,exact
Amazona leucocephala,Amazona leucocephala,avibase-8B2843E8,cubpar1,exact
Amazona mercenarius,Amazona mercenarius,avibase-CED01CA4,scnpar1,exact
Amazona ochrocephala,Amazona ochrocephala,avibase-45BCA1AA,ywcpar,exact
Amazona oratrix,Amazona oratrix,avibase-F9D03943,yehpar,exact
Amazona rhodocorytha,Amazona rhodocorytha,avibase-8FC55431,rebpar7,exact
Amazona tucumana,Amazona tucumana,avibase-D50220E9,tucpar1,exact
Amazona ventralis,Amazona ventralis,avibase-766B3C30,hispar1,exact
Amazona vinacea,Amazona vinacea,avibase-0FF89B76,vinpar1,exact
Amazona viridigenalis,Amazona viridigenalis,avibase-B1595124,recpar,exact
Amazona xantholora,Amazona xantholora,avibase-E0993B27,yelpar1,exact
Amazonetta brasiliensis,Amazonetta brasiliensis,avibase-DDFC6B2B,bratea1,exact
Amblycercus holosericeus,Amblycercus holosericeus,avibase-8DAADD7F,yebcac1,exact
Amblyornis newtoniana,Prionodura newtoniana,avibase-98C0C634,golbow1,clements_english
Amblyospiza albifrons,Amblyospiza albifrons,avibase-C7708C70,growea1,exact
Amblyramphus holosericeus,Amblyramphus holosericeus,avibase-50F297CC,schbla1,exact
Ammodramus aurifrons,Ammodramus aurifrons,avibase-02E3ACBD,yebspa1,exact
Ammodramus humeralis,Ammodramus humeralis,avibase-7C74D0E3,graspa1,exact
Ammodramus savannarum,Ammodramus savannarum,avibase-5BFFE091,graspa,exact
Ammomanes cinctura,Ammomanes cinctura,avibase-20A0844D,batlar1,exact
Ammomanes deserti,Ammomanes deserti,avibase-A977348D,deslar1,exact
Ammomanes phoenicura,Ammomanes phoenicura,avibase-0E1F8A50,rutlar2,exact
Ammonastes pelzelni,Ammonastes pelzelni,avibase-6688FCFD,gybant1,exact
Ammospiza caudacuta,Ammospiza caudacuta,avibase-79C9C8C4,sstspa,exact
Ammospiza leconteii,Ammospiza leconteii,avibase-B656B15D,lecspa,exact
Ammospiza maritima,Ammospiza maritima,avibase-0F81304F,seaspa,exact
Ammospiza nelsoni,Ammospiza nelsoni,avibase-727D994F,nstspa,exact
Ampelioides tschudii,Ampelioides tschudii,avibase-4D9E317C,scafru1,exact
Ampelion rubrocristatus,Ampelion rubrocristatus,avibase-C5B2624D,reccot1,exact
Ampelion rufaxilla,Ampelion rufaxilla,avibase-2ED22C83,chccot1,exact
Ampelornis griseiceps,Ampelornis griseiceps,avibase-F705E3F2,gyhant1,exact
Amphispiza bilineata,Amphispiza bilineata,avibase-A0F29F1E,bktspa,exact
Amphispizopsis quinquestriata,Amphispizopsis quinquestriata,avibase-8C954D4E,fisspa,exact
Anabacerthia amaurotis,Anabacerthia amaurotis,avibase-F31BDBD7,whbfog1,exact
Anabacerthia lichtensteini,Anabacerthia lichtensteini,avibase-5A7FA9E2,obfgle2,exact
Anabacerthia ruficaudata,Anabacerthia ruficaudata,avibase-861926AE,rutfog1,exact
Anabacerthia striaticollis,Anabacerthia striaticollis,avibase-A499C7BE,mofgle1,exact
Anabacerthia variegaticeps,Anabacerthia variegaticeps,avibase-C9861D7F,stfgle1,exact
Anabazenops dorsalis,Anabazenops dorsalis,avibase-B76C2D94,ducfog1,exact
Anabazenops fuscus,Anabazenops fuscus,avibase-902B9EEB,wcfgle1,exact
Anairetes alpinus,Anairetes alpinus,avibase-6B005E46,abttyr1,exact
Anairetes flavirostris,Anairetes flavirostris,avibase-7C1ABA06,ybttyr1,exact
Anairetes nigrocristatus,Anairetes nigrocristatus,avibase-3F9E2867,bkctit1,exact
Anairetes parulus,Anairetes parulus,avibase-2B0C9AD5,tuttyr1,exact
Anairetes reguloides,Anairetes reguloides,avibase-887106AC,pcttyr1,exact
Anas acuta,Anas acuta,avibase-56CCA717,norpin,exact
Anas andium,Anas andium,avibase-0642F0F9,spetea3,exact
Anas castanea,Anas castanea,avibase-DBF66606,chetea1,exact
Anas crecca,Anas crecca,avibase-BC6C3CCE,gnwtea,exact
Anas diazi,Anas diazi,avibase-42CF45FE,mexduc,exact
Anas flavirostris,Anas flavirostris,avibase-D4263C69,yebtea1,exact
Anas fulvigula,Anas fulvigula,avibase-697B933E,motduc,exact
Anas georgica,Anas georgica,avibase-B940CCD5,yebpin1,exact
Anas gracilis,Anas gracilis,avibase-9CBAFD8F,gretea1,exact
Anas platyrhynchos,Anas platyrhynchos,avibase-85625D75,mallar3,exact
Anas poecilorhyncha,Anas poecilorhyncha,avibase-759C5EB8,isbduc1,exact
Anas rubripes,Anas rubripes,avibase-C732CB10,ambduc,exact
Anas superciliosa,Anas superciliosa,avibase-07479AD9,pabduc1,exact
Anas undulata,Anas undulata,avibase-7F64AD87,yebduc1,exact
Anas wyvilliana,Anas wyvilliana,avibase-250EA983,hawduc,exact
Anas zonorhyncha,Anas zonorhyncha,avibase-E21470F9,spbduc,exact
Anastomus oscitans,Anastomus oscitans,avibase-0DF27D63,asiope1,exact
Ancistrops strigilatus,Ancistrops strigilatus,avibase-21CFD0C9,chwhoo1,exact
Andigena hypoglauca,Andigena hypoglauca,avibase-B02554D8,gybmot1,exact
Andigena laminirostris,Andigena laminirostris,avibase-2EF3405B,pbmtou1,exact
Andigena nigrirostris,Andigena nigrirostris,avibase-64516AE0,bbmtou1,exact
Androdon aequatorialis,Androdon aequatorialis,avibase-E82816C6,tobhum1,exact
Andropadus importunus,Andropadus importunus,avibase-79A45DAF,somgre1,exact
Anhima cornuta,Anhima cornuta,avibase-71BA40DC,horscr1,exact
Anhinga anhinga,Anhinga anhinga,avibase-FBDAE86A,anhing,exact
Anhinga melanogaster,Anhinga melanogaster,avibase-CA0C901A,darter2,exact
Anhinga novaehollandiae,Anhinga novaehollandiae,avibase-C57D9973,darter4,exact
Anisognathus igniventris,Anisognathus igniventris,avibase-9FCCD579,sbmtan1,exact
Anisognathus lacrymosus,Anisognathus lacrymosus,avibase-11BC1FFE,lamtan1,exact
Anisognathus somptuosus,Anisognathus somptuosus,avibase-1F7275CB,bwmtan1,exact
Anodorhynchus hyacinthinus,Anodorhynchus hyacinthinus,avibase-3B7073D1,hyamac1,exact
Anodorhynchus leari,Anodorhynchus leari,avibase-FF910F60,indmac1,exact
Anorrhinus galeritus,Anorrhinus galeritus,avibase-1FD5EBCD,buchor1,exact
Anous ceruleus,Anous ceruleus,avibase-D021AB6A,bugnod,exact
Anous minutus,Anous minutus,avibase-C67DCF31,blknod,exact
Anous stolidus,Anous stolidus,avibase-A070171E,brnnod,exact
Anous tenuirostris,Anous tenuirostris,avibase-03F9EB15,lesnod1,exact
Anser albifrons,Anser albifrons,avibase-466E9077,gwfgoo,exact
Anser anser,Anser anser,avibase-4AED44E8,gragoo,exact
Anser brachyrhynchus,Anser brachyrhynchus,avibase-AFA7EE74,pifgoo,exact
Anser caerulescens,Anser caerulescens,avibase-D3A260BC,snogoo,exact
Anser canagicus,Anser canagicus,avibase-1E6F0F8D,empgoo,exact
Anser cygnoides,Anser cygnoides,avibase-946E4517,swagoo1,exact
Anser erythropus,Anser erythropus,avibase-184D2329,lwfgoo,exact
Anser fabalis,Anser fabalis,avibase-BDB497A3,taibeg1,exact
Anser indicus,Anser indicus,avibase-B7159EF0,bahgoo,exact
Anser rossii,Anser rossii,avibase-7A24F57F,rosgoo,exact
Anser serrirostris,Anser serrirostris,avibase-AD849FCB,tunbeg1,exact
Anseranas semipalmata,Anseranas semipalmata,avibase-89D5434B,maggoo1,exact
Anthipes monileger,Anthipes monileger,avibase-03E8C346,whgfly1,exact
Anthipes solitaris,Anthipes solitaris,avibase-EBEB71F0,rubfly3,exact
Anthobaphes violacea,Anthobaphes violacea,avibase-02B06535,orbsun2,exact
Anthochaera carunculata,Anthochaera carunculata,avibase-F8C0016A,redwat1,exact
Anthochaera chrysoptera,Anthochaera chrysoptera,avibase-04A7ABB7,bruwat1,exact
Anthochaera lunulata,Anthochaera lunulata,avibase-629C5612,litwat1,exact
Anthochaera paradoxa,Anthochaera paradoxa,avibase-3A72B910,yelwat1,exact
Anthochaera phrygia,Anthochaera phrygia,avibase-1C525B4A,reghon1,exact
Anthornis melanura,Anthornis melanura,avibase-73A0AA07,nezbel1,exact
Anthoscopus minutus,Anthoscopus minutus,avibase-E6239363,soptit1,exact
Anthoscopus musculus,Anthoscopus musculus,avibase-6F967270,mcptit1,exact
Anthracoceros albirostris,Anthracoceros albirostris,avibase-082CFEA6,orphor1,exact
Anthracoceros coronatus,Anthracoceros coronatus,avibase-079BC769,maphor1,exact
Anthracoceros malayanus,Anthracoceros malayanus,avibase-6DC62BCF,blahor1,exact
Anthracothorax nigricollis,Anthracothorax nigricollis,avibase-BC459FEC,bltman1,exact
Anthreptes malacensis,Anthreptes malacensis,avibase-7F96C52A,pltsun2,exact
Anthreptes orientalis,Anthreptes orientalis,avibase-2D0C83B2,kvbsun1,exact
Anthropoides paradiseus,Grus paradisea,avibase-361AC269,blucra2,clements_english
Anthropoides virgo,Grus virgo,avibase-64DDD14D,demcra1,clements_english
Anthus berthelotii,Anthus berthelotii,avibase-B17CFF22,berpip1,exact
Anthus bogotensis,Anthus bogotensis,avibase-5FC6B003,parpip1,exact
Anthus campestris,Anthus campestris,avibase-250CDA58,tawpip1,exact
Anthus cervinus,Anthus cervinus,avibase-319D044A,retpip,exact
Anthus chacoensis,Anthus chacoensis,avibase-4E83271D,chapip1,exact
Anthus cinnamomeus,Anthus cinnamomeus,avibase-0D7CC717,afrpip1,exact
Anthus correndera,Anthus correndera,avibase-0E627EF1,corpip1,exact
Anthus crenatus,Anthus crenatus,avibase-56CB3F84,yetpip1,exact
Anthus furcatus,Anthus furcatus,avibase-5F1CEF93,shbpip1,exact
Anthus godlewskii,Anthus godlewskii,avibase-9F65782F,blypip1,exact
Anthus gustavi,Anthus gustavi,avibase-9DC4CC54,pecpip,exact
Anthus hellmayri,Anthus hellmayri,avibase-D46D5344,helpip1,exact
Anthus hodgsoni,Anthus hodgsoni,avibase-25F7AF65,olbpip,exact
Anthus leucophrys,Anthus leucophrys,avibase-ECC3F122,plbpip1,exact
Anthus lineiventris,Anthus lineiventris,avibase-C69E0E28,strpip1,exact
Anthus lutescens,Anthus chii,avibase-5CAA1EA8,yelpip2,clements_english
Anthus nattereri,Anthus nattereri,avibase-28F81C1C,ocbpip1,exact
Anthus novaeseelandiae,Anthus novaeseelandiae,avibase-74C96ABE,auspip3,exact
Anthus peruvianus,Anthus peruvianus,avibase-3FAE5E4B,yelpip3,exact
Anthus petrosus,Anthus petrosus,avibase-E1CBB1C2,rocpip1,exact
Anthus pratensis,Anthus pratensis,avibase-14873249,meapip1,exact
Anthus richardi,Anthus richardi,avibase-41ECD10E,ricpip1,exact
Anthus roseatus,Anthus roseatus,avibase-6137BE25,rospip1,exact
Anthus rubescens,Anthus rubescens,avibase-CDA2E56B,amepip,exact
Anthus rufulus,Anthus rufulus,avibase-57A0C80B,oripip1,exact
Anthus similis,Anthus similis,avibase-ECFF22D2,lobpip1,exact
Anthus spinoletta,Anthus spinoletta,avibase-0A3FA185,watpip1,exact
Anthus spragueii,Anthus spragueii,avibase-BF380B5D,sprpip,exact
Anthus sylvanus,Anthus sylvanus,avibase-E097F2EC,uplpip1,exact
Anthus trivialis,Anthus trivialis,avibase-365F5E97,trepip,exact
Antigone antigone,Antigone antigone,avibase-8D891DB7,sarcra1,exact
Antigone canadensis,Antigone canadensis,avibase-E196D6F9,sancra,exact
Antigone rubicunda,Antigone rubicunda,avibase-A4480D02,brolga1,exact
Antigone vipio,Antigone vipio,avibase-1125F89D,whncra1,exact
Antilophia bokermanni,Chiroxiphia bokermanni,avibase-2AC6282B,araman1,clements_english
Antilophia galeata,Chiroxiphia galeata,avibase-51BCAA08,helman1,clements_english
Antrostomus arizonae,Antrostomus arizonae,avibase-CED2468C,souwpw1,exact
Antrostomus badius,Antrostomus badius,avibase-0D4BB435,yucnig1,exact
Antrostomus carolinensis,Antrostomus carolinensis,avibase-8D3E8871,chwwid,exact
Antrostomus noctitherus,Antrostomus noctitherus,avibase-56DB04E7,purnig1,exact
Antrostomus ridgwayi,Antrostomus ridgwayi,avibase-C0F335B7,bucnig,exact
Antrostomus rufus,Antrostomus rufus,avibase-F331D204,rufnig1,exact
Antrostomus salvini,Antrostomus salvini,avibase-100B2E32,tacnig1,exact
Antrostomus saturatus,Antrostomus saturatus,avibase-67D59645,dusnig1,exact
Antrostomus sericocaudatus,Antrostomus sericocaudatus,avibase-2FEC9A38,sitnig1,exact
Antrostomus vociferus,Antrostomus vociferus,avibase-1A09655B,easwpw1,exact
Anumbius annumbi,Anumbius annumbi,avibase-B09DB060,firgat1,exact
Anurolimnas castaneiceps,Anurolimnas castaneiceps,avibase-2A9074F9,chhcra1,exact
Anurolimnas fasciatus,Rufirallus fasciatus,avibase-BE9214E6,blbcra1,clements_english
Anurolimnas viridis,Rufirallus viridis,avibase-4B5BBB61,ruccra1,clements_english
Apalis alticola,Apalis alticola,avibase-D6C2BFD2,brhapa1,exact
Apalis chapini,Apalis chapini,avibase-6687AA29,chaapa1,exact
Apalis cinerea,Apalis cinerea,avibase-7A8A8FCF,gryapa1,exact
Apalis flavida,Apalis flavida,avibase-E70F9747,yebapa1,exact
Apalis jacksoni,Apalis jacksoni,avibase-1ABAB622,bltapa1,exact
Apalis melanocephala,Apalis melanocephala,avibase-4FE76868,blhapa1,exact
Apalis personata,Apalis personata,avibase-0ABADB0F,blfapa1,exact
Apalis porphyrolaema,Apalis porphyrolaema,avibase-E8F03B18,chtapa3,exact
Apalis ruddi,Apalis ruddi,avibase-32947D9C,rudapa1,exact
Apalis rufogularis,Apalis rufogularis,avibase-75E0430B,butapa1,exact
Apalis sharpii,Apalis sharpii,avibase-770308E9,shaapa2,exact
Apalis thoracica,Apalis thoracica,avibase-B285E2B0,batapa2,exact
Apaloderma narina,Apaloderma narina,avibase-7FED5700,nartro1,exact
Apaloderma vittatum,Apaloderma vittatum,avibase-2F2CB724,battro1,exact
Aphanotriccus audax,Aphanotriccus audax,avibase-3AC7C776,blbfly1,exact
Aphanotriccus capitalis,Aphanotriccus capitalis,avibase-0203FCD8,tacfly1,exact
Aphelocephala leucopsis,Aphelocephala leucopsis,avibase-AAEA810D,souwhi1,exact
Aphelocoma californica,Aphelocoma californica,avibase-151C2B3F,cowscj1,exact
Aphelocoma coerulescens,Aphelocoma coerulescens,avibase-D78D24B9,flsjay,exact
Aphelocoma ultramarina,Aphelocoma ultramarina,avibase-8A6D655E,mexjay3,exact
Aphelocoma unicolor,Aphelocoma unicolor,avibase-9E9E1171,unijay1,exact
Aphelocoma wollweberi,Aphelocoma wollweberi,avibase-56B8CE7A,mexjay4,exact
Aphelocoma woodhouseii,Aphelocoma woodhouseii,avibase-EC9E9745,wooscj2,exact
Aphrastura spinicauda,Aphrastura spinicauda,avibase-42F16BDC,thtray1,exact
Aplonis atrifusca,Aplonis atrifusca,avibase-28D7FBB7,samsta1,exact
Aplonis grandis,Aplonis grandis,avibase-87C70101,brwsta1,exact
Aplonis metallica,Aplonis metallica,avibase-5A358E52,metsta1,exact
Aplonis mysolensis,Aplonis mysolensis,avibase-E989867D,molsta1,exact
Aplonis opaca,Aplonis opaca,avibase-49AC7F69,micsta1,exact
Aplonis panayensis,Aplonis panayensis,avibase-2A15DF76,asgsta1,exact
Aplonis tabuensis,Aplonis tabuensis,avibase-90B5B8B0,polsta1,exact
Aprosmictus erythropterus,Aprosmictus erythropterus,avibase-BB1F4BB8,rewpar1,exact
Aptenodytes patagonicus,Aptenodytes patagonicus,avibase-827A77C7,kinpen1,exact
Apteryx mantelli,Apteryx mantelli,avibase-DB55CB8C,nibkiw1,exact
Apus affinis,Apus affinis,avibase-D209A90C,litswi1,exact
Apus apus,Apus apus,avibase-4E6EF3F9,comswi,exact
Apus caffer,Apus caffer,avibase-FA9F6019,whrswi1,exact
Apus melba,Tachymarptis melba,avibase-FA1CAD29,alpswi1,clements_english
Apus nipalensis,Apus nipalensis,avibase-2A241F0C,houswi1,exact
Apus pacificus,Apus pacificus,avibase-68E950E5,fotswi1,exact
Apus pallidus,Apus pallidus,avibase-332BC664,palswi3,exact
Apus unicolor,Apus unicolor,avibase-59A5A24E,plaswi1,exact
Aquila adalberti,Aquila adalberti,avibase-69742EE4,spaeag1,exact
Aquila chrysaetos,Aquila chrysaetos,avibase-5F8E7CA8,goleag,exact
Aquila heliaca,Aquila heliaca,avibase-469DCF57,impeag1,exact
Aquila nipalensis,Aquila nipalensis,avibase-A635F565,steeag1,exact
Ara ambiguus,Ara ambiguus,avibase-8C233878,grgmac,exact
Ara ararauna,Ara ararauna,avibase-18AEC353,baymac,exact
Ara chloropterus,Ara chloropterus,avibase-5DBFB188,ragmac1,exact
Ara glaucogularis,Ara glaucogularis,avibase-EFF095BD,bltmac1,exact
Ara macao,Ara macao,avibase-5B015EDA,scamac1,exact
Ara militaris,Ara militaris,avibase-50C9E950,milmac,exact
Ara severus,Ara severus,avibase-25BE1729,chfmac1,exact
Arachnothera chrysogenys,Arachnothera chrysogenys,avibase-87554DD5,yeespi1,exact
Arachnothera crassirostris,Arachnothera crassirostris,avibase-5C74D7EC,thbspi1,exact
Arachnothera flavigaster,Arachnothera flavigaster,avibase-D33E142C,spespi2,exact
Arachnothera longirostra,Arachnothera longirostra,avibase-B4EF3CAD,litspi1,exact
Arachnothera magna,Arachnothera magna,avibase-3E2ED011,strspi1,exact
Aramides albiventris,Aramides albiventris,avibase-29D34534,runwor1,exact
Aramides axillaris,Aramides axillaris,avibase-4EAFBF4C,rnwrai1,exact
Aramides cajaneus,Aramides cajaneus,avibase-A52752EF,gycwor1,exact
Aramides saracura,Aramides saracura,avibase-AEB80F9B,sbwrai1,exact
Aramides wolfi,Aramides wolfi,avibase-56FEE337,brwrai1,exact
Aramides ypecaha,Aramides ypecaha,avibase-2C9F186F,giwrai1,exact
Aramus guarauna,Aramus guarauna,avibase-5D864313,limpki,exact
Aratinga auricapillus,Aratinga auricapillus,avibase-58CCB269,gocpar2,exact
Aratinga jandaya,Aratinga jandaya,avibase-29F9CF96,janpar1,exact
Aratinga nenday,Aratinga nenday,avibase-8B85CB2C,bkhpar,exact
Aratinga weddellii,Aratinga weddellii,avibase-02C13BB0,duhpar,exact
Arborophila atrogularis,Arborophila atrogularis,avibase-65723342,whcpar1,exact
Arborophila brunneopectus,Arborophila brunneopectus,avibase-B05BB149,babpar1,exact
Arborophila crudigularis,Arborophila crudigularis,avibase-CBDF02F0,taipar1,exact
Arborophila hyperythra,Arborophila hyperythra,avibase-69E98505,rebpar5,exact
Arborophila javanica,Arborophila javanica,avibase-D0F51293,chbpar1,exact
Arborophila mandellii,Arborophila mandellii,avibase-768C2230,chbpar2,exact
Arborophila rufogularis,Arborophila rufogularis,avibase-5CEEFC64,rutpar1,exact
Arborophila torqueola,Arborophila torqueola,avibase-E74469BF,hilpar1,exact
Archilochus alexandri,Archilochus alexandri,avibase-4BB4F257,bkchum,exact
Archilochus colubris,Archilochus colubris,avibase-DEC3D8D0,rthhum,exact
Ardea alba,Ardea alba,avibase-49D9148A,greegr,exact
Ardea cinerea,Ardea cinerea,avibase-6429024D,graher1,exact
Ardea cocoi,Ardea cocoi,avibase-B49AB613,cocher1,exact
Ardea herodias,Ardea herodias,avibase-93694BB5,grbher3,exact
Ardea intermedia,Ardea intermedia,avibase-30785911,integr1,exact
Ardea melanocephala,Ardea melanocephala,avibase-25A648FE,blhher1,exact
Ardea purpurea,Ardea purpurea,avibase-3395DCF1,purher1,exact
Ardea sumatrana,Ardea sumatrana,avibase-9B073071,grbher2,exact
Ardenna bulleri,Ardenna bulleri,avibase-83F9C058,bulshe,exact
Ardenna carneipes,Ardenna carneipes,avibase-08F22F84,flfshe,exact
Ardenna creatopus,Ardenna creatopus,avibase-9A77D2B0,pifshe,exact
Ardenna grisea,Ardenna grisea,avibase-1725B07D,sooshe,exact
Ardenna pacifica,Ardenna pacifica,avibase-E94A7272,wetshe,exact
Ardenna tenuirostris,Ardenna tenuirostris,avibase-60825BF6,shtshe,exact
Ardeola bacchus,Ardeola bacchus,avibase-56292AA8,chpher1,exact
Ardeola grayii,Ardeola grayii,avibase-E5E0B92F,inpher1,exact
Ardeola ralloides,Ardeola ralloides,avibase-CE73EBD7,squher1,exact
Ardeola speciosa,Ardeola speciosa,avibase-CC13DEBE,japher1,exact
Arenaria interpres,Arenaria interpres,avibase-DC3050A9,rudtur,exact
Arenaria melanocephala,Arenaria melanocephala,avibase-0413ED30,blktur,exact
Argusianus argus,Argusianus argus,avibase-F9F6A725,grearg1,exact
Argya affinis,Argya affinis,avibase-A70548E8,yebbab1,exact
Argya caudata,Argya caudata,avibase-310AEDC8,combab3,exact
Argya earlei,Argya earlei,avibase-308AADDB,strbab1,exact
Argya malcolmi,Argya malcolmi,avibase-8EB286E5,lagbab2,exact
Argya striata,Argya striata,avibase-5713B725,junbab2,exact
Argya subrufa,Argya subrufa,avibase-51AADA00,rufbab3,exact
Arizelocichla masukuensis,Arizelocichla masukuensis,avibase-6FC57210,shegre1,exact
Arizelocichla milanjensis,Arizelocichla milanjensis,avibase-8479F56E,stcgre1,exact
Arizelocichla nigriceps,Arizelocichla nigriceps,avibase-FC523946,easmog2,exact
Arremon abeillei,Arremon abeillei,avibase-589AC53A,bkcspa1,exact
Arremon assimilis,Arremon assimilis,avibase-296CB63F,sthbrf8,exact
Arremon atricapillus,Arremon atricapillus,avibase-3772DEC8,sthbrf1,exact
Arremon aurantiirostris,Arremon aurantiirostris,avibase-DDB56D82,orbspa1,exact
Arremon basilicus,Arremon basilicus,avibase-61060774,sthbrf4,exact
Arremon brunneinucha,Arremon brunneinucha,avibase-5A24AF5E,ccbfin,exact
Arremon castaneiceps,Arremon castaneiceps,avibase-095A3BA2,olifin1,exact
Arremon costaricensis,Arremon costaricensis,avibase-F17D47AB,sthbrf3,exact
Arremon crassirostris,Arremon crassirostris,avibase-214F5851,soffin1,exact
Arremon flavirostris,Arremon flavirostris,avibase-98FDE7F4,sabspa1,exact
Arremon franciscanus,Arremon franciscanus,avibase-16D083E9,safspa1,exact
Arremon perijanus,Arremon perijanus,avibase-41B3966D,sthbrf5,exact
Arremon schlegeli,Arremon schlegeli,avibase-A149DC0A,gowspa1,exact
Arremon semitorquatus,Arremon semitorquatus,avibase-401DC20C,hacspa1,exact
Arremon taciturnus,Arremon taciturnus,avibase-A5A38A04,pecspa3,exact
Arremon torquatus,Arremon torquatus,avibase-C6494962,sthbrf2,exact
Arremon virenticeps,Arremon virenticeps,avibase-86466110,gsbfin1,exact
Arremonops chloronotus,Arremonops chloronotus,avibase-8FDDD147,grbspa1,exact
Arremonops conirostris,Arremonops conirostris,avibase-BF9F34F5,blsspa1,exact
Arremonops rufivirgatus,Arremonops rufivirgatus,avibase-EF18C1EC,olispa,exact
Arremonops tocuyensis,Arremonops tocuyensis,avibase-53B7F671,tocspa1,exact
Arses telescopthalmus,Arses telescopthalmus,avibase-8FCA9FAC,frimon1,exact
Artamus cinereus,Artamus cinereus,avibase-DD4B0562,blfwoo1,exact
Artamus cyanopterus,Artamus cyanopterus,avibase-0DA479A1,duswoo1,exact
Artamus fuscus,Artamus fuscus,avibase-D10DF10F,ashwoo2,exact
Artamus leucorynchus,Artamus leucorynchus,avibase-05793C3E,whbwoo4,exact
Artamus personatus,Artamus personatus,avibase-92A5A04D,maswoo1,exact
Artamus superciliosus,Artamus superciliosus,avibase-FC26F2A3,whbwoo5,exact
Artemisiospiza belli,Artemisiospiza belli,avibase-87878948,belspa2,exact
Artemisiospiza nevadensis,Artemisiospiza nevadensis,avibase-55572EBE,sagspa1,exact
Artisornis metopias,Artisornis metopias,avibase-5C5C1A5E,afrtai2,exact
Artisornis moreaui,Artisornis moreaui,avibase-3D67250D,lobtai1,exact
Arundinax aedon,Arundinax aedon,avibase-213C212A,thbwar1,exact
Arundinicola leucocephala,Arundinicola leucocephala,avibase-9C4B6D6D,whmtyr1,exact
Asemospiza fuliginosa,Asemospiza fuliginosa,avibase-F2091EB7,soogra2,exact
Asemospiza obscura,Asemospiza obscura,avibase-E83C7E46,ducgra2,exact
Asio clamator,Asio clamator,avibase-849E5AD2,strowl1,exact
Asio flammeus,Asio flammeus,avibase-8F123A11,sheowl,exact
Asio grammicus,Asio grammicus,avibase-F85D5EC3,jamowl1,exact
Asio otus,Asio otus,avibase-FC4D40D2,loeowl,exact
Asio stygius,Asio stygius,avibase-C1EAF183,styowl1,exact
Aspatha gularis,Aspatha gularis,avibase-720774A8,bltmot1,exact
Asthenes anthoides,Asthenes anthoides,avibase-0C97A2B4,auscan1,exact
Asthenes baeri,Asthenes baeri,avibase-EC1EC2F3,shbcan1,exact
Asthenes coryi,Asthenes coryi,avibase-9F89BDB8,ocbthi1,exact
Asthenes dorbignyi,Asthenes dorbignyi,avibase-95A33B5D,crbcan2,exact
Asthenes flammulata,Asthenes flammulata,avibase-18C02E15,mascan1,exact
Asthenes fuliginosa,Asthenes fuliginosa,avibase-92EDD5BE,whcthi1,exact
Asthenes griseomurina,Asthenes griseomurina,avibase-A2B9B8CE,mocthi1,exact
Asthenes harterti,Asthenes harterti,avibase-B1A9C628,bltthi1,exact
Asthenes helleri,Asthenes helleri,avibase-B87C0D49,punthi1,exact
Asthenes heterura,Asthenes heterura,avibase-03B93C7F,maqcan1,exact
Asthenes hudsoni,Asthenes hudsoni,avibase-858D5EB2,hudcan1,exact
Asthenes humilis,Asthenes humilis,avibase-BD30D5C7,sttcan1,exact
Asthenes maculicauda,Asthenes maculicauda,avibase-826918E3,sctcan1,exact
Asthenes modesta,Asthenes modesta,avibase-FE737644,corcan1,exact
Asthenes moreirae,Asthenes moreirae,avibase-BF71CB3E,itaspi1,exact
Asthenes ottonis,Asthenes ottonis,avibase-D1C92128,rufcan1,exact
Asthenes palpebralis,Asthenes palpebralis,avibase-48C5FC42,eyrthi1,exact
Asthenes perijana,Asthenes perijana,avibase-2EC35E39,perthi1,exact
Asthenes pudibunda,Asthenes pudibunda,avibase-60EFDF36,cancan1,exact
Asthenes pyrrholeuca,Asthenes pyrrholeuca,avibase-500D06A4,shbcan2,exact
Asthenes urubambensis,Asthenes urubambensis,avibase-123469C1,lifcan1,exact
Asthenes virgata,Asthenes virgata,avibase-9957DCA6,juncan1,exact
Asthenes wyatti,Asthenes wyatti,avibase-6B80E64A,stbcan9,exact
Atalotriccus pilaris,Atalotriccus pilaris,avibase-CD3601B0,peptyr1,exact
Atelornis crossleyi,Atelornis crossleyi,avibase-9D600C9B,rhgrol1,exact
Atelornis pittoides,Atelornis pittoides,avibase-D5C06D94,plgrol1,exact
Athene blewitti,Athene blewitti,avibase-DD89F95C,forowl1,exact
Athene brama,Athene brama,avibase-DDE6A352,spoowl1,exact
Athene cunicularia,Athene cunicularia,avibase-B9EE9676,burowl,exact
Athene noctua,Athene noctua,avibase-9A7B268C,litowl1,exact
Athene superciliaris,Athene superciliaris,avibase-8874AA69,whbowl1,exact
Atimastillas flavicollis,Atimastillas flavicollis,avibase-3C8E84A6,yetgre2,exact
Atlapetes albinucha,Atlapetes albinucha,avibase-BED7D8CC,wnbfin1,exact
Atlapetes albofrenatus,Atlapetes albofrenatus,avibase-3D4BB93D,mobfin1,exact
Atlapetes citrinellus,Atlapetes citrinellus,avibase-CB530B1A,ysbfin1,exact
Atlapetes flaviceps,Atlapetes flaviceps,avibase-19C9112F,yehbrf1,exact
Atlapetes fulviceps,Atlapetes fulviceps,avibase-280F5CC1,fhbfin1,exact
Atlapetes fuscoolivaceus,Atlapetes fuscoolivaceus,avibase-313A1403,dhbfin1,exact
Atlapetes latinuchus,Atlapetes latinuchus,avibase-9FE395E9,yebbru2,exact
Atlapetes leucopis,Atlapetes leucopis,avibase-1DCF89A9,wrbfin1,exact
Atlapetes leucopterus,Atlapetes leucopterus,avibase-B46A722B,wwbfin1,exact
Atlapetes melanocephalus,Atlapetes melanocephalus,avibase-71DAB8C3,smbfin1,exact
Atlapetes melanolaemus,Atlapetes melanolaemus,avibase-F0263CAC,bkfbrf1,exact
Atlapetes pallidiceps,Atlapetes pallidiceps,avibase-E350CC20,phbfin1,exact
Atlapetes pallidinucha,Atlapetes pallidinucha,avibase-B4E51F83,pnbfin1,exact
Atlapetes personatus,Atlapetes personatus,avibase-2AFDFA77,tebfin1,exact
Atlapetes pileatus,Atlapetes pileatus,avibase-FB47A4AE,rcbfin1,exact
Atlapetes rufigenis,Atlapetes rufigenis,avibase-B36F4464,rebfin1,exact
Atlapetes rufinucha,Atlapetes rufinucha,avibase-C9C868E0,rnbfin1,exact
Atlapetes schistaceus,Atlapetes schistaceus,avibase-7A6A8753,slabru1,exact
Atlapetes semirufus,Atlapetes semirufus,avibase-22518A82,obbfin1,exact
Atlapetes tibialis,Atlapetes tibialis,avibase-4CB9ABDC,yetfin1,exact
Atlapetes tricolor,Atlapetes tricolor,avibase-7FE52D63,tribrf2,exact
Atrichornis clamosus,Atrichornis clamosus,avibase-D3A5B317,nosbir1,exact
Atrichornis rufescens,Atrichornis rufescens,avibase-EA9FC4C7,rusbir1,exact
Attagis gayi,Attagis gayi,avibase-7C72CD00,rubsee2,exact
Atticora fasciata,Atticora fasciata,avibase-DA652FA1,whbswa2,exact
Atticora pileata,Atticora pileata,avibase-11D863E7,blcswa1,exact
Atticora tibialis,Atticora tibialis,avibase-40A08189,whtswa1,exact
Attila bolivianus,Attila bolivianus,avibase-8DA83B89,ducatt1,exact
Attila cinnamomeus,Attila cinnamomeus,avibase-A6AB77CA,cinatt1,exact
Attila citriniventris,Attila citriniventris,avibase-DE322436,cibatt1,exact
Attila phoenicurus,Attila phoenicurus,avibase-B747569D,rutatt1,exact
Attila rufus,Attila rufus,avibase-727CE8E0,gyhatt1,exact
Attila spadiceus,Attila spadiceus,avibase-BA09A296,brratt1,exact
Attila torridus,Attila torridus,avibase-2896E1DB,ochatt1,exact
Augastes lumachella,Augastes lumachella,avibase-DFFC8C88,hoovis2,exact
Augastes scutatus,Augastes scutatus,avibase-443B3BC2,hyavis1,exact
Aulacorhynchus albivitta,Aulacorhynchus albivitta,avibase-8E12984D,souemt1,exact
Aulacorhynchus coeruleicinctis,Aulacorhynchus coeruleicinctis,avibase-697EA51C,blbtou1,exact
Aulacorhynchus derbianus,Aulacorhynchus derbianus,avibase-D47AF774,chttou3,exact
Aulacorhynchus haematopygus,Aulacorhynchus haematopygus,avibase-23DB8356,crrtou1,exact
Aulacorhynchus prasinus,Aulacorhynchus prasinus,avibase-20DB2669,noremt1,exact
Aulacorhynchus sulcatus,Aulacorhynchus sulcatus,avibase-CE8B2BCA,grbtou1,exact
Auriparus flaviceps,Auriparus flaviceps,avibase-A5EFA84D,verdin,exact
Automolus exsertus,Automolus exsertus,avibase-3083EA83,butfog4,exact
Automolus infuscatus,Automolus infuscatus,avibase-70B85047,obfgle3,exact
Automolus leucophthalmus,Automolus leucophthalmus,avibase-BD05FA71,wefgle1,exact
Automolus melanopezus,Automolus melanopezus,avibase-A1CCBC5B,brfgle1,exact
Automolus ochrolaemus,Automolus ochrolaemus,avibase-9E699193,btfgle1,exact
Automolus paraensis,Automolus paraensis,avibase-B5A44D0A,parfog1,exact
Automolus rufipileatus,Automolus rufipileatus,avibase-BB4AD3F2,ccfgle2,exact
Automolus subulatus,Automolus subulatus,avibase-E9BB1550,strwoo4,exact
Aviceda jerdoni,Aviceda jerdoni,avibase-0C89F1D6,jerbaz1,exact
Aviceda leuphotes,Aviceda leuphotes,avibase-139A5705,blabaz1,exact
Aviceda subcristata,Aviceda subcristata,avibase-010AC994,pacbaz1,exact
Aythya affinis,Aythya affinis,avibase-50566E50,lessca,exact
Aythya americana,Aythya americana,avibase-3072CC16,redhea,exact
Aythya collaris,Aythya collaris,avibase-0783A7EA,rinduc,exact
Aythya ferina,Aythya ferina,avibase-A96692E0,compoc,exact
Aythya fuligula,Aythya fuligula,avibase-67CEA1C1,tufduc,exact
Aythya marila,Aythya marila,avibase-25C94A8F,gresca,exact
Aythya nyroca,Aythya nyroca,avibase-7CF91527,ferduc,exact
Aythya valisineria,Aythya valisineria,avibase-1929E1E1,canvas,exact
Baeolophus atricristatus,Baeolophus atricristatus,avibase-66698D9B,blctit4,exact
Baeolophus bicolor,Baeolophus bicolor,avibase-B488AB70,tuftit,exact
Baeolophus inornatus,Baeolophus inornatus,avibase-715D4DDE,oaktit,exact
Baeolophus ridgwayi,Baeolophus ridgwayi,avibase-E366AB90,juntit1,exact
Baeolophus wollweberi,Baeolophus wollweberi,avibase-4CB87DBB,britit,exact
Baeopogon indicator,Baeopogon indicator,avibase-E6A0D208,hongre1,exact
Balearica regulorum,Balearica regulorum,avibase-D10CAC5D,grccra1,exact
Bambusicola fytchii,Bambusicola fytchii,avibase-A070B7F4,mobpar1,exact
Bambusicola sonorivox,Bambusicola sonorivox,avibase-FAA56C5A,taibap1,exact
Bambusicola thoracicus,Bambusicola thoracicus,avibase-59ECAD9D,chbpar3,exact
Bangsia aureocincta,Bangsia aureocincta,avibase-E6653E57,gortan1,exact
Bangsia edwardsi,Bangsia edwardsi,avibase-5C7EE0EE,mobtan1,exact
Bangsia melanochlamys,Bangsia melanochlamys,avibase-44CDF1D4,bagtan2,exact
Barnardius zonarius,Barnardius zonarius,avibase-0F0DAFFA,polpar1,exact
Bartramia longicauda,Bartramia longicauda,avibase-BF1DA86E,uplsan,exact
Baryphthengus martii,Baryphthengus martii,avibase-435AB47D,rufmot1,exact
Baryphthengus ruficapillus,Baryphthengus ruficapillus,avibase-C2966A66,rucmot2,exact
Basileuterus belli,Basileuterus belli,avibase-BFB6CAFA,gobwar1,exact
Basileuterus culicivorus,Basileuterus culicivorus,avibase-E15EEACD,gcrwar,exact
Basileuterus delattrii,Basileuterus delattrii,avibase-F50F4ACE,rucwar4,exact
Basileuterus lachrymosus,Basileuterus lachrymosus,avibase-C35381D0,fatwar,exact
Basileuterus melanogenys,Basileuterus melanogenys,avibase-D2459CC0,blcwar1,exact
Basileuterus melanotis,Basileuterus melanotis,avibase-1741B8A7,thswar5,exact
Basileuterus rufifrons,Basileuterus rufifrons,avibase-AC24B6B5,rucwar,exact
Basileuterus trifasciatus,Basileuterus trifasciatus,avibase-2B2A04D0,thbwar2,exact
Basileuterus tristriatus,Basileuterus tristriatus,avibase-99E9FFE0,thswar1,exact
Basilinna leucotis,Basilinna leucotis,avibase-D49E0B95,whehum,exact
Batara cinerea,Batara cinerea,avibase-4EADEBB3,giaant2,exact
Bathmocercus rufus,Bathmocercus rufus,avibase-438D0DFF,bkfruw1,exact
Batis capensis,Batis capensis,avibase-9E17E8D0,capbat10,exact
Batis erlangeri,Batis erlangeri,avibase-DF7C8FC5,bkhbat1,exact
Batis mixta,Batis mixta,avibase-D91540DE,shtbat1,exact
Batis molitor,Batis molitor,avibase-C5C38D98,chibat1,exact
Batis orientalis,Batis orientalis,avibase-A6DFFC15,gyhbat1,exact
Batis perkeo,Batis perkeo,avibase-5C9DDB02,pygbat1,exact
Batis pririt,Batis pririt,avibase-982B2C3A,pribat1,exact
Batis soror,Batis soror,avibase-5A58B69A,palbat1,exact
Batrachostomus affinis,Batrachostomus affinis,avibase-30D8DCD5,javfro2,exact
Batrachostomus auritus,Batrachostomus auritus,avibase-9E4E307A,larfro1,exact
Batrachostomus cornutus,Batrachostomus cornutus,avibase-D3AF2371,sunfro1,exact
Batrachostomus hodgsoni,Batrachostomus hodgsoni,avibase-5CB94E3D,hodfro1,exact
Batrachostomus moniliger,Batrachostomus moniliger,avibase-8739173E,ceyfro1,exact
Batrachostomus septimus,Batrachostomus septimus,avibase-360A309E,phifro1,exact
Batrachostomus stellatus,Batrachostomus stellatus,avibase-E325D317,goufro1,exact
Berenicornis comatus,Berenicornis comatus,avibase-89BFB892,whchor2,exact
Berlepschia rikeri,Berlepschia rikeri,avibase-EFEDF665,potpal1,exact
Bernieria madagascariensis,Bernieria madagascariensis,avibase-51FA9111,lobber1,exact
Bias musicus,Bias musicus,avibase-F1A4B955,bawfly1,exact
Biatas nigropectus,Biatas nigropectus,avibase-091D9EB1,whbant2,exact
Biziura lobata,Biziura lobata,avibase-623B61C4,musduc1,exact
Bleda canicapillus,Bleda canicapillus,avibase-D4B9EE90,gyhbri1,exact
Bleda notatus,Bleda notatus,avibase-4F97BFE1,lesbri1,exact
Bleda syndactylus,Bleda syndactylus,avibase-5A94FEAE,combri2,exact
Blythipicus pyrrhotis,Blythipicus pyrrhotis,avibase-1A1E0E53,baywoo1,exact
Blythipicus rubiginosus,Blythipicus rubiginosus,avibase-9D8AAF5D,marwoo1,exact
Boissonneaua flavescens,Boissonneaua flavescens,avibase-8DA07483,butcor1,exact
Boissonneaua jardini,Boissonneaua jardini,avibase-1A8C5D44,vepcor1,exact
Boissonneaua matthewsii,Boissonneaua matthewsii,avibase-AF91A813,chbcor1,exact
Bolbopsittacus lunulatus,Bolbopsittacus lunulatus,avibase-E56BBA80,guaiab1,exact
Bolborhynchus lineola,Bolborhynchus lineola,avibase-0AD53589,barpar1,exact
Bolborhynchus orbygnesius,Bolborhynchus orbygnesius,avibase-145BB516,andpar1,exact
Bolemoreus frenatus,Bolemoreus frenatus,avibase-565AF493,brihon1,exact
Bombycilla cedrorum,Bombycilla cedrorum,avibase-9437D635,cedwax,exact
Bombycilla garrulus,Bombycilla garrulus,avibase-AEF821EC,bohwax,exact
Bombycilla japonica,Bombycilla japonica,avibase-F13AA87F,japwax1,exact
Bonasa umbellus,Bonasa umbellus,avibase-6D2B5CDA,rufgro,exact
Bostrychia carunculata,Bostrychia carunculata,avibase-AC5B7A01,watibi1,exact
Bostrychia hagedash,Bostrychia hagedash,avibase-CAFBA217,hadibi1,exact
Botaurus lentiginosus,Botaurus lentiginosus,avibase-13E9F9B4,amebit,exact
Botaurus stellaris,Botaurus stellaris,avibase-0F42F11A,grebit1,exact
Brachygalba albogularis,Brachygalba albogularis,avibase-D4AF382C,whtjac1,exact
Brachygalba lugubris,Brachygalba lugubris,avibase-8B22F11F,brojac2,exact
Brachypodius eutilotus,Microtarsus eutilotus,avibase-E11E7986,pubbul1,clements_english
Brachypodius melanocephalos,Microtarsus melanocephalos,avibase-C72EC8C8,blhbul1,clements_english
Brachypodius melanoleucos,Microtarsus melanoleucos,avibase-B36D1FAC,bawbul2,clements_english
Brachypodius priocephalus,Microtarsus priocephalus,avibase-D370538F,gyhbul1,clements_english
Brachypodius urostictus,Microtarsus urostictus,avibase-58147836,yewbul1,clements_english
Brachypteryx cruralis,Brachypteryx cruralis,avibase-0C0078A7,whbsho4,exact
Brachypteryx goodfellowi,Brachypteryx goodfellowi,avibase-66A4C6BB,whbsho6,exact
Brachypteryx hyperythra,Brachypteryx hyperythra,avibase-E1BA4929,rubsho1,exact
Brachypteryx leucophris,Brachypteryx leucophris,avibase-26ACC9A5,lessho1,exact
Brachypteryx montana,Brachypteryx montana,avibase-98AF741E,whbsho10,exact
Brachyramphus marmoratus,Brachyramphus marmoratus,avibase-31557374,marmur,exact
Bradornis microrhynchus,Bradornis microrhynchus,avibase-E281D783,afgfly1,exact
Bradypterus baboecala,Bradypterus baboecala,avibase-ED9EE880,afbwar1,exact
Bradypterus barratti,Bradypterus barratti,avibase-6A8A9135,afswar1,exact
Bradypterus brunneus,Bradypterus brunneus,avibase-D9721DB9,bretai1,exact
Bradypterus carpalis,Bradypterus carpalis,avibase-8CA1A851,wwswar1,exact
Bradypterus cinnamomeus,Bradypterus cinnamomeus,avibase-523913AE,cibwar1,exact
Bradypterus lopezi,Bradypterus lopezi,avibase-8160D091,camscw1,exact
Bradypterus sylvaticus,Bradypterus sylvaticus,avibase-D4F0437E,knswar1,exact
Branta bernicla,Branta bernicla,avibase-3E04020B,brant,exact
Branta canadensis,Branta canadensis,avibase-B59E1863,cangoo,exact
Branta hutchinsii,Branta hutchinsii,avibase-60214D49,cacgoo1,exact
Branta leucopsis,Branta leucopsis,avibase-3163ED86,bargoo,exact
Branta sandvicensis,Branta sandvicensis,avibase-EDB18078,hawgoo,exact
Brotogeris chiriri,Brotogeris chiriri,avibase-1FEC3F95,yecpar,exact
Brotogeris chrysoptera,Brotogeris chrysoptera,avibase-ECE896E2,gowpar2,exact
Brotogeris cyanoptera,Brotogeris cyanoptera,avibase-14FCAD62,cowpar1,exact
Brotogeris jugularis,Brotogeris jugularis,avibase-C360AA2F,orcpar,exact
Brotogeris pyrrhoptera,Brotogeris pyrrhoptera,avibase-E8B22F41,gycpar1,exact
Brotogeris sanctithomae,Brotogeris sanctithomae,avibase-0223FDB1,tuipar1,exact
Brotogeris tirica,Brotogeris tirica,avibase-09ABF606,plapar1,exact
Brotogeris versicolurus,Brotogeris versicolurus,avibase-B42BCB40,whwpar,exact
Bubalornis albirostris,Bubalornis albirostris,avibase-864D4A4F,wbbwea1,exact
Bubalornis niger,Bubalornis niger,avibase-9EB53638,rbbwea1,exact
Bubo africanus,Bubo africanus,avibase-DC8CC91D,spoeao2,exact
Bubo bengalensis,Bubo bengalensis,avibase-C4D3F66E,roeowl1,exact
Bubo bubo,Bubo bubo,avibase-5516AEB3,eueowl1,exact
Bubo coromandus,Ketupa coromanda,avibase-15789B6D,dueowl1,clements_english
Bubo lacteus,Ketupa lactea,avibase-EBD3129B,veeowl1,clements_english
Bubo nipalensis,Ketupa nipalensis,avibase-F5EBAA64,sbeowl1,clements_english
Bubo scandiacus,Bubo scandiacus,avibase-5B23B360,snoowl1,exact
Bubo sumatranus,Ketupa sumatrana,avibase-D84BD94B,baeowl1,clements_english
Bubo virginianus,Bubo virginianus,avibase-FC366114,grhowl,exact
Bubulcus ibis,Ardea coromanda,avibase-0653A8AD,categr2,override
Bucanetes githagineus,Bucanetes githagineus,avibase-8049F707,trufin2,exact
Buccanodon duchaillui,Buccanodon duchaillui,avibase-56790B57,yesbar1,exact
Bucco capensis,Bucco capensis,avibase-6D419BE7,colpuf1,exact
Bucco macrodactylus,Bucco macrodactylus,avibase-C22326DF,chcpuf1,exact
Bucco tamatia,Bucco tamatia,avibase-EE7CBD36,spopuf1,exact
Bucephala albeola,Bucephala albeola,avibase-FB738385,buffle,exact
Bucephala clangula,Bucephala clangula,avibase-68EA281A,comgol,exact
Bucephala islandica,Bucephala islandica,avibase-9456DEDF,bargol,exact
Buceros bicornis,Buceros bicornis,avibase-A9D587B9,grehor1,exact
Buceros hydrocorax,Buceros hydrocorax,avibase-4AE2B146,rufhor1,exact
Buceros rhinoceros,Buceros rhinoceros,avibase-0D3D9303,rhihor1,exact
Buceros vigil,Rhinoplax vigil,avibase-88CDFD67,helhor1,clements_english
Bucorvus leadbeateri,Bucorvus leadbeateri,avibase-4192DE77,soghor1,exact
Bulweria bulwerii,Bulweria bulwerii,avibase-058773E4,bulpet,exact
Buphagus africanus,Buphagus africanus,avibase-5D970425,yeboxp1,exact
Buphagus erythrorynchus,Buphagus erythroryncha,avibase-7471E71D,reboxp1,clements_english
Burhinus bistriatus,Hesperoburhinus bistriatus,avibase-984EC0A0,dstkne,clements_english
Burhinus capensis,Burhinus capensis,avibase-862F6F04,sptkne1,exact
Burhinus grallarius,Burhinus grallarius,avibase-C61A821B,butkne1,exact
Burhinus indicus,Burhinus indicus,avibase-89404B93,indthk1,exact
Burhinus oedicnemus,Burhinus oedicnemus,avibase-C7DB323E,eutkne1,exact
Burhinus senegalensis,Burhinus senegalensis,avibase-85DF723B,setkne1,exact
Burhinus superciliaris,Hesperoburhinus superciliaris,avibase-B3DA97E9,petkne1,clements_english
Burhinus vermiculatus,Burhinus vermiculatus,avibase-96CCAFEE,watkne1,exact
Busarellus nigricollis,Busarellus nigricollis,avibase-37148B74,blchaw1,exact
Butastur indicus,Butastur indicus,avibase-2E1D79FE,gyfbuz1,exact
Butastur teesa,Butastur teesa,avibase-868CD246,whebuz1,exact
Buteo albigula,Buteo albigula,avibase-B7DB09E8,whthaw1,exact
Buteo albonotatus,Buteo albonotatus,avibase-597D7DD6,zothaw,exact
Buteo augur,Buteo augur,avibase-EBDC03AA,augbuz2,exact
Buteo brachypterus,Buteo brachypterus,avibase-5CA7B50A,madbuz1,exact
Buteo brachyurus,Buteo brachyurus,avibase-81463CC0,shthaw,exact
Buteo buteo,Buteo buteo,avibase-3C0C325D,combuz1,exact
Buteo jamaicensis,Buteo jamaicensis,avibase-536A5157,rethaw,exact
Buteo japonicus,Buteo japonicus,avibase-3895BE56,combuz6,exact
Buteo lagopus,Buteo lagopus,avibase-90B13ACF,rolhaw,exact
Buteo lineatus,Buteo lineatus,avibase-EA4D6C0B,reshaw,exact
Buteo nitidus,Buteo nitidus,avibase-4ECE179D,gryhaw3,exact
Buteo oreophilus,Buteo oreophilus,avibase-5BFEFD9A,moubuz2,exact
Buteo plagiatus,Buteo plagiatus,avibase-943AA4FB,gryhaw2,exact
Buteo platypterus,Buteo platypterus,avibase-79F3C681,brwhaw,exact
Buteo regalis,Buteo regalis,avibase-BA9191BC,ferhaw,exact
Buteo ridgwayi,Buteo ridgwayi,avibase-AE294FD9,ridhaw1,exact
Buteo solitarius,Buteo solitarius,avibase-7B3AB998,hawhaw,exact
Buteo swainsoni,Buteo swainsoni,avibase-DE473F42,swahaw,exact
Buteogallus anthracinus,Buteogallus anthracinus,avibase-97FDBB06,comblh1,exact
Buteogallus coronatus,Buteogallus coronatus,avibase-ABDAC20A,croeag1,exact
Buteogallus meridionalis,Buteogallus meridionalis,avibase-BAA762A5,savhaw1,exact
Buteogallus schistaceus,Buteogallus schistaceus,avibase-B2A7EC84,slchaw2,exact
Buteogallus solitarius,Buteogallus solitarius,avibase-5C9AF2BE,soleag1,exact
Buteogallus urubitinga,Buteogallus urubitinga,avibase-EE908632,grbhaw1,exact
Buthraupis montana,Buthraupis montana,avibase-B2725161,homtan1,exact
Butorides striata,Butorides striata,avibase-67ADD2E3,strher2,exact
Butorides virescens,Butorides virescens,avibase-86D45B8F,grnher,exact
Bycanistes albotibialis,Bycanistes albotibialis,avibase-2F7DCF91,whthor1,exact
Bycanistes brevis,Bycanistes brevis,avibase-5350D0E8,sichor1,exact
Bycanistes bucinator,Bycanistes bucinator,avibase-3A4D2B44,truhor1,exact
Bycanistes fistulator,Bycanistes fistulator,avibase-2AAFDD00,piphor1,exact
Bycanistes subcylindricus,Bycanistes subcylindricus,avibase-02428AC1,bawhor2,exact
Cacatua alba,Cacatua alba,avibase-AF71785D,whicoc1,exact
Cacatua ducorpsii,Cacatua ducorpsii,avibase-D238FDA1,duccoc1,exact
Cacatua galerita,Cacatua galerita,avibase-3F907C52,succoc,exact
Cacatua goffiniana,Cacatua goffiniana,avibase-67EE6F84,tancoc1,exact
Cacatua sanguinea,Cacatua sanguinea,avibase-5F5EBCF5,litcor2,exact
Cacatua tenuirostris,Cacatua tenuirostris,avibase-F2A2FB6A,lobcor1,exact
Cacicus cela,Cacicus cela,avibase-EC71EBAC,yercac1,exact
Cacicus chrysonotus,Cacicus chrysonotus,avibase-4663E94B,moucac1,exact
Cacicus chrysopterus,Cacicus chrysopterus,avibase-F2510641,gowcac1,exact
Cacicus haemorrhous,Cacicus haemorrhous,avibase-020E6199,rercac1,exact
Cacicus latirostris,Cacicus latirostris,avibase-E3289E7B,batoro1,exact
Cacicus oseryi,Cacicus oseryi,avibase-408714DF,casoro2,exact
Cacicus solitarius,Cacicus solitarius,avibase-FF72F24A,sobcac1,exact
Cacicus uropygialis,Cacicus uropygialis,avibase-73399D4E,scrcac1,exact
Cacomantis castaneiventris,Cacomantis castaneiventris,avibase-26360764,chbcuc3,exact
Cacomantis flabelliformis,Cacomantis flabelliformis,avibase-D86848D4,fatcuc1,exact
Cacomantis merulinus,Cacomantis merulinus,avibase-54089C78,placuc1,exact
Cacomantis pallidus,Heteroscenes pallidus,avibase-D2B68684,palcuc1,clements_english
Cacomantis passerinus,Cacomantis passerinus,avibase-84D36C76,placuc3,exact
Cacomantis sonneratii,Cacomantis sonneratii,avibase-9E932BD4,babcuc2,exact
Cacomantis variolosus,Cacomantis variolosus,avibase-69D823F2,brucuc3,exact
Cairina moschata,Cairina moschata,avibase-8DE14046,musduc,exact
Calamanthus fuliginosus,Calamanthus fuliginosus,avibase-4F4CA5E6,strfie1,exact
Calamonastes fasciolatus,Calamonastes fasciolatus,avibase-A3265EBB,bawwar1,exact
Calamonastes simplex,Calamonastes simplex,avibase-0195CFDD,grywrw1,exact
Calamonastes stierlingi,Calamonastes stierlingi,avibase-13F7A4F9,miowrw3,exact
Calamospiza melanocorys,Calamospiza melanocorys,avibase-938C5572,larbun,exact
Calandrella acutirostris,Calandrella acutirostris,avibase-B50B0E47,humlar1,exact
Calandrella brachydactyla,Calandrella brachydactyla,avibase-4091A51E,gstlar1,exact
Calandrella cinerea,Calandrella cinerea,avibase-FCDA4F09,reclar1,exact
Calandrella dukhunensis,Calandrella dukhunensis,avibase-B9808769,sstlar4,exact
Calcarius lapponicus,Calcarius lapponicus,avibase-3534E4CE,laplon,exact
Calcarius ornatus,Calcarius ornatus,avibase-B64C1B1D,chclon,exact
Calcarius pictus,Calcarius pictus,avibase-D307C9A0,smilon,exact
Calendulauda africanoides,Calendulauda africanoides,avibase-A990EB0B,faclar8,exact
Calendulauda albescens,Calendulauda albescens,avibase-DD338581,karlar2,exact
Calendulauda poecilosterna,Calendulauda poecilosterna,avibase-99F447AD,piblar3,exact
Calendulauda sabota,Calendulauda sabota,avibase-DC38D1DA,sablar2,exact
Calicalicus madagascariensis,Calicalicus madagascariensis,avibase-1C857735,retvan1,exact
Calidris acuminata,Calidris acuminata,avibase-A0A67A81,shtsan,exact
Calidris alba,Calidris alba,avibase-06B9BD24,sander,exact
Calidris alpina,Calidris alpina,avibase-15369E8E,dunlin,exact
Calidris bairdii,Calidris bairdii,avibase-1F1AD154,baisan,exact
Calidris canutus,Calidris canutus,avibase-B5CE8FAD,redkno,exact
Calidris falcinellus,Calidris falcinellus,avibase-0A14882F,brbsan,exact
Calidris ferruginea,Calidris ferruginea,avibase-143A681C,cursan,exact
Calidris fuscicollis,Calidris fuscicollis,avibase-153BA306,whrsan,exact
Calidris himantopus,Calidris himantopus,avibase-ECDE73F2,stisan,exact
Calidris maritima,Calidris maritima,avibase-0A0B8431,pursan,exact
Calidris mauri,Calidris mauri,avibase-01060BFD,wessan,exact
Calidris melanotos,Calidris melanotos,avibase-ACC99F35,pecsan,exact
Calidris minuta,Calidris minuta,avibase-9936FF4A,litsti,exact
Calidris minutilla,Calidris minutilla,avibase-A47B0BD4,leasan,exact
Calidris ptilocnemis,Calidris ptilocnemis,avibase-C5971E25,rocsan,exact
Calidris pugnax,Calidris pugnax,avibase-2DABF98F,ruff,exact
Calidris pusilla,Calidris pusilla,avibase-F35821AA,semsan,exact
Calidris pygmaea,Calidris pygmaea,avibase-3FC8CA50,spbsan1,exact
Calidris ruficollis,Calidris ruficollis,avibase-BBDF2F1B,rensti,exact
Calidris subminuta,Calidris subminuta,avibase-7D629288,lotsti,exact
Calidris subruficollis,Calidris subruficollis,avibase-3A3C62BC,bubsan,exact
Calidris temminckii,Calidris temminckii,avibase-5ACF7FB3,temsti,exact
Calidris tenuirostris,Calidris tenuirostris,avibase-09C51FA9,grekno,exact
Calidris virgata,Calidris virgata,avibase-11CF8C9A,surfbi,exact
Caligavis chrysops,Caligavis chrysops,avibase-C6170551,yefhon1,exact
Caligavis subfrenata,Caligavis subfrenata,avibase-E2D03884,blthon1,exact
Callacanthis burtoni,Callacanthis burtoni,avibase-0134A6D7,spefin1,exact
Callaeas wilsoni,Callaeas wilsoni,avibase-ED48C659,kokako3,exact
Calliope calliope,Calliope calliope,avibase-786B0F98,sibrub,exact
Calliope pectardens,Calliope pectardens,avibase-AD2D6B14,fireth1,exact
Calliope pectoralis,Calliope pectoralis,avibase-95418926,himrub1,exact
Calliope tschebaiewi,Calliope tschebaiewi,avibase-157C8A98,chirub1,exact
Callipepla californica,Callipepla californica,avibase-F93AC929,calqua,exact
Callipepla douglasii,Callipepla douglasii,avibase-71FBF8D4,elequa,exact
Callipepla gambelii,Callipepla gambelii,avibase-C1ED9F86,gamqua,exact
Callipepla squamata,Callipepla squamata,avibase-C46EEE59,scaqua,exact
Callocephalon fimbriatum,Callocephalon fimbriatum,avibase-49394DD2,gagcoc1,exact
Calocitta colliei,Cyanocorax colliei,avibase-0E51C3D5,btmjay,clements_english
Calocitta formosa,Cyanocorax formosus,avibase-F0B23CDA,wtmjay1,clements_english
Calonectris diomedea,Calonectris diomedea,avibase-CA4D268D,scoshe1,exact
Caloramphus fuliginosus,Caloramphus fuliginosus,avibase-F1D6E36C,brnbar2,exact
Calothorax lucifer,Calothorax lucifer,avibase-AB658C2D,luchum,exact
Calypte anna,Calypte anna,avibase-42393721,annhum,exact
Calypte costae,Calypte costae,avibase-145F1116,coshum,exact
Calyptomena viridis,Calyptomena viridis,avibase-0E127F06,grebro1,exact
Calyptomena whiteheadi,Calyptomena whiteheadi,avibase-406E9C46,whibro1,exact
Calyptophilus frugivorus,Calyptophilus frugivorus,avibase-FD0EC029,eactan1,exact
Calyptophilus tertius,Calyptophilus tertius,avibase-2C4E4A3C,wectan1,exact
Calyptorhynchus banksii,Calyptorhynchus banksii,avibase-122372C7,rtbcoc1,exact
Calyptorhynchus funereus,Zanda funerea,avibase-E6DFA707,ytbcoc1,clements_english
Calyptorhynchus lathami,Calyptorhynchus lathami,avibase-D090A8A4,glbcoc1,exact
Calyptorhynchus latirostris,Zanda latirostris,avibase-B933D557,slbblc1,clements_english
Camaroptera brachyura,Camaroptera brachyura,avibase-DC456636,grbcam1,exact
Camaroptera chloronota,Camaroptera chloronota,avibase-65393B92,olgcam1,exact
Camaroptera superciliaris,Camaroptera superciliaris,avibase-63220C79,yebcam1,exact
Campephaga flava,Campephaga flava,avibase-F9031A09,blkcus1,exact
Campephaga quiscalina,Campephaga quiscalina,avibase-37D0D696,putcus1,exact
Campephilus gayaquilensis,Campephilus gayaquilensis,avibase-D0DF9B45,guawoo2,exact
Campephilus guatemalensis,Campephilus guatemalensis,avibase-A208D32B,pabwoo1,exact
Campephilus haematogaster,Campephilus haematogaster,avibase-C38B9F80,crbwoo5,exact
Campephilus leucopogon,Campephilus leucopogon,avibase-53C302B5,crbwoo2,exact
Campephilus magellanicus,Campephilus magellanicus,avibase-1E4B6E75,magwoo1,exact
Campephilus melanoleucos,Campephilus melanoleucos,avibase-E34138C6,crcwoo1,exact
Campephilus pollens,Campephilus pollens,avibase-7AD8B036,powwoo1,exact
Campephilus robustus,Campephilus robustus,avibase-0C14127E,robwoo1,exact
Campephilus rubricollis,Campephilus rubricollis,avibase-D7602D52,renwoo1,exact
Campethera abingoni,Campethera abingoni,avibase-CD2F7C98,gotwoo1,exact
Campethera cailliautii,Campethera maculosa,avibase-BD7C4F70,grbwoo2,clements_english
Campethera mombassica,Campethera mombassica,avibase-BA63C545,momwoo1,exact
Campethera nubica,Campethera nubica,avibase-70170649,nubwoo1,exact
Camptostoma imberbe,Camptostoma imberbe,avibase-FD5DACEE,nobtyr,exact
Camptostoma obsoletum,Camptostoma obsoletum,avibase-FE36D76B,sobtyr1,exact
Campylopterus falcatus,Campylopterus falcatus,avibase-D6C1978F,lazsab1,exact
Campylopterus hemileucurus,Campylopterus hemileucurus,avibase-66CE8345,viosab1,exact
Campylopterus largipennis,Campylopterus largipennis,avibase-6EF5884B,gybsab1,exact
Campylorhamphus falcularius,Campylorhamphus falcularius,avibase-3BDB5DE7,blbscy1,exact
Campylorhamphus procurvoides,Campylorhamphus procurvoides,avibase-CD437B3E,cubscy1,exact
Campylorhamphus pusillus,Campylorhamphus pusillus,avibase-D285B68F,brbscy1,exact
Campylorhamphus trochilirostris,Campylorhamphus trochilirostris,avibase-D5961A8E,rebscy1,exact
Campylorhynchus albobrunneus,Campylorhynchus albobrunneus,avibase-75EAF2CA,whhwre1,exact
Campylorhynchus brunneicapillus,Campylorhynchus brunneicapillus,avibase-891F222F,cacwre,exact
Campylorhynchus chiapensis,Campylorhynchus chiapensis,avibase-ECCBDBAF,giawre1,exact
Campylorhynchus fasciatus,Campylorhynchus fasciatus,avibase-07DBD2B4,faswre1,exact
Campylorhynchus griseus,Campylorhynchus griseus,avibase-EBFB7E8D,bicwre1,exact
Campylorhynchus gularis,Campylorhynchus gularis,avibase-B77A0E9A,spowre1,exact
Campylorhynchus jocosus,Campylorhynchus jocosus,avibase-D2879DA9,bouwre1,exact
Campylorhynchus megalopterus,Campylorhynchus megalopterus,avibase-5AEBD293,grbwre1,exact
Campylorhynchus nuchalis,Campylorhynchus nuchalis,avibase-5987A3C3,stbwre2,exact
Campylorhynchus rufinucha,Campylorhynchus rufinucha,avibase-5C021745,runwre2,exact
Campylorhynchus turdinus,Campylorhynchus turdinus,avibase-49145364,thlwre1,exact
Campylorhynchus yucatanicus,Campylorhynchus yucatanicus,avibase-CD80E82E,yucwre1,exact
Campylorhynchus zonatus,Campylorhynchus zonatus,avibase-DA03B16F,babwre1,exact
Canachites canadensis,Canachites canadensis,avibase-4BCA4FFF,sprgro,exact
Cantorchilus elutus,Cantorchilus elutus,avibase-B5E5DF75,istwre1,exact
Cantorchilus guarayanus,Cantorchilus guarayanus,avibase-9CC8A7D9,fabwre1,exact
Cantorchilus leucopogon,Cantorchilus leucopogon,avibase-6CD673F3,sttwre1,exact
Cantorchilus leucotis,Cantorchilus leucotis,avibase-DF6E7F1C,bubwre1,exact
Cantorchilus longirostris,Cantorchilus longirostris,avibase-8966445C,lobwre1,exact
Cantorchilus modestus,Cantorchilus modestus,avibase-29FC8105,plawre1,exact
Cantorchilus nigricapillus,Cantorchilus nigricapillus,avibase-8F45CD3F,baywre1,exact
Cantorchilus semibadius,Cantorchilus semibadius,avibase-085440D8,rivwre1,exact
Cantorchilus superciliaris,Cantorchilus superciliaris,avibase-18C1675B,supwre1,exact
Cantorchilus thoracicus,Cantorchilus thoracicus,avibase-535B0642,stbwre1,exact
Cantorchilus zeledoni,Cantorchilus zeledoni,avibase-5993D0AB,plawre3,exact
Capito auratus,Capito auratus,avibase-6F0D3DCD,gilbar1,exact
Capito aurovirens,Capito aurovirens,avibase-0E2B41D8,sccbar1,exact
Capito dayi,Capito dayi,avibase-26159E52,blgbar1,exact
Capito hypoleucus,Capito hypoleucus,avibase-9DA6DE60,whmbar1,exact
Capito niger,Capito niger,avibase-59156D53,blsbar1,exact
Capito quinticolor,Capito quinticolor,avibase-D05AA6D7,ficbar1,exact
Capito squamatus,Capito squamatus,avibase-5A6490E2,orfbar1,exact
Capito wallacei,Capito wallacei,avibase-6C140C83,scbbar2,exact
Caprimulgus affinis,Caprimulgus affinis,avibase-50EDFCF2,savnig1,exact
Caprimulgus asiaticus,Caprimulgus asiaticus,avibase-65D4C83B,indnig1,exact
Caprimulgus atripennis,Caprimulgus atripennis,avibase-FAFED39C,jernig1,exact
Caprimulgus clarus,Caprimulgus clarus,avibase-54494BCE,sltnig1,exact
Caprimulgus climacurus,Caprimulgus climacurus,avibase-A20EA34D,lotnig1,exact
Caprimulgus europaeus,Caprimulgus europaeus,avibase-80D4B0FE,eurnig1,exact
Caprimulgus fossii,Caprimulgus fossii,avibase-4FD242D0,sqtnig1,exact
Caprimulgus indicus,Caprimulgus indicus,avibase-5FF16559,grynig2,exact
Caprimulgus jotaka,Caprimulgus jotaka,avibase-7A2734EB,grynig1,exact
Caprimulgus macrurus,Caprimulgus macrurus,avibase-04DDADF0,latnig2,exact
Caprimulgus madagascariensis,Caprimulgus madagascariensis,avibase-0F8EB10D,madnig1,exact
Caprimulgus manillensis,Caprimulgus manillensis,avibase-9D246A37,phinig1,exact
Caprimulgus natalensis,Caprimulgus natalensis,avibase-52E6406E,swanig1,exact
Caprimulgus pectoralis,Caprimulgus pectoralis,avibase-7E3578A2,finnig1,exact
Caprimulgus poliocephalus,Caprimulgus poliocephalus,avibase-FB96690D,monnig1,exact
Caprimulgus ruficollis,Caprimulgus ruficollis,avibase-6CC3D04B,rennig1,exact
Caprimulgus rufigena,Caprimulgus rufigena,avibase-05E2FB2A,rucnig1,exact
Caprimulgus tristigma,Caprimulgus tristigma,avibase-E3C780D6,frenig1,exact
Capsiempis flaveola,Capsiempis flaveola,avibase-C4D2BEC1,yeltyr1,exact
Caracara plancus,Caracara plancus,avibase-CFED276F,y00678,exact
Cardellina canadensis,Cardellina canadensis,avibase-F2D675AF,canwar,exact
Cardellina pusilla,Cardellina pusilla,avibase-1F09CCCC,wlswar,exact
Cardellina rubra,Cardellina rubra,avibase-EA8F2DDC,redwar1,exact
Cardellina rubrifrons,Cardellina rubrifrons,avibase-B18D3F08,refwar,exact
Cardellina versicolor,Cardellina versicolor,avibase-5AA39FDF,pihwar1,exact
Cardinalis cardinalis,Cardinalis cardinalis,avibase-4E74AE22,norcar,exact
Cardinalis phoeniceus,Cardinalis phoeniceus,avibase-5FAF3F1B,vercar1,exact
Cardinalis sinuatus,Cardinalis sinuatus,avibase-DE21A6BE,pyrrhu,exact
Carduelis carduelis,Carduelis carduelis,avibase-59353A05,eurgol,exact
Carduelis citrinella,Carduelis citrinella,avibase-039E0011,citfin1,exact
Carduelis corsicana,Carduelis corsicana,avibase-E2BF60CF,corfin1,exact
Cariama cristata,Cariama cristata,avibase-5817C5F7,relser1,exact
Carpococcyx radiceus,Carpococcyx radiceus,avibase-24128162,bogcuc1,exact
Carpococcyx renauldi,Carpococcyx renauldi,avibase-15594C17,cbgcuc1,exact
Carpodacus dubius,Carpodacus dubius,avibase-F048220F,cwbros1,exact
Carpodacus erythrinus,Carpodacus erythrinus,avibase-3A713345,comros,exact
Carpodacus puniceus,Carpodacus puniceus,avibase-261F5C16,refros1,exact
Carpodacus rodochroa,Carpodacus rodochroa,avibase-0D592D10,pibros2,exact
Carpodacus rubicilla,Carpodacus rubicilla,avibase-7621E1A6,greros1,exact
Carpodacus rubicilloides,Carpodacus rubicilloides,avibase-D3FBD80B,strros1,exact
Carpodacus sibiricus,Carpodacus sibiricus,avibase-463680BF,lotros1,exact
Carpodacus synoicus,Carpodacus synoicus,avibase-8F36D663,sinros1,exact
Carpodacus thura,Carpodacus thura,avibase-8B4F255E,whbros1,exact
Carpornis cucullata,Carpornis cucullata,avibase-CCD58E2A,hoober2,exact
Carpornis melanocephala,Carpornis melanocephala,avibase-BDB6EEE0,bkhber1,exact
Carpospiza brachydactyla,Carpospiza brachydactyla,avibase-B1A5B22C,palroc1,exact
Carterornis chrysomela,Carterornis chrysomela,avibase-6778547A,golmon1,exact
Carterornis leucotis,Carterornis leucotis,avibase-D8AF3430,whemon1,exact
Carterornis pileatus,Carterornis pileatus,avibase-1EE395CD,whnmon1,exact
Caryothraustes canadensis,Caryothraustes canadensis,avibase-0239BBFC,yeggro1,exact
Caryothraustes poliogaster,Caryothraustes poliogaster,avibase-148C2DD2,blfgro1,exact
Casiornis rufus,Casiornis rufus,avibase-B172A418,rufcas2,exact
Cassiculus melanicterus,Cassiculus melanicterus,avibase-B966FC72,yewcac1,exact
Casuarius casuarius,Casuarius casuarius,avibase-8B9D93D8,soucas1,exact
Catamblyrhynchus diadema,Catamblyrhynchus diadema,avibase-D8AD3D11,plushc1,exact
Catamenia analis,Catamenia analis,avibase-19B4343A,batsee1,exact
Catamenia homochroa,Catamenia homochroa,avibase-2143C9BF,parsee1,exact
Catamenia inornata,Catamenia inornata,avibase-830AC9D2,plcsee1,exact
Cathartes aura,Cathartes aura,avibase-36B3872D,turvul,exact
Catharus aurantiirostris,Catharus aurantiirostris,avibase-7FC3681F,obnthr1,exact
Catharus bicknelli,Catharus bicknelli,avibase-5E1BED9D,bicthr,exact
Catharus dryas,Catharus dryas,avibase-17697D12,spnthr1,exact
Catharus frantzii,Catharus frantzii,avibase-AE3380AF,rcnthr1,exact
Catharus fuscater,Catharus fuscater,avibase-345A1B6E,sbnthr1,exact
Catharus fuscescens,Catharus fuscescens,avibase-0B8F4EE6,veery,exact
Catharus gracilirostris,Catharus gracilirostris,avibase-CB874866,bbnthr1,exact
Catharus guttatus,Catharus guttatus,avibase-B01E8BD4,herthr,exact
Catharus maculatus,Catharus maculatus,avibase-3CC53D26,sponit2,exact
Catharus mexicanus,Catharus mexicanus,avibase-259F7A06,bhnthr1,exact
Catharus minimus,Catharus minimus,avibase-B904BB22,gycthr,exact
Catharus occidentalis,Catharus occidentalis,avibase-EFA53F7D,runthr1,exact
Catharus ustulatus,Catharus ustulatus,avibase-E53FC25C,swathr,exact
Catherpes mexicanus,Catherpes mexicanus,avibase-EAD14427,canwre,exact
Catreus wallichii,Catreus wallichii,avibase-BCF98F51,chephe1,exact
Cecropis abyssinica,Cecropis abyssinica,avibase-5ACC908D,lessts1,exact
Cecropis cucullata,Cecropis cucullata,avibase-3160A924,grests1,exact
Cecropis daurica,Cecropis daurica,avibase-6FE118C6,y00621,exact
Cecropis semirufa,Cecropis semirufa,avibase-958F4A5E,rucswa2,exact
Celeus castaneus,Celeus castaneus,avibase-D354005F,chcwoo1,exact
Celeus elegans,Celeus elegans,avibase-9DD65284,chewoo2,exact
Celeus flavescens,Celeus flavescens,avibase-CF5A6539,blcwoo4,exact
Celeus flavus,Celeus flavus,avibase-2186DAF5,crcwoo2,exact
Celeus galeatus,Celeus galeatus,avibase-469C98FC,helwoo1,exact
Celeus loricatus,Celeus loricatus,avibase-9556A2DB,cinwoo1,exact
Celeus lugubris,Celeus lugubris,avibase-5C444ECB,pacwoo1,exact
Celeus obrieni,Celeus obrieni,avibase-0C9C4584,caawoo1,exact
Celeus ochraceus,Celeus ochraceus,avibase-DF220B1F,blcwoo5,exact
Celeus spectabilis,Celeus spectabilis,avibase-BC618F4B,ruhwoo1,exact
Celeus torquatus,Celeus torquatus,avibase-E07BFF55,rinwoo1,exact
Celeus undatus,Celeus undatus,avibase-FA26F861,wavwoo5,exact
Centrocercus urophasianus,Centrocercus urophasianus,avibase-B7E467E2,saggro,exact
Centronyx bairdii,Centronyx bairdii,avibase-67EFC061,baispa,exact
Centronyx henslowii,Centronyx henslowii,avibase-CDA2F827,henspa,exact
Centropus andamanensis,Centropus andamanensis,avibase-FB6D6920,andcou1,exact
Centropus bengalensis,Centropus bengalensis,avibase-FD7D022A,lescou1,exact
Centropus celebensis,Centropus celebensis,avibase-A3CDA02C,baycou1,exact
Centropus chlororhynchos,Centropus chlororhynchos,avibase-F1F1A913,grbcou2,exact
Centropus leucogaster,Centropus leucogaster,avibase-A0CB9C06,bltcou1,exact
Centropus melanops,Centropus melanops,avibase-E0882F01,blfcou1,exact
Centropus menbeki,Centropus menbeki,avibase-741223A5,grbcou1,exact
Centropus milo,Centropus milo,avibase-DA9831A2,buhcou1,exact
Centropus monachus,Centropus monachus,avibase-7C879D6D,blhcou2,exact
Centropus phasianinus,Centropus phasianinus,avibase-1C899F95,phecou2,exact
Centropus rectunguis,Centropus rectunguis,avibase-B4E9B5B6,shtcou1,exact
Centropus senegalensis,Centropus senegalensis,avibase-4A83155B,sencou1,exact
Centropus sinensis,Centropus sinensis,avibase-F5F991AC,grecou1,exact
Centropus superciliosus,Centropus superciliosus,avibase-4B2A7A35,whbcou2,exact
Centropus toulou,Centropus toulou,avibase-6F7BCBE5,madcou1,exact
Centropus viridis,Centropus viridis,avibase-AA694535,phicou1,exact
Cephalopterus penduliger,Cephalopterus penduliger,avibase-7171CA71,lowumb1,exact
Cepphus columba,Cepphus columba,avibase-2F5DF476,piggui,exact
Cepphus grylle,Cepphus grylle,avibase-B5AA5952,blkgui,exact
Ceratogymna atrata,Ceratogymna atrata,avibase-C05BF908,blchor1,exact
Ceratopipra chloromeros,Ceratopipra chloromeros,avibase-DA822C0A,rotman1,exact
Ceratopipra cornuta,Ceratopipra cornuta,avibase-8E3C83CC,schman1,exact
Ceratopipra erythrocephala,Ceratopipra erythrocephala,avibase-1C713394,gohman1,exact
Ceratopipra mentalis,Ceratopipra mentalis,avibase-AB0B75D8,recman1,exact
Ceratopipra rubrocapilla,Ceratopipra rubrocapilla,avibase-419C8303,rehman1,exact
Cercibis oxycerca,Cercibis oxycerca,avibase-237E5445,shtibi1,exact
Cercococcyx mechowi,Cercococcyx mechowi,avibase-D64491E4,dltcuc1,exact
Cercococcyx montanus,Cercococcyx montanus,avibase-B8D42059,bltcuc1,exact
Cercococcyx olivinus,Cercococcyx olivinus,avibase-CB8FBD65,oltcuc1,exact
Cercomacra brasiliana,Cercomacra brasiliana,avibase-035EB456,rdjant1,exact
Cercomacra carbonaria,Cercomacra carbonaria,avibase-35828EAF,ribant1,exact
Cercomacra cinerascens,Cercomacra cinerascens,avibase-E807EA75,gryant2,exact
Cercomacra ferdinandi,Cercomacra ferdinandi,avibase-9140B2FF,banant1,exact
Cercomacra manu,Cercomacra manu,avibase-AACD51BD,manant1,exact
Cercomacra melanaria,Cercomacra melanaria,avibase-2B0F30E3,magant1,exact
Cercomacra nigricans,Cercomacra nigricans,avibase-88A9D9C5,jetant1,exact
Cercomacroides fuscicauda,Cercomacroides fuscicauda,avibase-C9654C40,blaant5,exact
Cercomacroides laeta,Cercomacroides laeta,avibase-AA418933,wilant1,exact
Cercomacroides nigrescens,Cercomacroides nigrescens,avibase-580A07F8,blaant4,exact
Cercomacroides parkeri,Cercomacroides parkeri,avibase-C40F0FE2,parant2,exact
Cercomacroides serva,Cercomacroides serva,avibase-E4E8CE6C,blaant2,exact
Cercomacroides tyrannina,Cercomacroides tyrannina,avibase-7064BD02,dusant1,exact
Cercotrichas barbata,Tychaedon barbata,avibase-8CFA2604,misrob1,clements_english
Cercotrichas coryphoeus,Tychaedon coryphoeus,avibase-B796DBCB,kasrob2,clements_english
Cercotrichas galactotes,Cercotrichas galactotes,avibase-B68BD0D2,rutscr1,exact
Cercotrichas hartlaubi,Cercotrichas hartlaubi,avibase-15B2DD49,bbsrob1,exact
Cercotrichas leucophrys,Cercotrichas leucophrys,avibase-B5B6EC7B,rbsrob1,exact
Cercotrichas paena,Cercotrichas paena,avibase-C1EF6940,kasrob1,exact
Cercotrichas podobe,Cercotrichas podobe,avibase-6D92499B,blsrob1,exact
Cercotrichas quadrivirgata,Tychaedon quadrivirgata,avibase-92908926,besrob1,clements_english
Cercotrichas signata,Tychaedon signata,avibase-231FD09E,brsrob1,clements_english
Certhia americana,Certhia americana,avibase-BAC33609,brncre,exact
Certhia brachydactyla,Certhia brachydactyla,avibase-552E2BA9,shttre1,exact
Certhia discolor,Certhia discolor,avibase-B0B998E2,bnttre1,exact
Certhia familiaris,Certhia familiaris,avibase-73BE9A87,eurtre1,exact
Certhia himalayana,Certhia himalayana,avibase-C1423023,battre1,exact
Certhia hodgsoni,Certhia hodgsoni,avibase-42A2C710,eurtre3,exact
Certhia manipurensis,Certhia manipurensis,avibase-313F4D74,bnttre2,exact
Certhiasomus stictolaemus,Certhiasomus stictolaemus,avibase-C8717F89,sptwoo1,exact
Certhiaxis cinnamomeus,Certhiaxis cinnamomeus,avibase-ABAD0008,yecspi2,exact
Certhiaxis mustelinus,Certhiaxis mustelinus,avibase-BB585523,rawspi2,exact
Certhilauda chuana,Certhilauda chuana,avibase-3244C204,shclar1,exact
Certhilauda semitorquata,Certhilauda semitorquata,avibase-56599D6D,elblar1,exact
Certhilauda subcoronata,Certhilauda subcoronata,avibase-D08A412B,klblar6,exact
Certhionyx variegatus,Certhionyx variegatus,avibase-D6C393EC,piehon1,exact
Ceryle rudis,Ceryle rudis,avibase-8205077F,piekin1,exact
Cettia brunnifrons,Cettia brunnifrons,avibase-5FA90F20,gysbuw1,exact
Cettia castaneocoronata,Cettia castaneocoronata,avibase-1884A2A5,chhtes1,exact
Cettia cetti,Cettia cetti,avibase-F3E9CE95,cetwar1,exact
Cettia major,Cettia major,avibase-B9A707A5,ccbwar1,exact
Ceuthmochares aereus,Ceuthmochares aereus,avibase-E0D521B7,yellow5,exact
Ceuthmochares australis,Ceuthmochares australis,avibase-3A46A20C,yellow6,exact
Ceyx azureus,Ceyx azureus,avibase-AC4118FA,azukin1,exact
Ceyx erithaca,Ceyx erithaca,avibase-2D66E27C,bkbkin1,exact
Chaetocercus mulsant,Chaetocercus mulsant,avibase-1C5AB704,whbwoo6,exact
Chaetops frenatus,Chaetops frenatus,avibase-EE344F3D,rufroc1,exact
Chaetura brachyura,Chaetura brachyura,avibase-5368983F,shtswi1,exact
Chaetura chapmani,Chaetura chapmani,avibase-3792D735,chaswi2,exact
Chaetura cinereiventris,Chaetura cinereiventris,avibase-0F898234,grrswi1,exact
Chaetura meridionalis,Chaetura meridionalis,avibase-C2288064,sicswi1,exact
Chaetura pelagica,Chaetura pelagica,avibase-C3AD1AFF,chiswi,exact
Chaetura spinicaudus,Chaetura spinicaudus,avibase-AEFB8157,barswi,exact
Chaetura vauxi,Chaetura vauxi,avibase-1775ED98,vauswi,exact
Chalcomitra amethystina,Chalcomitra amethystina,avibase-B022292C,amesun2,exact
Chalcomitra senegalensis,Chalcomitra senegalensis,avibase-0059A2E0,sccsun2,exact
Chalcoparia singalensis,Chalcoparia singalensis,avibase-67A740A4,rucsun2,exact
Chalcophaps indica,Chalcophaps indica,avibase-05E5E8F6,emedov2,exact
Chalcophaps longirostris,Chalcophaps longirostris,avibase-826A9742,emedov3,exact
Chalcophaps stephani,Chalcophaps stephani,avibase-7330DBCF,stedov1,exact
Chalybura buffonii,Chalybura buffonii,avibase-B9AD5428,whvplu1,exact
Chalybura urochrysia,Chalybura urochrysia,avibase-46979A37,brtplu1,exact
Chamaea fasciata,Chamaea fasciata,avibase-989B57D8,wrenti,exact
Chamaepetes goudotii,Chamaepetes goudotii,avibase-B019CEB9,siwgua1,exact
Chamaepetes unicolor,Chamaepetes unicolor,avibase-8C688594,blagua1,exact
Chamaetylas fuelleborni,Chamaetylas fuelleborni,avibase-4ACA4C5C,whcale1,exact
Chamaetylas poliocephala,Chamaetylas poliocephala,avibase-8B7A6FE9,brcale1,exact
Chamaeza campanisona,Chamaeza campanisona,avibase-D4FBD3C4,shtant1,exact
Chamaeza meruloides,Chamaeza meruloides,avibase-CEF62826,sucant1,exact
Chamaeza mollissima,Chamaeza mollissima,avibase-B32FC59B,barant2,exact
Chamaeza nobilis,Chamaeza nobilis,avibase-37339289,strant3,exact
Chamaeza ruficauda,Chamaeza ruficauda,avibase-E8795B6F,rutant2,exact
Chamaeza turdina,Chamaeza turdina,avibase-588B7DC5,schant1,exact
Charadrius alexandrinus,Anarhynchus alexandrinus,avibase-AA4385A2,kenplo1,clements_english
Charadrius bicinctus,Anarhynchus bicinctus,avibase-79420720,dobplo1,clements_english
Charadrius collaris,Anarhynchus collaris,avibase-03D0649C,colplo1,clements_english
Charadrius dubius,Thinornis dubius,avibase-35EC3BBF,lirplo,clements_english
Charadrius falklandicus,Anarhynchus falklandicus,avibase-A931ED99,twbplo1,clements_english
Charadrius hiaticula,Charadrius hiaticula,avibase-EDA37B7C,corplo,exact
Charadrius javanicus,Anarhynchus javanicus,avibase-EF94AF2E,javplo1,clements_english
Charadrius leschenaultii,Anarhynchus leschenaultii,avibase-98B9C10B,grsplo,clements_english
Charadrius melodus,Charadrius melodus,avibase-671B69FE,pipplo,exact
Charadrius modestus,Zonibyx modestus,avibase-42D62A12,rucdot1,clements_english
Charadrius mongolus,Anarhynchus mongolus,avibase-66DA1FB3,lessap2,override
Charadrius montanus,Anarhynchus montanus,avibase-1FFFEF4E,mouplo,clements_english
Charadrius morinellus,Eudromias morinellus,avibase-20BE9DF1,eurdot,clements_english
Charadrius nivosus,Anarhynchus nivosus,avibase-F012ED4B,snoplo5,clements_english
Charadrius peronii,Anarhynchus peronii,avibase-5D09A657,malplo1,clements_english
Charadrius placidus,Thinornis placidus,avibase-8294655E,lobplo1,clements_english
Charadrius semipalmatus,Charadrius semipalmatus,avibase-95E28A57,semplo,exact
Charadrius tricollaris,Thinornis tricollaris,avibase-8DAF86A1,thbplo1,clements_english
Charadrius veredus,Anarhynchus veredus,avibase-02091964,oriplo1,clements_english
Charadrius vociferus,Charadrius vociferus,avibase-BCF9A19A,killde,exact
Charadrius wilsonia,Anarhynchus wilsonia,avibase-654D660C,wilplo,clements_english
Charitospiza eucosma,Charitospiza eucosma,avibase-F42F4D18,cocfin2,exact
Charmosyna papou,Charmosyna papou,avibase-D8E36335,paplor1,exact
Chasiempis ibidis,Chasiempis ibidis,avibase-E2F7F6EC,elepai4,exact
Chasiempis sandwichensis,Chasiempis sandwichensis,avibase-0E48C9D0,elepai,exact
Chasiempis sclateri,Chasiempis sclateri,avibase-0E7C7C85,elepai5,exact
Chauna chavaria,Chauna chavaria,avibase-013B2B0B,norscr1,exact
Chauna torquata,Chauna torquata,avibase-91194BE3,souscr1,exact
Chelidoptera tenebrosa,Chelidoptera tenebrosa,avibase-B2B4CA58,swwpuf1,exact
Chelidorhynx hypoxanthus,Chelidorhynx hypoxanthus,avibase-CF0C0E5D,yebfan1,exact
Chenonetta jubata,Chenonetta jubata,avibase-149A8E7E,manduc1,exact
Chersomanes albofasciata,Chersomanes albofasciata,avibase-D3DAD4C2,sphlar12,exact
Chersophilus duponti,Chersophilus duponti,avibase-504B0218,duplar1,exact
Chionomesa fimbriata,Chionomesa fimbriata,avibase-91AD1DE4,glteme1,exact
Chionomesa lactea,Chionomesa lactea,avibase-6FD57E23,saseme1,exact
Chiroxiphia boliviana,Chiroxiphia boliviana,avibase-3B0EF11C,yunman1,exact
Chiroxiphia caudata,Chiroxiphia caudata,avibase-182E9FE2,swtman1,exact
Chiroxiphia lanceolata,Chiroxiphia lanceolata,avibase-1987669E,latman1,exact
Chiroxiphia linearis,Chiroxiphia linearis,avibase-F4A5EA23,lotman1,exact
Chiroxiphia pareola,Chiroxiphia pareola,avibase-F9CEDB91,blbman1,exact
Chlamydera maculata,Chlamydera maculata,avibase-2F763AC6,spobow1,exact
Chlamydera nuchalis,Chlamydera nuchalis,avibase-0F4DA8F3,grebow1,exact
Chlidonias albostriatus,Chlidonias albostriatus,avibase-37868999,blfter1,exact
Chlidonias hybrida,Chlidonias hybrida,avibase-7AB4E42B,whiter2,exact
Chlidonias leucopterus,Chlidonias leucopterus,avibase-43CAAEE3,whwter,exact
Chlidonias niger,Chlidonias niger,avibase-115AF02D,blkter,exact
Chloephaga picta,Chloephaga picta,avibase-74FC5DAB,uplgoo1,exact
Chlorestes candida,Chlorestes candida,avibase-D6040531,whbeme1,exact
Chlorestes cyanus,Chlorestes cyanus,avibase-8564ACE3,whcsap1,exact
Chlorestes eliciae,Chlorestes eliciae,avibase-1939B2C8,bltgol1,exact
Chlorestes julie,Chlorestes julie,avibase-F730C44E,vibhum1,exact
Chlorestes notata,Chlorestes notata,avibase-7849DFD9,bucsap1,exact
Chloris chloris,Chloris chloris,avibase-65BD2033,eurgre1,exact
Chloris monguilloti,Chloris monguilloti,avibase-8875A644,viegre2,exact
Chloris sinica,Chloris sinica,avibase-684A6610,origre,exact
Chloris spinoides,Chloris spinoides,avibase-63B91A39,yebgre4,exact
Chloroceryle aenea,Chloroceryle aenea,avibase-A08C5C06,ampkin1,exact
Chloroceryle amazona,Chloroceryle amazona,avibase-331DC00B,amakin1,exact
Chloroceryle americana,Chloroceryle americana,avibase-ED7D6741,grnkin,exact
Chloroceryle inda,Chloroceryle inda,avibase-5900955B,garkin1,exact
Chlorochrysa phoenicotis,Chlorochrysa phoenicotis,avibase-DC50B0C2,glgtan1,exact
Chlorocichla flaviventris,Chlorocichla flaviventris,avibase-D083BB3F,yebgre1,exact
Chlorocichla laetissima,Chlorocichla laetissima,avibase-4602AC01,joygre1,exact
Chlorocichla simplex,Chlorocichla simplex,avibase-D3D4D1B7,simgre1,exact
Chlorodrepanis flava,Chlorodrepanis flava,avibase-0A603DFD,oahama,exact
Chlorodrepanis stejnegeri,Chlorodrepanis stejnegeri,avibase-5305B509,kauama,exact
Chlorodrepanis virens,Chlorodrepanis virens,avibase-ABB15738,hawama,exact
Chlorophanes spiza,Chlorophanes spiza,avibase-64E4030B,grehon1,exact
Chlorophonia callophrys,Chlorophonia callophrys,avibase-5288BFA0,gobchl1,exact
Chlorophonia cyanea,Chlorophonia cyanea,avibase-AB545C67,blnchl1,exact
Chlorophonia cyanocephala,Chlorophonia cyanocephala,avibase-852ECDA2,goreup1,exact
Chlorophonia elegantissima,Chlorophonia elegantissima,avibase-35A15369,eleeup1,exact
Chlorophonia flavirostris,Chlorophonia flavirostris,avibase-C6D30C38,yecchl1,exact
Chlorophonia musica,Chlorophonia musica,avibase-1BF6597F,anteup2,exact
Chlorophonia occipitalis,Chlorophonia occipitalis,avibase-6BB566A5,blcchl1,exact
Chlorophonia pyrrhophrys,Chlorophonia pyrrhophrys,avibase-6538B254,chbchl1,exact
Chloropicus fuscescens,Dendropicos fuscescens,avibase-0A241B83,carwoo1,clements_english
Chloropicus goertae,Dendropicos goertae,avibase-E5DF48FC,grywoo1,clements_english
Chloropicus griseocephalus,Dendropicos griseocephalus,avibase-02E004AD,oliwoo2,clements_english
Chloropicus namaquus,Chloropicus namaquus,avibase-77D82F60,beawoo1,exact
Chloropicus spodocephalus,Dendropicos spodocephalus,avibase-902E9F69,gyhwoo1,clements_english
Chloropsis aurifrons,Chloropsis aurifrons,avibase-5FEE1D85,goflea1,exact
Chloropsis cochinchinensis,Chloropsis cochinchinensis,avibase-5BCF3089,buwlea2,exact
Chloropsis cyanopogon,Chloropsis cyanopogon,avibase-3EB2B90E,leglea1,exact
Chloropsis hardwickii,Chloropsis hardwickii,avibase-1CC565B8,orblea1,exact
Chloropsis jerdoni,Chloropsis jerdoni,avibase-6D18F47F,jerlea1,exact
Chloropsis sonnerati,Chloropsis sonnerati,avibase-A0473AFB,grglea1,exact
Chlorornis riefferii,Chlorornis riefferii,avibase-C2BD666A,grgtan1,exact
Chlorospingus canigularis,Chlorospingus canigularis,avibase-C6F07B0B,atbtan1,exact
Chlorospingus flavigularis,Chlorospingus flavigularis,avibase-3B14D5D6,ytbtan1,exact
Chlorospingus flavopectus,Chlorospingus flavopectus,avibase-D083FB4D,cobtan1,exact
Chlorospingus pileatus,Chlorospingus pileatus,avibase-66F20774,scbtan1,exact
Chlorospingus semifuscus,Chlorospingus semifuscus,avibase-B07E525E,dubtan1,exact
Chlorostilbon gibsoni,Chlorostilbon gibsoni,avibase-114CC90E,rebeme1,exact
Chlorostilbon lucidus,Chlorostilbon lucidus,avibase-69D81B74,glbeme1,exact
Chlorostilbon mellisugus,Chlorostilbon mellisugus,avibase-EFE80E7B,blteme1,exact
Chlorothraupis carmioli,Chlorothraupis carmioli,avibase-6C96417C,olitan1,exact
Chlorothraupis olivacea,Chlorothraupis olivacea,avibase-A66397C6,lestan,exact
Chlorothraupis stolzmanni,Chlorothraupis stolzmanni,avibase-F035F1F9,ocbtan1,exact
Cholornis unicolor,Paradoxornis unicolor,avibase-83BC3338,bropar1,clements_english
Chondestes grammacus,Chondestes grammacus,avibase-78509A5D,larspa,exact
Chondrohierax uncinatus,Chondrohierax uncinatus,avibase-DCB3560C,hobkit,exact
Chordeiles acutipennis,Chordeiles acutipennis,avibase-9690689D,lesnig,exact
Chordeiles gundlachii,Chordeiles gundlachii,avibase-E025D440,antnig,exact
Chordeiles minor,Chordeiles minor,avibase-24E39ACD,comnig,exact
Chordeiles nacunda,Chordeiles nacunda,avibase-6E297C5B,nacnig1,exact
Chordeiles pusillus,Chordeiles pusillus,avibase-897A81B0,leanig1,exact
Chroicocephalus brunnicephalus,Chroicocephalus brunnicephalus,avibase-C2868E7A,bnhgul1,exact
Chroicocephalus cirrocephalus,Chroicocephalus cirrocephalus,avibase-6EB497FA,grhgul,exact
Chroicocephalus genei,Chroicocephalus genei,avibase-27CE7132,slbgul1,exact
Chroicocephalus maculipennis,Chroicocephalus maculipennis,avibase-F8F183DD,brhgul2,exact
Chroicocephalus novaehollandiae,Chroicocephalus novaehollandiae,avibase-AD086862,silgul2,exact
Chroicocephalus philadelphia,Chroicocephalus philadelphia,avibase-0337440E,bongul,exact
Chroicocephalus ridibundus,Chroicocephalus ridibundus,avibase-FB02DD96,bkhgul,exact
Chroicocephalus serranus,Chroicocephalus serranus,avibase-A971CBD4,andgul1,exact
Chrysococcyx basalis,Chalcites basalis,avibase-91248B47,hobcuc1,clements_english
Chrysococcyx caprius,Chrysococcyx caprius,avibase-0482FA7E,didcuc1,exact
Chrysococcyx cupreus,Chrysococcyx cupreus,avibase-1B309CB5,afecuc1,exact
Chrysococcyx klaas,Chrysococcyx klaas,avibase-1FACD210,klacuc1,exact
Chrysococcyx lucidus,Chalcites lucidus,avibase-19268395,shbcuc1,clements_english
Chrysococcyx maculatus,Chrysococcyx maculatus,avibase-DD1544E8,asecuc1,exact
Chrysococcyx minutillus,Chalcites minutillus,avibase-BEE36B49,libcuc1,clements_english
Chrysococcyx osculans,Chalcites osculans,avibase-087C279E,blecuc1,clements_english
Chrysococcyx xanthorhynchus,Chrysococcyx xanthorhynchus,avibase-A6C03533,viocuc1,exact
Chrysocolaptes festivus,Chrysocolaptes festivus,avibase-8C743B57,whnwoo1,exact
Chrysocolaptes guttacristatus,Chrysocolaptes guttacristatus,avibase-A837BACA,grefla1,exact
Chrysolampis mosquitus,Chrysolampis mosquitus,avibase-0ED012F9,ruthum1,exact
Chrysolophus amherstiae,Chrysolophus amherstiae,avibase-DDF032E8,laaphe1,exact
Chrysolophus pictus,Chrysolophus pictus,avibase-093AC1FC,golphe,exact
Chrysomma altirostre,Chrysomma altirostre,avibase-2095825C,jerbab1,exact
Chrysomma sinense,Chrysomma sinense,avibase-0C0CEF5B,yeebab1,exact
Chrysomus icterocephalus,Chrysomus icterocephalus,avibase-42826912,yehbla2,exact
Chrysomus ruficapillus,Chrysomus ruficapillus,avibase-7D94C902,chcbla2,exact
Chrysophlegma flavinucha,Chrysophlegma flavinucha,avibase-B122779F,greyel1,exact
Chrysophlegma mentale,Chrysophlegma mentale,avibase-FE28266C,chtwoo1,exact
Chrysophlegma miniaceum,Chrysophlegma miniaceum,avibase-05CFB3D1,banwoo2,exact
Chrysothlypis chrysomelas,Chrysothlypis chrysomelas,avibase-96D85716,baytan2,exact
Chrysothlypis salmoni,Chrysothlypis salmoni,avibase-D11A3B3E,sawtan1,exact
Chrysuronia oenone,Chrysuronia oenone,avibase-1E1E7878,gotsap1,exact
Chrysuronia versicolor,Chrysuronia versicolor,avibase-9CAB5D95,vereme1,exact
Chunga burmeisteri,Chunga burmeisteri,avibase-AC53C0E2,bllser1,exact
Ciccaba albitarsis,Strix albitarsis,avibase-2FBDE42C,rubowl3,clements_english
Ciccaba huhula,Strix huhula,avibase-FE8F1390,bkbowl1,clements_english
Ciccaba nigrolineata,Strix nigrolineata,avibase-557C100E,bawowl1,clements_english
Ciccaba virgata,Strix virgata,avibase-192FC14D,motowl,clements_english
Cichladusa arquata,Cichladusa arquata,avibase-A0A3B03D,copthr1,exact
Cichladusa guttata,Cichladusa guttata,avibase-345658E9,spmthr1,exact
Cichlocolaptes leucophrus,Cichlocolaptes leucophrus,avibase-8F1CC6A2,pabtre1,exact
Cichlopsis leucogenys,Cichlopsis leucogenys,avibase-AE736F91,rubsol1,exact
Cicinnurus magnificus,Diphyllodes magnificus,avibase-249364E0,mbopar2,clements_english
Cicinnurus regius,Cicinnurus regius,avibase-77A0EB9D,kbopar1,exact
Cicinnurus respublica,Diphyllodes respublica,avibase-1B03A722,wbopar1,clements_english
Ciconia ciconia,Ciconia ciconia,avibase-28825494,whisto1,exact
Ciconia nigra,Ciconia nigra,avibase-E2817DAE,blasto1,exact
Cinclidium frontale,Cinclidium frontale,avibase-858C33DD,blfrob1,exact
Cinclocerthia gutturalis,Cinclocerthia gutturalis,avibase-65229424,gratre1,exact
Cinclodes albidiventris,Cinclodes albidiventris,avibase-B1DBDB2E,chwcin1,exact
Cinclodes albiventris,Cinclodes albiventris,avibase-0F46C5DB,crwcin1,exact
Cinclodes excelsior,Cinclodes excelsior,avibase-5CD6A77B,stbcin1,exact
Cinclodes fuscus,Cinclodes fuscus,avibase-FF52966F,buwcin1,exact
Cinclodes nigrofumosus,Cinclodes nigrofumosus,avibase-1B10F1B4,seacin1,exact
Cinclodes oustaleti,Cinclodes oustaleti,avibase-E20363A6,gyfcin1,exact
Cinclodes pabsti,Cinclodes pabsti,avibase-A6DCC8E9,lotcin1,exact
Cinclodes patagonicus,Cinclodes patagonicus,avibase-519ED71C,dabcin1,exact
Cincloramphus cruralis,Cincloramphus cruralis,avibase-E4A62726,broson1,exact
Cincloramphus macrurus,Cincloramphus macrurus,avibase-ADA9D3DA,tawgra2,exact
Cincloramphus mathewsi,Cincloramphus mathewsi,avibase-D6C5E52E,rufson1,exact
Cincloramphus timoriensis,Cincloramphus timoriensis,avibase-55BCBFAF,tawgra3,exact
Cinclosoma ajax,Cinclosoma ajax,avibase-7D5425AD,paqthr1,exact
Cinclosoma castaneothorax,Cinclosoma castaneothorax,avibase-476F7031,cbqthr1,exact
Cinclosoma punctatum,Cinclosoma punctatum,avibase-07466471,spqthr1,exact
Cinclus cinclus,Cinclus cinclus,avibase-FDECE3B9,whtdip1,exact
Cinclus mexicanus,Cinclus mexicanus,avibase-A5EC8BF5,amedip,exact
Cinclus pallasii,Cinclus pallasii,avibase-4E5EB987,brodip1,exact
Cinnycerthia fulva,Cinnycerthia fulva,avibase-5A3DDD7A,fulwre1,exact
Cinnycerthia olivascens,Cinnycerthia olivascens,avibase-D51075E1,shawre1,exact
Cinnycerthia peruana,Cinnycerthia peruana,avibase-EA4C21DC,perwre1,exact
Cinnycerthia unirufa,Cinnycerthia unirufa,avibase-594A4DB7,rufwre1,exact
Cinnyricinclus leucogaster,Cinnyricinclus leucogaster,avibase-B1A3AF6C,vibsta2,exact
Cinnyris afer,Cinnyris afer,avibase-E47FCBF7,gdcsun2,exact
Cinnyris asiaticus,Cinnyris asiaticus,avibase-E9BCF764,pursun4,exact
Cinnyris bifasciatus,Cinnyris bifasciatus,avibase-71C72002,pubsun4,exact
Cinnyris chalybeus,Cinnyris chalybeus,avibase-679F9748,sdcsun3,exact
Cinnyris chloropygius,Cinnyris chloropygius,avibase-D2B15B3F,olbsun3,exact
Cinnyris coccinigastrus,Cinnyris coccinigastrus,avibase-48EC6C78,splsun2,exact
Cinnyris cupreus,Cinnyris cupreus,avibase-1F21FFE9,copsun2,exact
Cinnyris erythrocercus,Cinnyris erythrocercus,avibase-4C428439,recsun2,exact
Cinnyris fuscus,Cinnyris fuscus,avibase-427683B4,dussun2,exact
Cinnyris gertrudis,Cinnyris gertrudis,avibase-82E7EDC0,miosun2,exact
Cinnyris habessinicus,Cinnyris habessinicus,avibase-688582BF,shisun3,exact
Cinnyris jugularis,Cinnyris jugularis,avibase-0643F17D,olbsun31,exact
Cinnyris lotenius,Cinnyris lotenius,avibase-2088177F,lobsun2,exact
Cinnyris mariquensis,Cinnyris mariquensis,avibase-5AC9F737,marsun2,exact
Cinnyris mediocris,Cinnyris mediocris,avibase-EF6101F4,edcsun3,exact
Cinnyris nectarinioides,Cinnyris nectarinioides,avibase-7C822074,bkbsun1,exact
Cinnyris osea,Cinnyris osea,avibase-783E492C,palsun2,exact
Cinnyris pulchellus,Cinnyris pulchellus,avibase-718A3B70,beasun2,exact
Cinnyris regius,Cinnyris regius,avibase-F995313F,regsun2,exact
Cinnyris reichenowi,Cinnyris reichenowi,avibase-A6083057,ndcsun2,exact
Cinnyris solaris,Cinnyris solaris,avibase-AB27B1A6,flbsun2,exact
Cinnyris sovimanga,Cinnyris sovimanga,avibase-D7C2EAB8,sousun2,exact
Cinnyris talatala,Cinnyris talatala,avibase-8D3818DB,whbsun2,exact
Cinnyris venustus,Cinnyris venustus,avibase-8E9E45B5,varsun2,exact
Circaetus gallicus,Circaetus gallicus,avibase-8372FFBA,shteag1,exact
Circus aeruginosus,Circus aeruginosus,avibase-E2A19474,wemhar1,exact
Circus approximans,Circus approximans,avibase-1ACF5A6E,swahar1,exact
Circus buffoni,Circus buffoni,avibase-07E22FE2,lowhar1,exact
Circus cyaneus,Circus cyaneus,avibase-F558C7F9,norhar1,exact
Circus hudsonius,Circus hudsonius,avibase-A091D50A,norhar2,exact
Circus macrourus,Circus macrourus,avibase-22647E26,palhar1,exact
Circus melanoleucos,Circus melanoleucos,avibase-1EA96AE1,piehar1,exact
Circus pygargus,Circus pygargus,avibase-63B6412E,monhar1,exact
Circus spilonotus,Circus spilonotus,avibase-A2F048C0,easmah1,exact
Cissa chinensis,Cissa chinensis,avibase-ED4011E9,gremag1,exact
Cissa hypoleuca,Cissa hypoleuca,avibase-63D31D90,yebmag1,exact
Cissa jefferyi,Cissa jefferyi,avibase-7B4271FE,borgrm1,exact
Cissopis leverianus,Cissopis leverianus,avibase-7766CC3C,magtan2,exact
Cisticola aberrans,Cisticola aberrans,avibase-AB6AE581,rolcis2,exact
Cisticola anonymus,Cisticola anonymus,avibase-01CFA60A,chacis1,exact
Cisticola aridulus,Cisticola aridulus,avibase-A2C88219,descis1,exact
Cisticola ayresii,Cisticola ayresii,avibase-78573BB2,wiscis1,exact
Cisticola brachypterus,Cisticola brachypterus,avibase-FBDCA962,sifcis1,exact
Cisticola cantans,Cisticola cantans,avibase-6B64558B,sincis1,exact
Cisticola cherina,Cisticola cherina,avibase-84C80AC6,madcis2,exact
Cisticola chiniana,Cisticola chiniana,avibase-909FEE8A,ratcis1,exact
Cisticola chubbi,Cisticola chubbi,avibase-4849AA43,chucis1,exact
Cisticola cinereolus,Cisticola cinereolus,avibase-71F6A3F0,ashcis1,exact
Cisticola erythrops,Cisticola erythrops,avibase-47053A35,refcis1,exact
Cisticola exilis,Cisticola exilis,avibase-7CB5F8B8,gohcis1,exact
Cisticola fulvicapilla,Cisticola fulvicapilla,avibase-8220168F,pipcis2,exact
Cisticola haematocephalus,Cisticola haematocephalus,avibase-E88C0B71,wincis4,exact
Cisticola hunteri,Cisticola hunteri,avibase-373DCDF4,huncis1,exact
Cisticola juncidis,Cisticola juncidis,avibase-AEE2063F,zitcis1,exact
Cisticola lais,Cisticola lais,avibase-5FD10562,waicis1,exact
Cisticola lateralis,Cisticola lateralis,avibase-5A184029,whicis1,exact
Cisticola marginatus,Cisticola marginatus,avibase-1DA06308,wincis3,exact
Cisticola natalensis,Cisticola natalensis,avibase-FB740D14,crocis1,exact
Cisticola nigriloris,Cisticola nigriloris,avibase-9C320DCB,bllcis1,exact
Cisticola njombe,Cisticola njombe,avibase-3B7E808C,chucis2,exact
Cisticola pipiens,Cisticola pipiens,avibase-89A3C105,chicis1,exact
Cisticola robustus,Cisticola robustus,avibase-D3B1A98B,stocis1,exact
Cisticola subruficapilla,Cisticola subruficapilla,avibase-B7C5BC8D,rehcis2,exact
Cisticola textrix,Cisticola textrix,avibase-F9FA8D6B,clocis1,exact
Cisticola tinniens,Cisticola tinniens,avibase-F936B680,tincis1,exact
Cisticola woosnami,Cisticola woosnami,avibase-5BD1E605,tricis1,exact
Cistothorus apolinari,Cistothorus apolinari,avibase-E3052D44,apowre1,exact
Cistothorus palustris,Cistothorus palustris,avibase-787E0536,marwre,exact
Cistothorus platensis,Cistothorus platensis,avibase-CB4C1514,sedwre,exact
Cistothorus stellaris,Cistothorus stellaris,avibase-43D33E03,sedwre1,exact
Clamator coromandus,Clamator coromandus,avibase-575C66D2,chwcuc1,exact
Clamator glandarius,Clamator glandarius,avibase-3D67C56A,grscuc1,exact
Clamator jacobinus,Clamator jacobinus,avibase-BF0A0954,piecuc1,exact
Clamator levaillantii,Clamator levaillantii,avibase-3C8C3A31,levcuc1,exact
Clanga clanga,Clanga clanga,avibase-BAC4CA22,grseag1,exact
Clanga pomarina,Clanga pomarina,avibase-C2565B65,leseag1,exact
Clangula hyemalis,Clangula hyemalis,avibase-AF0C7BDE,lotduc,exact
Claravis pretiosa,Claravis pretiosa,avibase-C4C9F313,blgdov1,exact
Clibanornis dendrocolaptoides,Clibanornis dendrocolaptoides,avibase-087A6829,cangro1,exact
Clibanornis erythrocephalus,Clibanornis erythrocephalus,avibase-32B19B18,hhfgle1,exact
Clibanornis rectirostris,Clibanornis rectirostris,avibase-1AC817E2,ccfgle1,exact
Clibanornis rubiginosus,Clibanornis rubiginosus,avibase-B8BC2370,rufgle1,exact
Clibanornis rufipectus,Clibanornis rufipectus,avibase-62B3521F,samfog1,exact
Climacteris picumnus,Climacteris picumnus,avibase-B3CBAA5C,brotre2,exact
Clytoctantes alixii,Clytoctantes alixii,avibase-D9F447A1,rebbus1,exact
Clytolaema rubricauda,Heliodoxa rubricauda,avibase-A8BB091D,brarub1,clements_english
Clytorhynchus vitiensis,Clytorhynchus vitiensis,avibase-9CC45BB1,fijshr1,exact
Cnemoscopus rubrirostris,Cnemoscopus rubrirostris,avibase-F6B4F02B,gyhbut1,exact
Cnemotriccus fuscatus,Cnemotriccus fuscatus,avibase-4AB94B00,fusfly1,exact
Cnipodectes subbrunneus,Cnipodectes subbrunneus,avibase-8D786D76,brofly1,exact
Coccopygia melanotis,Coccopygia melanotis,avibase-7CB6CE7B,swewax3,exact
Coccopygia quartinia,Coccopygia quartinia,avibase-B9BE800C,yebwax2,exact
Coccothraustes abeillei,Hesperiphona abeillei,avibase-5C079E0C,hoogro1,clements_english
Coccothraustes coccothraustes,Coccothraustes coccothraustes,avibase-84E1F114,hawfin,exact
Coccothraustes vespertinus,Hesperiphona vespertina,avibase-C6B5497C,evegro,clements_english
Coccycua cinerea,Coccycua cinerea,avibase-83A0647B,asccuc1,exact
Coccycua minuta,Coccycua minuta,avibase-07DD8007,litcuc2,exact
Coccyzus americanus,Coccyzus americanus,avibase-0CF12F81,yebcuc,exact
Coccyzus erythropthalmus,Coccyzus erythropthalmus,avibase-41E9F54B,bkbcuc,exact
Coccyzus euleri,Coccyzus euleri,avibase-BBA3CB9A,pebcuc1,exact
Coccyzus longirostris,Coccyzus longirostris,avibase-C6180718,hislic1,exact
Coccyzus melacoryphus,Coccyzus melacoryphus,avibase-5426F64E,dabcuc1,exact
Coccyzus merlini,Coccyzus merlini,avibase-D59B5B68,grelic1,exact
Coccyzus minor,Coccyzus minor,avibase-84F096F7,mancuc,exact
Coccyzus vieilloti,Coccyzus vieilloti,avibase-3B78A0C9,purlic1,exact
Cochlearius cochlearius,Cochlearius cochlearius,avibase-74368984,bobher1,exact
Cochoa viridis,Cochoa viridis,avibase-D29F7DED,grecoc1,exact
Coeligena coeligena,Coeligena coeligena,avibase-97D31AA6,broinc1,exact
Coeligena iris,Coeligena iris,avibase-91FF8A0A,raista1,exact
Coeligena lutetiae,Coeligena lutetiae,avibase-0702D924,buwsta1,exact
Coeligena wilsoni,Coeligena wilsoni,avibase-F2DABE41,broinc2,exact
Coereba flaveola,Coereba flaveola,avibase-B78F2D6F,banana,exact
Colaptes atricollis,Colaptes atricollis,avibase-86BE1BA3,blnwoo1,exact
Colaptes auratus,Colaptes auratus,avibase-FF9D71AF,norfli,exact
Colaptes auricularis,Colaptes auricularis,avibase-161DCA9C,grcwoo1,exact
Colaptes campestris,Colaptes campestris,avibase-C9C6D042,camfli1,exact
Colaptes chrysoides,Colaptes chrysoides,avibase-28E5D551,gilfli,exact
Colaptes fernandinae,Colaptes fernandinae,avibase-B4C26D42,ferfli1,exact
Colaptes melanochloros,Colaptes melanochloros,avibase-9D957919,grbwoo3,exact
Colaptes pitius,Colaptes pitius,avibase-F5BEB645,chifli1,exact
Colaptes punctigula,Colaptes punctigula,avibase-897E43C8,spbwoo1,exact
Colaptes rivolii,Colaptes rivolii,avibase-8947FC53,crmwoo2,exact
Colaptes rubiginosus,Colaptes rubiginosus,avibase-1161239F,goowoo1,exact
Colaptes rupicola,Colaptes rupicola,avibase-12DFD1C8,andfli1,exact
Colibri coruscans,Colibri coruscans,avibase-51F7C361,spvear1,exact
Colibri cyanotus,Colibri cyanotus,avibase-94CB63F7,lesvio1,exact
Colibri delphinae,Colibri delphinae,avibase-A76C26A1,brvear1,exact
Colibri serrirostris,Colibri serrirostris,avibase-5C5475AC,wvvear1,exact
Colibri thalassinus,Colibri thalassinus,avibase-B9BA2058,grnvie1,exact
Colinus cristatus,Colinus cristatus,avibase-5C8A2A0C,crebob1,exact
Colinus nigrogularis,Colinus nigrogularis,avibase-2F9C259A,bltbob1,exact
Colinus virginianus,Colinus virginianus,avibase-91CCBC71,norbob,exact
Colius colius,Colius colius,avibase-CFDC57C6,whbmou1,exact
Colius striatus,Colius striatus,avibase-1FDDABDB,spemou2,exact
Collocalia affinis,Collocalia affinis,avibase-5AF6B3D9,pltswi1,exact
Colluricincla boweri,Colluricincla boweri,avibase-DBCC8B86,bowsht1,exact
Colluricincla harmonica,Colluricincla harmonica,avibase-AD4D85BB,grysht1,exact
Colluricincla megarhyncha,Colluricincla megarhyncha,avibase-62067DA3,litshr31,exact
Colonia colonus,Colonia colonus,avibase-3EB54C47,lottyr1,exact
Colorhamphus parvirostris,Colorhamphus parvirostris,avibase-BB5C6141,pattyr2,exact
Columba arquatrix,Columba arquatrix,avibase-EEDB8253,rampig1,exact
Columba delegorguei,Columba delegorguei,avibase-870E4DDA,delpig1,exact
Columba guinea,Columba guinea,avibase-A6EA9F02,spepig1,exact
Columba iriditorques,Columba iriditorques,avibase-3FC9BA60,brnpig1,exact
Columba janthina,Columba janthina,avibase-E2209F71,jawpig1,exact
Columba larvata,Aplopelia larvata,avibase-EE40DDB6,lemdov2,clements_english
Columba livia,Columba livia,avibase-BBA263C2,rocpig,exact
Columba oenas,Columba oenas,avibase-68E4C0D1,stodov1,exact
Columba palumbus,Columba palumbus,avibase-760F307A,cowpig1,exact
Columba unicincta,Columba unicincta,avibase-1A145C89,afepig1,exact
Columba vitiensis,Columba vitiensis,avibase-CE7203C7,metpig1,exact
Columbina buckleyi,Columbina buckleyi,avibase-19BFB346,ecgdov1,exact
Columbina cruziana,Columbina cruziana,avibase-E981792A,crgdov1,exact
Columbina cyanopis,Columbina cyanopis,avibase-C6FA453A,begdov2,exact
Columbina inca,Columbina inca,avibase-BFE74235,incdov,exact
Columbina minuta,Columbina minuta,avibase-37691FA2,pbgdov1,exact
Columbina passerina,Columbina passerina,avibase-F9AED548,cogdov,exact
Columbina picui,Columbina picui,avibase-C5E145EC,pigdov1,exact
Columbina squammata,Columbina squammata,avibase-26085D75,scadov1,exact
Columbina talpacoti,Columbina talpacoti,avibase-ADD11A5F,rugdov,exact
Compsothraupis loricata,Compsothraupis loricata,avibase-DCEDEBC4,scttan1,exact
Conioptilon mcilhennyi,Conioptilon mcilhennyi,avibase-65DFFBD4,blfcot1,exact
Conirostrum albifrons,Conirostrum albifrons,avibase-6FA6ED40,capcon1,exact
Conirostrum bicolor,Conirostrum bicolor,avibase-FA9420B4,biccon1,exact
Conirostrum binghami,Conirostrum binghami,avibase-9529362D,giacon1,exact
Conirostrum cinereum,Conirostrum cinereum,avibase-CB5F3DD1,cincon1,exact
Conirostrum leucogenys,Conirostrum leucogenys,avibase-5198F288,whecon1,exact
Conirostrum margaritae,Conirostrum margaritae,avibase-51CE233C,pebcon1,exact
Conirostrum rufum,Conirostrum rufum,avibase-1F1C4F93,rubcon1,exact
Conirostrum sitticolor,Conirostrum sitticolor,avibase-EF7A9538,blbcon1,exact
Conirostrum speciosum,Conirostrum speciosum,avibase-9BE4C509,chvcon1,exact
Conirostrum tamarugense,Conirostrum tamarugense,avibase-AD3D0CE9,tamcon1,exact
Conopias albovittatus,Conopias albovittatus,avibase-FEE77420,whrfly,exact
Conopias cinchoneti,Conopias cinchoneti,avibase-C5202F83,lebfly2,exact
Conopias parvus,Conopias parvus,avibase-B8415F96,yetfly2,exact
Conopias trivirgatus,Conopias trivirgatus,avibase-C5A7C594,thsfly2,exact
Conopophaga ardesiaca,Conopophaga ardesiaca,avibase-3D046D26,slagna1,exact
Conopophaga aurita,Conopophaga aurita,avibase-2E9D5026,chbgna1,exact
Conopophaga castaneiceps,Conopophaga castaneiceps,avibase-E0994940,chcgna1,exact
Conopophaga cearae,Conopophaga cearae,avibase-E669DB94,rufgna2,exact
Conopophaga lineata,Conopophaga lineata,avibase-2D997B49,rufgna3,exact
Conopophaga melanogaster,Conopophaga melanogaster,avibase-C0F59C9F,blbgna1,exact
Conopophaga melanops,Conopophaga melanops,avibase-EA9CEB99,blcgna1,exact
Conopophaga peruviana,Conopophaga peruviana,avibase-82B0FF93,astgna1,exact
Conopophila albogularis,Conopophila albogularis,avibase-F2B72743,rubhon2,exact
Conostoma aemodium,Paradoxornis aemodius,avibase-D1065C8C,grepar1,clements_english
Conothraupis speculigera,Conothraupis speculigera,avibase-FEAFE529,bawtan1,exact
Contopus caribaeus,Contopus caribaeus,avibase-8FB6981F,cubpew1,exact
Contopus cinereus,Contopus cinereus,avibase-1CA8962F,tropew3,exact
Contopus cooperi,Contopus cooperi,avibase-951C150C,olsfly,exact
Contopus fumigatus,Contopus fumigatus,avibase-ECF2FBB2,smcpew1,exact
Contopus lugubris,Contopus lugubris,avibase-8D6C036A,darpew1,exact
Contopus nigrescens,Contopus nigrescens,avibase-F5A71429,blapew1,exact
Contopus pertinax,Contopus pertinax,avibase-4CAD4149,grepew,exact
Contopus sordidulus,Contopus sordidulus,avibase-F6CA75F0,wewpew,exact
Contopus virens,Contopus virens,avibase-9891BF73,eawpew,exact
Copsychus albiventris,Copsychus albiventris,avibase-D5038426,andsha1,exact
Copsychus albospecularis,Copsychus albospecularis,avibase-97015904,mamrob1,exact
Copsychus cebuensis,Copsychus cebuensis,avibase-93B8CF8F,blasha1,exact
Copsychus fulicatus,Copsychus fulicatus,avibase-9006B4EF,indrob1,exact
Copsychus luzoniensis,Copsychus luzoniensis,avibase-E80564C5,whbsha1,exact
Copsychus malabaricus,Copsychus malabaricus,avibase-0E5168F9,whrsha,exact
Copsychus mindanensis,Copsychus mindanensis,avibase-24D2DF19,phimar1,exact
Copsychus niger,Copsychus niger,avibase-974AE5EC,whvsha1,exact
Copsychus pyrropygus,Copsychus pyrropygus,avibase-E22B9F79,rutsha2,exact
Copsychus saularis,Copsychus saularis,avibase-D112C938,magrob,exact
Coracias abyssinicus,Coracias abyssinicus,avibase-E7C7EE3A,abyrol2,exact
Coracias benghalensis,Coracias benghalensis,avibase-4F404CB9,indrol2,exact
Coracias caudatus,Coracias caudatus,avibase-9E9B6EF9,librol2,exact
Coracias garrulus,Coracias garrulus,avibase-7451A628,eurrol1,exact
Coracina caesia,Ceblepyris caesius,avibase-C7B05F46,grycus1,clements_english
Coracina cinerea,Ceblepyris cinereus,avibase-F7C76528,ashcus2,clements_english
Coracina lineata,Coracina lineata,avibase-37E84A15,yeecus1,exact
Coracina longicauda,Coracina longicauda,avibase-B256B785,hoocus1,exact
Coracina macei,Coracina macei,avibase-F6D6E5DB,larcuc1,exact
Coracina novaehollandiae,Coracina novaehollandiae,avibase-EBACA7A4,bkfcus1,exact
Coracina papuensis,Coracina papuensis,avibase-FFB094BE,whbcus1,exact
Coracina pectoralis,Ceblepyris pectoralis,avibase-6E682612,whbcus2,clements_english
Coracina striata,Coracina striata,avibase-38A7045A,babcus1,exact
Coracopsis nigra,Coracopsis nigra,avibase-B8802336,blapar1,exact
Coracopsis vasa,Coracopsis vasa,avibase-FCED8B3A,vaspar1,exact
Coragyps atratus,Coragyps atratus,avibase-4FF7DE80,blkvul,exact
Corapipo altera,Corapipo altera,avibase-DED4C1C1,whrman1,exact
Corapipo gutturalis,Corapipo gutturalis,avibase-EA5755E6,whtman1,exact
Corcorax melanorhamphos,Corcorax melanorhamphos,avibase-D7FD3046,whwcho1,exact
Cormobates leucophaea,Cormobates leucophaea,avibase-F91FF9AA,whttre3,exact
Cormobates placens,Cormobates placens,avibase-9686AA8F,paptre1,exact
Corthylio calendula,Corthylio calendula,avibase-B60B1166,ruckin,exact
Corvus albicollis,Corvus albicollis,avibase-EA326EA2,whnrav1,exact
Corvus albus,Corvus albus,avibase-34D538E1,piecro1,exact
Corvus brachyrhynchos,Corvus brachyrhynchos,avibase-69544B59,amecro,exact
Corvus capensis,Corvus capensis,avibase-562E17AB,capcro2,exact
Corvus corax,Corvus corax,avibase-B9B272F4,comrav,exact
Corvus corone,Corvus corone,avibase-E4EE9AC4,y00743,exact
Corvus coronoides,Corvus coronoides,avibase-1D45897E,ausrav1,exact
Corvus cryptoleucus,Corvus cryptoleucus,avibase-F3B84E07,chirav,exact
Corvus dauuricus,Coloeus dauuricus,avibase-9F784AB1,daujac1,clements_english
Corvus enca,Corvus enca,avibase-67E4D5DD,slbcro2,exact
Corvus florensis,Corvus florensis,avibase-CE62EFDD,flocro1,exact
Corvus frugilegus,Corvus frugilegus,avibase-1078FFEA,rook1,exact
Corvus hawaiiensis,Corvus hawaiiensis,avibase-2CDECD36,hawcro,exact
Corvus imparatus,Corvus imparatus,avibase-AFDBC76B,tamcro,exact
Corvus jamaicensis,Corvus jamaicensis,avibase-58AEF90C,jamcro1,exact
Corvus leucognaphalus,Corvus leucognaphalus,avibase-CC4B3F51,whncro1,exact
Corvus macrorhynchos,Corvus macrorhynchos,avibase-A9146F3B,labcro1,exact
Corvus mellori,Corvus mellori,avibase-DE78C792,litrav1,exact
Corvus monedula,Coloeus monedula,avibase-D4C32F8E,eurjac,clements_english
Corvus nasicus,Corvus nasicus,avibase-4B69D1CC,cubcro1,exact
Corvus orru,Corvus orru,avibase-3E47E56F,torcro2,exact
Corvus ossifragus,Corvus ossifragus,avibase-43E56D2C,fiscro,exact
Corvus palmarum,Corvus palmarum,avibase-98CFF755,palcro1,exact
Corvus rhipidurus,Corvus rhipidurus,avibase-32C216E2,fatrav1,exact
Corvus ruficollis,Corvus ruficollis,avibase-F2024545,brnrav1,exact
Corvus sinaloae,Corvus sinaloae,avibase-A1C7E620,sincro1,exact
Corvus splendens,Corvus splendens,avibase-39868903,houcro1,exact
Corvus tasmanicus,Corvus tasmanicus,avibase-2CABE055,forrav1,exact
Corvus tristis,Corvus tristis,avibase-63AF4DB2,grycro1,exact
Corvus typicus,Corvus typicus,avibase-927A64D1,pipcro1,exact
Corvus validus,Corvus validus,avibase-11715120,lobcro1,exact
Corydon sumatranus,Corydon sumatranus,avibase-BB1E6094,dusbro1,exact
Coryphaspiza melanotis,Coryphaspiza melanotis,avibase-0A2ACC6A,blmfin1,exact
Coryphistera alaudina,Coryphistera alaudina,avibase-2629DF6C,lalbru1,exact
Coryphospingus cucullatus,Coryphospingus cucullatus,avibase-632FA6BD,recfin1,exact
Coryphospingus pileatus,Coryphospingus pileatus,avibase-FBCA67B2,pilfin1,exact
Corythaeola cristata,Corythaeola cristata,avibase-002445CB,grbtur1,exact
Corythaixoides concolor,Crinifer concolor,avibase-DEBCA587,grygab1,clements_english
Corythaixoides leucogaster,Crinifer leucogaster,avibase-2AA4BC58,wbgbir1,clements_english
Corythopis delalandi,Corythopis delalandi,avibase-514A51B6,souant1,exact
Corythopis torquatus,Corythopis torquatus,avibase-3765D531,rinant2,exact
Corythornis cristatus,Corythornis cristatus,avibase-7149F93D,malkin1,exact
Coscoroba coscoroba,Coscoroba coscoroba,avibase-A3A0E8FE,cosswa1,exact
Cossypha albicapillus,Cossypha albicapillus,avibase-FA3C53B8,wcrcha1,exact
Cossypha anomala,Dessonornis anomalus,avibase-CB6410F3,ofrcha1,clements_english
Cossypha archeri,Dessonornis archeri,avibase-96D9A285,arrcha1,clements_english
Cossypha caffra,Dessonornis caffer,avibase-A38BABE1,carcha1,clements_english
Cossypha cyanocampter,Cossypha cyanocampter,avibase-9616C96E,bsrcha1,exact
Cossypha dichroa,Cossypha dichroa,avibase-68C54292,chrcha1,exact
Cossypha heuglini,Cossypha heuglini,avibase-16BD42DD,wbrcha2,exact
Cossypha humeralis,Dessonornis humeralis,avibase-94932CDC,wtrcha1,clements_english
Cossypha natalensis,Cossypha natalensis,avibase-3846F8A8,rcrcha1,exact
Cossypha niveicapilla,Cossypha niveicapilla,avibase-BB05D1FC,scrcha1,exact
Cossypha polioptera,Sheppardia polioptera,avibase-25C26AB9,gywroc1,clements_english
Cossypha semirufa,Cossypha semirufa,avibase-53EABB81,rurcha1,exact
Coturnicops noveboracensis,Coturnicops noveboracensis,avibase-2B100B36,yelrai,exact
Coturnix coromandelica,Coturnix coromandelica,avibase-A6F042E2,raiqua1,exact
Coturnix coturnix,Coturnix coturnix,avibase-CAFE345D,comqua1,exact
Coturnix delegorguei,Coturnix delegorguei,avibase-0CA903BB,harqua1,exact
Coturnix japonica,Coturnix japonica,avibase-110CF425,japqua,exact
Coturnix pectoralis,Coturnix pectoralis,avibase-98984CAD,stuqua1,exact
Coua caerulea,Coua caerulea,avibase-B569EDF7,blucou1,exact
Coua coquereli,Coua coquereli,avibase-39649172,coqcou1,exact
Coua cristata,Coua cristata,avibase-FCAB4323,crecou1,exact
Coua gigas,Coua gigas,avibase-CAFE4C4C,giacou1,exact
Coua reynaudii,Coua reynaudii,avibase-7B86087B,refcou1,exact
Coua ruficeps,Coua ruficeps,avibase-7F73F191,reccou2,exact
Coua serriana,Coua serriana,avibase-CC72DA7A,rebcou1,exact
Cracticus cassicus,Cracticus cassicus,avibase-6E902C60,hoobut1,exact
Cracticus nigrogularis,Cracticus nigrogularis,avibase-B731E469,piebut1,exact
Cracticus quoyi,Melloria quoyi,avibase-6AEC3F15,blabut1,clements_english
Cracticus torquatus,Cracticus torquatus,avibase-9CD4E6BB,grybut1,exact
Cranioleuca albicapilla,Cranioleuca albicapilla,avibase-19814090,crcspi1,exact
Cranioleuca albiceps,Cranioleuca albiceps,avibase-3B4EDC39,licspi1,exact
Cranioleuca antisiensis,Cranioleuca antisiensis,avibase-9449AA01,licspi5,exact
Cranioleuca curtata,Cranioleuca curtata,avibase-CCD30843,asbspi1,exact
Cranioleuca demissa,Cranioleuca demissa,avibase-08A34DD2,tepspi1,exact
Cranioleuca erythrops,Cranioleuca erythrops,avibase-6D00ECAF,refspi1,exact
Cranioleuca gutturata,Thripophaga gutturata,avibase-E3BD36CF,spespi1,clements_english
Cranioleuca hellmayri,Cranioleuca hellmayri,avibase-2A1CC668,stcspi1,exact
Cranioleuca marcapatae,Cranioleuca marcapatae,avibase-292C9F0B,marspi4,exact
Cranioleuca obsoleta,Cranioleuca obsoleta,avibase-8CE249D9,olispi1,exact
Cranioleuca pallida,Cranioleuca pallida,avibase-26B605AB,palspi1,exact
Cranioleuca pyrrhophia,Cranioleuca pyrrhophia,avibase-38BD5816,stcspi2,exact
Cranioleuca semicinerea,Cranioleuca semicinerea,avibase-9C20744B,gyhspi1,exact
Cranioleuca subcristata,Cranioleuca subcristata,avibase-F88DF540,crespi1,exact
Cranioleuca vulpecula,Cranioleuca vulpecula,avibase-2FE6EB50,parspi1,exact
Cranioleuca vulpina,Cranioleuca vulpina,avibase-66828801,rubspi4,exact
Crateroscelis murina,Origma murina,avibase-C53C2B2E,rumwar1,clements_english
Crateroscelis robusta,Origma robusta,avibase-34819139,momwar1,clements_english
Crax alberti,Crax alberti,avibase-9260D3DD,bubcur1,exact
Crax alector,Crax alector,avibase-16A1A2B1,blacur1,exact
Crax fasciolata,Crax fasciolata,avibase-120F52B3,bafcur1,exact
Crax rubra,Crax rubra,avibase-BA8A14D2,grecur1,exact
Creagrus furcatus,Creagrus furcatus,avibase-07357A25,swtgul1,exact
Creatophora cinerea,Creatophora cinerea,avibase-9D95139B,watsta1,exact
Crex crex,Crex crex,avibase-7E257242,corcra,exact
Crinifer piscator,Crinifer piscator,avibase-3C3092F9,wesple1,exact
Criniger barbatus,Criniger barbatus,avibase-0F97A356,wesbeg1,exact
Criniger calurus,Criniger calurus,avibase-F8104BC1,retgre1,exact
Criniger chloronotus,Criniger chloronotus,avibase-8A90BC6D,easbeg1,exact
Crithagra albogularis,Crithagra albogularis,avibase-294A70CC,whtcan1,exact
Crithagra atrogularis,Crithagra atrogularis,avibase-D12CDD0F,bltcan1,exact
Crithagra buchanani,Crithagra buchanani,avibase-F3618305,sougrc1,exact
Crithagra dorsostriata,Crithagra dorsostriata,avibase-90C937E4,whbcan1,exact
Crithagra flaviventris,Crithagra flaviventris,avibase-4746346C,yelcan1,exact
Crithagra gularis,Crithagra gularis,avibase-12E75955,sthsee2,exact
Crithagra hyposticta,Crithagra hyposticta,avibase-C978ABCC,soucit1,exact
Crithagra menachensis,Crithagra menachensis,avibase-5C0BF88F,yemser1,exact
Crithagra mozambica,Crithagra mozambica,avibase-169B483C,yefcan,exact
Crithagra reichenowi,Crithagra reichenowi,avibase-69EB514A,reisee2,exact
Crithagra scotops,Crithagra scotops,avibase-994D87C2,forcan1,exact
Crithagra striolata,Crithagra striolata,avibase-580A93C2,strsee1,exact
Crithagra sulphurata,Crithagra sulphurata,avibase-53A5E91F,brican1,exact
Crossleyia xanthophrys,Crossleyia xanthophrys,avibase-8A7929D9,yeboxy1,exact
Crotophaga ani,Crotophaga ani,avibase-469BC7B8,smbani,exact
Crotophaga major,Crotophaga major,avibase-0DD11B75,greani1,exact
Crotophaga sulcirostris,Crotophaga sulcirostris,avibase-C5B34740,grbani,exact
Crypsirina temia,Crypsirina temia,avibase-A1807D70,rattre1,exact
Cryptillas victorini,Cryptillas victorini,avibase-E3C55435,viswar1,exact
Cryptoleucopteryx plumbea,Cryptoleucopteryx plumbea,avibase-A6775D0C,pluhaw,exact
Cryptopezus nattereri,Cryptopezus nattereri,avibase-8B1CD00B,spbant1,exact
Cryptopipo holochlora,Cryptopipo holochlora,avibase-A0E54EB9,greman2,exact
Cryptospiza reichenovii,Cryptospiza reichenovii,avibase-E034D9D9,rfcwin1,exact
Cryptosylvicola randrianasoloi,Cryptosylvicola randrianasoloi,avibase-DBD188EF,crywar1,exact
Crypturellus atrocapillus,Crypturellus atrocapillus,avibase-41631439,blctin1,exact
Crypturellus bartletti,Crypturellus bartletti,avibase-88B9ABC1,bartin2,exact
Crypturellus boucardi,Crypturellus boucardi,avibase-5183B60E,slbtin1,exact
Crypturellus cinereus,Crypturellus cinereus,avibase-7C90F8DB,cintin1,exact
Crypturellus cinnamomeus,Crypturellus cinnamomeus,avibase-AAB5CEED,thitin1,exact
Crypturellus duidae,Crypturellus duidae,avibase-D2592D39,gyltin1,exact
Crypturellus erythropus,Crypturellus erythropus,avibase-4E03F38D,reltin1,exact
Crypturellus noctivagus,Crypturellus noctivagus,avibase-7507BE36,yeltin1,exact
Crypturellus obsoletus,Crypturellus obsoletus,avibase-D624C373,brotin1,exact
Crypturellus parvirostris,Crypturellus parvirostris,avibase-2988DEC6,smbtin1,exact
Crypturellus soui,Crypturellus soui,avibase-39DD9DD7,littin1,exact
Crypturellus strigulosus,Crypturellus strigulosus,avibase-FE2B5A6B,bratin1,exact
Crypturellus tataupa,Crypturellus tataupa,avibase-9C7F2C57,tattin1,exact
Crypturellus transfasciatus,Crypturellus transfasciatus,avibase-D303E7FF,pabtin1,exact
Crypturellus undulatus,Crypturellus undulatus,avibase-7A600A0F,undtin1,exact
Crypturellus variegatus,Crypturellus variegatus,avibase-F8BBC7A7,vartin1,exact
Cuculus canorus,Cuculus canorus,avibase-B3D2C3C5,comcuc,exact
Cuculus clamosus,Cuculus clamosus,avibase-EDB84334,blacuc1,exact
Cuculus gularis,Cuculus gularis,avibase-66931B3F,afrcuc1,exact
Cuculus lepidus,Cuculus lepidus,avibase-BC2989BC,suncuc2,exact
Cuculus micropterus,Cuculus micropterus,avibase-5CFEDF61,indcuc1,exact
Cuculus optatus,Cuculus optatus,avibase-6A735030,oricuc2,exact
Cuculus poliocephalus,Cuculus poliocephalus,avibase-FF41B79F,lescuc1,exact
Cuculus rochii,Cuculus rochii,avibase-C2E0717C,madcuc1,exact
Cuculus saturatus,Cuculus saturatus,avibase-66812DE2,himcuc1,exact
Cuculus solitarius,Cuculus solitarius,avibase-26A34DA5,reccuc1,exact
Culicicapa ceylonensis,Culicicapa ceylonensis,avibase-D9B57BA4,gyhcaf1,exact
Culicicapa helianthea,Culicicapa helianthea,avibase-15D49464,citcaf1,exact
Culicivora caudacuta,Culicivora caudacuta,avibase-6F253FCF,shttyr1,exact
Curaeus curaeus,Curaeus curaeus,avibase-12D5E6AE,ausbla1,exact
Curruca boehmi,Curruca boehmi,avibase-982C918E,banwar2,exact
Curruca communis,Curruca communis,avibase-14AFBA82,grewhi1,exact
Curruca conspicillata,Curruca conspicillata,avibase-BFECF5F8,spewar2,exact
Curruca crassirostris,Curruca crassirostris,avibase-37015E61,eaowar2,exact
Curruca curruca,Curruca curruca,avibase-0DCD05BE,leswhi4,exact
Curruca hortensis,Curruca hortensis,avibase-95E7E0E5,weowar2,exact
Curruca iberiae,Curruca iberiae,avibase-62A53820,subwar6,exact
Curruca melanocephala,Curruca melanocephala,avibase-B0D09483,sarwar1,exact
Curruca nisoria,Curruca nisoria,avibase-1EA60B94,barwar1,exact
Curruca subcoerulea,Curruca subcoerulea,avibase-C39D67AD,ruvwar2,exact
Curruca undata,Curruca undata,avibase-85629EF4,darwar1,exact
Cutia legalleni,Cutia legalleni,avibase-FD32868A,viecut1,exact
Cutia nipalensis,Cutia nipalensis,avibase-D7F4C39A,cutia1,exact
Cyanerpes caeruleus,Cyanerpes caeruleus,avibase-A0A7D1B2,purhon1,exact
Cyanerpes cyaneus,Cyanerpes cyaneus,avibase-5A126D27,relhon1,exact
Cyanicterus cyanicterus,Cyanicterus cyanicterus,avibase-846C5BDD,blbtan2,exact
Cyanistes caeruleus,Cyanistes caeruleus,avibase-9BE53D34,blutit,exact
Cyanistes cyanus,Cyanistes cyanus,avibase-184A6A8E,azutit2,exact
Cyanistes teneriffae,Cyanistes teneriffae,avibase-BE2B80F4,afbtit2,exact
Cyanocitta cristata,Cyanocitta cristata,avibase-1DA430B8,blujay,exact
Cyanocitta stelleri,Cyanocitta stelleri,avibase-2225D685,stejay,exact
Cyanocompsa parellina,Cyanocompsa parellina,avibase-C65A1784,blubun,exact
Cyanocorax affinis,Cyanocorax affinis,avibase-C63A2BBF,blcjay1,exact
Cyanocorax beecheii,Cyanocorax beecheii,avibase-97E7CC5E,pubjay1,exact
Cyanocorax caeruleus,Cyanocorax coeruleus,avibase-D435058A,azujay1,clements_english
Cyanocorax cayanus,Cyanocorax cayanus,avibase-9E218A3A,cayjay1,exact
Cyanocorax chrysops,Cyanocorax chrysops,avibase-5A64A7E7,plcjay1,exact
Cyanocorax cristatellus,Cyanocorax cristatellus,avibase-85FA7893,cucjay1,exact
Cyanocorax cyanomelas,Cyanocorax cyanomelas,avibase-F39AEC44,purjay1,exact
Cyanocorax cyanopogon,Cyanocorax cyanopogon,avibase-70FE041E,whnjay1,exact
Cyanocorax dickeyi,Cyanocorax dickeyi,avibase-735CC47C,tufjay1,exact
Cyanocorax melanocyaneus,Cyanocorax melanocyaneus,avibase-F4C0C70B,bucjay1,exact
Cyanocorax mystacalis,Cyanocorax mystacalis,avibase-B3CB727E,whtjay2,exact
Cyanocorax sanblasianus,Cyanocorax sanblasianus,avibase-DB6DC76D,sabjay,exact
Cyanocorax violaceus,Cyanocorax violaceus,avibase-6D69986E,viojay1,exact
Cyanocorax yncas,Cyanocorax yncas,avibase-361B447A,grnjay,exact
Cyanocorax yucatanicus,Cyanocorax yucatanicus,avibase-6462D4B8,yucjay1,exact
Cyanoderma chrysaeum,Cyanoderma chrysaeum,avibase-3D4BA49D,golbab1,exact
Cyanoderma erythropterum,Cyanoderma erythropterum,avibase-89FA492A,chwbab1,exact
Cyanoderma melanothorax,Cyanoderma melanothorax,avibase-BF54D9A6,crcbab1,exact
Cyanoderma pyrrhops,Cyanoderma pyrrhops,avibase-4C8DBC91,blcbab2,exact
Cyanoderma ruficeps,Cyanoderma ruficeps,avibase-8DA71DFB,rucbab1,exact
Cyanoderma rufifrons,Cyanoderma rufifrons,avibase-2D0AAC5C,rufbab10,exact
Cyanolanius madagascarinus,Cyanolanius madagascarinus,avibase-FCBB03B8,bluvan3,exact
Cyanoliseus patagonus,Cyanoliseus patagonus,avibase-1A7D8F6B,burpar,exact
Cyanoloxia brissonii,Cyanoloxia brissonii,avibase-7B852242,ultgro1,exact
Cyanoloxia cyanoides,Cyanoloxia cyanoides,avibase-BD833C24,bubgro1,exact
Cyanoloxia glaucocaerulea,Cyanoloxia glaucocaerulea,avibase-6954E4BE,glbgro1,exact
Cyanoloxia rothschildii,Cyanoloxia rothschildii,avibase-2D827450,bubgro2,exact
Cyanolyca armillata,Cyanolyca armillata,avibase-423B3BE4,blcjay2,exact
Cyanolyca cucullata,Cyanolyca cucullata,avibase-F87415DC,azhjay1,exact
Cyanolyca mirabilis,Cyanolyca mirabilis,avibase-932A34CA,whtjay1,exact
Cyanolyca nanus,Cyanolyca nanus,avibase-945C18FA,dwajay1,exact
Cyanolyca pulchra,Cyanolyca pulchra,avibase-9C916E02,beajay1,exact
Cyanolyca pumilo,Cyanolyca pumilo,avibase-642F6054,bltjay1,exact
Cyanolyca turcosa,Cyanolyca turcosa,avibase-0844621D,turjay1,exact
Cyanolyca viridicyanus,Cyanolyca viridicyanus,avibase-C0A71EF3,whcjay2,exact
Cyanomitra cyanolaema,Cyanomitra cyanolaema,avibase-36A24C79,btbsun2,exact
Cyanomitra olivacea,Cyanomitra olivacea,avibase-EE79A5EF,eaosun1,exact
Cyanomitra veroxii,Cyanomitra veroxii,avibase-C1CBA33A,mocsun2,exact
Cyanomitra verticalis,Cyanomitra verticalis,avibase-6DE16262,gnhsun1,exact
Cyanopica cooki,Cyanopica cooki,avibase-D30A8AE1,azwmag3,exact
Cyanopica cyanus,Cyanopica cyanus,avibase-659D6E44,azwmag2,exact
Cyanoptila cumatilis,Cyanoptila cumatilis,avibase-BC81D33B,zapfly1,exact
Cyanoptila cyanomelana,Cyanoptila cyanomelana,avibase-B7679B3F,bawfly2,exact
Cyanoramphus novaezelandiae,Cyanoramphus novaezelandiae,avibase-818BB432,refpar4,exact
Cyclarhis gujanensis,Cyclarhis gujanensis,avibase-8776BD04,rubpep1,exact
Cyclarhis nigrirostris,Cyclarhis nigrirostris,avibase-444E5987,blbpep1,exact
Cygnus atratus,Cygnus atratus,avibase-46B54DB1,blkswa,exact
Cygnus buccinator,Cygnus buccinator,avibase-B86C504C,truswa,exact
Cygnus columbianus,Cygnus columbianus,avibase-0BCBA6B9,tunswa,exact
Cygnus cygnus,Cygnus cygnus,avibase-BDDB5670,whoswa,exact
Cygnus melancoryphus,Cygnus melancoryphus,avibase-B8C652E6,blnswa2,exact
Cygnus olor,Cygnus olor,avibase-694C127A,mutswa,exact
Cymbilaimus lineatus,Cymbilaimus lineatus,avibase-86C7F489,fasant1,exact
Cymbilaimus sanctaemariae,Cymbilaimus sanctaemariae,avibase-279C7965,bamant1,exact
Cymbirhynchus macrorhynchos,Cymbirhynchus macrorhynchos,avibase-2F81A394,barbro1,exact
Cynanthus latirostris,Cynanthus latirostris,avibase-C29BA985,brbhum,exact
Cyornis caerulatus,Cyornis caerulatus,avibase-52C69037,lobblf1,exact
Cyornis concretus,Leucoptilon concretum,avibase-63EF266B,whtfly2,clements_english
Cyornis glaucicomans,Cyornis glaucicomans,avibase-1937A3C8,butfly2,exact
Cyornis hainanus,Cyornis hainanus,avibase-1326E292,habfly1,exact
Cyornis hoevelli,Eumyias hoevelli,avibase-64C5A03E,blffly1,clements_english
Cyornis olivaceus,Cyornis olivaceus,avibase-9265448C,fucjuf1,exact
Cyornis omissus,Cyornis omissus,avibase-24E87291,subfly1,exact
Cyornis pallidipes,Cyornis pallidipes,avibase-C29DEB80,wbbfly1,exact
Cyornis poliogenys,Cyornis poliogenys,avibase-786EFC15,pacblf1,exact
Cyornis rubeculoides,Cyornis rubeculoides,avibase-7CB43266,butfly1,exact
Cyornis rufigastra,Cyornis rufigastra,avibase-52840970,mabfly2,exact
Cyornis sumatrensis,Cyornis sumatrensis,avibase-16C6AC8A,tibfly4,exact
Cyornis superbus,Cyornis superbus,avibase-CA394EC6,bobfly2,exact
Cyornis tickelliae,Cyornis tickelliae,avibase-0EA33C18,tibfly3,exact
Cyornis turcosus,Cyornis turcosus,avibase-A35345E1,mabfly1,exact
Cyornis umbratilis,Cyornis umbratilis,avibase-F63B6317,gycjuf1,exact
Cyornis unicolor,Cyornis unicolor,avibase-480F2C3C,pabfly2,exact
Cyornis whitei,Cyornis whitei,avibase-869DE48B,hibfly1,exact
Cyphorhinus arada,Cyphorhinus arada,avibase-FAF1A289,muswre2,exact
Cyphorhinus phaeocephalus,Cyphorhinus phaeocephalus,avibase-AC56BC49,sonwre1,exact
Cyphorhinus thoracicus,Cyphorhinus thoracicus,avibase-0664F1F4,chbwre3,exact
Cypseloides niger,Cypseloides niger,avibase-7FB66FEB,blkswi,exact
Cypsiurus balasiensis,Cypsiurus balasiensis,avibase-83C40F89,aspswi1,exact
Cypsiurus parvus,Cypsiurus parvus,avibase-DA106373,afpswi1,exact
Cypsnagra hirundinacea,Cypsnagra hirundinacea,avibase-1CB32C48,whrtan1,exact
Cyrtonyx montezumae,Cyrtonyx montezumae,avibase-6A641ED7,monqua,exact
Cyrtonyx ocellatus,Cyrtonyx ocellatus,avibase-A5DA64FF,ocequa1,exact
Dacelo gaudichaud,Dacelo gaudichaud,avibase-8AA36DB0,rubkoo1,exact
Dacelo leachii,Dacelo leachii,avibase-6F0C3A53,blwkoo1,exact
Dacelo novaeguineae,Dacelo novaeguineae,avibase-94AF4A47,laukoo1,exact
Dacnis cayana,Dacnis cayana,avibase-C72B6A62,bludac1,exact
Dacnis flaviventer,Dacnis flaviventer,avibase-85288724,yebdac1,exact
Dacnis lineata,Dacnis lineata,avibase-B2FA0B23,,exact
Dacnis venusta,Dacnis venusta,avibase-223EB3AD,sctdac1,exact
Dactylortyx thoracicus,Dactylortyx thoracicus,avibase-CDF3BB98,sinqua1,exact
Daphoenositta chrysoptera,Daphoenositta chrysoptera,avibase-99536A00,varsit8,exact
Daption capense,Daption capense,avibase-AAC2D613,cappet,exact
Daptrius ater,Daptrius ater,avibase-9D271B2D,blacar1,exact
Dasylophus cumingi,Dasylophus cumingi,avibase-653D9BD0,scfmal1,exact
Dasyornis brachypterus,Dasyornis brachypterus,avibase-68FB5B90,easbri1,exact
Dasyornis broadbenti,Dasyornis broadbenti,avibase-CA9DB79D,rufbri1,exact
Dasyornis longirostris,Dasyornis longirostris,avibase-8710A7E5,wesbri1,exact
Deconychura longicauda,Deconychura longicauda,avibase-15B327AC,lotwoo4,exact
Delichon dasypus,Delichon dasypus,avibase-15FD4123,ashmar1,exact
Delichon urbicum,Delichon urbicum,avibase-30FEC6BE,comhom1,exact
Dendragapus fuliginosus,Dendragapus fuliginosus,avibase-E4A5B66A,soogro1,exact
Dendragapus obscurus,Dendragapus obscurus,avibase-A55D83A9,dusgro,exact
Dendrexetastes rufigula,Dendrexetastes rufigula,avibase-272E0085,citwoo1,exact
Dendrocincla anabatina,Dendrocincla anabatina,avibase-635B57DB,tawwoo1,exact
Dendrocincla fuliginosa,Dendrocincla fuliginosa,avibase-A31278C7,plbwoo1,exact
Dendrocincla homochroa,Dendrocincla homochroa,avibase-A36EA748,rudwoo1,exact
Dendrocincla merula,Dendrocincla merula,avibase-A3525AA5,whcwoo1,exact
Dendrocincla turdina,Dendrocincla turdina,avibase-D0715ED8,plwwoo1,exact
Dendrocincla tyrannina,Dendrocincla tyrannina,avibase-871963BC,tyrwoo1,exact
Dendrocitta cinerascens,Dendrocitta cinerascens,avibase-1DF3553B,bortre1,exact
Dendrocitta formosae,Dendrocitta formosae,avibase-81FFAAC2,grytre1,exact
Dendrocitta leucogastra,Dendrocitta leucogastra,avibase-C7567600,whbtre1,exact
Dendrocitta vagabunda,Dendrocitta vagabunda,avibase-959E1633,ruftre2,exact
Dendrocolaptes certhia,Dendrocolaptes certhia,avibase-8B206172,amabaw1,exact
Dendrocolaptes picumnus,Dendrocolaptes picumnus,avibase-3459505D,blbwoo1,exact
Dendrocolaptes platyrostris,Dendrocolaptes platyrostris,avibase-47AA703F,plawoo1,exact
Dendrocolaptes sanctithomae,Dendrocolaptes sanctithomae,avibase-89B7BA8E,nobwoo1,exact
Dendrocopos analis,Dendrocopos analis,avibase-036D7192,frbwoo1,exact
Dendrocopos darjellensis,Dendrocopos darjellensis,avibase-16E5AF15,darwoo1,exact
Dendrocopos himalayensis,Dendrocopos himalayensis,avibase-C6F400B4,himwoo1,exact
Dendrocopos hyperythrus,Dendrocopos hyperythrus,avibase-DC1B8B91,rubwoo1,exact
Dendrocopos leucopterus,Dendrocopos leucopterus,avibase-E8AFCFD1,whwwoo1,exact
Dendrocopos leucotos,Dendrocopos leucotos,avibase-4507ACD7,whbwoo1,exact
Dendrocopos macei,Dendrocopos macei,avibase-00B39690,fubwoo2,exact
Dendrocopos major,Dendrocopos major,avibase-D754DB85,grswoo,exact
Dendrocopos syriacus,Dendrocopos syriacus,avibase-3F54E5FD,syrwoo1,exact
Dendrocoptes auriceps,Dendrocoptes auriceps,avibase-3716A0FB,brfwoo1,exact
Dendrocoptes medius,Dendrocoptes medius,avibase-504B2FD4,miswoo1,exact
Dendrocygna arcuata,Dendrocygna arcuata,avibase-69D272A6,wawduc1,exact
Dendrocygna autumnalis,Dendrocygna autumnalis,avibase-C01A22D6,bbwduc,exact
Dendrocygna bicolor,Dendrocygna bicolor,avibase-9A60617E,fuwduc,exact
Dendrocygna eytoni,Dendrocygna eytoni,avibase-A467AD00,plwduc1,exact
Dendrocygna javanica,Dendrocygna javanica,avibase-BD683E6E,lewduc1,exact
Dendrocygna viduata,Dendrocygna viduata,avibase-A534AFEA,wfwduc1,exact
Dendroma erythroptera,Dendroma erythroptera,avibase-74802DF9,chwfog1,exact
Dendroma rufa,Dendroma rufa,avibase-A9CCA8B6,bffgle,exact
Dendronanthus indicus,Dendronanthus indicus,avibase-8E872FAA,forwag1,exact
Dendroplex picus,Dendroplex picus,avibase-9C163605,stbwoo2,exact
Dendrortyx barbatus,Dendrortyx barbatus,avibase-B2082233,bewpar1,exact
Dendrortyx leucophrys,Dendrortyx leucophrys,avibase-AF3E329B,bcwpar1,exact
Dendrortyx macroura,Dendrortyx macroura,avibase-B6A6A4A0,ltwpar1,exact
Deroptyus accipitrinus,Deroptyus accipitrinus,avibase-821D0A48,refpar3,exact
Dicaeum aeneum,Dicaeum aeneum,avibase-7BFF5F7A,midflo1,exact
Dicaeum agile,Pachyglossa agilis,avibase-78B55ACC,thbflo1,clements_english
Dicaeum australe,Dicaeum australe,avibase-1C0CB747,resflo1,exact
Dicaeum chrysorrheum,Pachyglossa chrysorrhea,avibase-4AFCA9BB,yevflo1,clements_english
Dicaeum concolor,Dicaeum concolor,avibase-62585CD8,plaflo1,exact
Dicaeum cruentatum,Dicaeum cruentatum,avibase-10016732,scbflo1,exact
Dicaeum erythrorhynchos,Dicaeum erythrorhynchos,avibase-BDB26F7B,pabflo1,exact
Dicaeum hirundinaceum,Dicaeum hirundinaceum,avibase-4E08D31A,mistle1,exact
Dicaeum ignipectus,Dicaeum ignipectus,avibase-907DF569,fibflo1,exact
Dicaeum minullum,Dicaeum minullum,avibase-F26BDDA7,plaflo2,exact
Dicaeum pygmaeum,Dicaeum pygmaeum,avibase-4E318300,pygflo1,exact
Dicaeum trigonostigma,Dicaeum trigonostigma,avibase-3E81AAE0,orbflo1,exact
Dicaeum tristrami,Dicaeum tristrami,avibase-376EC06B,motflo1,exact
Dichrozona cincta,Dichrozona cincta,avibase-4D776E0B,banant2,exact
Dicrurus adsimilis,Dicrurus adsimilis,avibase-11FE7313,fotdro5,exact
Dicrurus aeneus,Dicrurus aeneus,avibase-DD177B0B,brodro1,exact
Dicrurus andamanensis,Dicrurus andamanensis,avibase-EED766E8,anddro1,exact
Dicrurus annectens,Dicrurus annectens,avibase-DC9537C7,crbdro1,exact
Dicrurus atripennis,Dicrurus atripennis,avibase-28AC53BE,shidro1,exact
Dicrurus balicassius,Dicrurus balicassius,avibase-C9B27637,balica1,exact
Dicrurus bracteatus,Dicrurus bracteatus,avibase-FEB566B5,spadro1,exact
Dicrurus caerulescens,Dicrurus caerulescens,avibase-994E98B3,whbdro1,exact
Dicrurus forficatus,Dicrurus forficatus,avibase-6B0FC56C,credro1,exact
Dicrurus hottentottus,Dicrurus hottentottus,avibase-00E2192F,hacdro1,exact
Dicrurus leucophaeus,Dicrurus leucophaeus,avibase-5FD53BB1,ashdro1,exact
Dicrurus ludwigii,Dicrurus ludwigii,avibase-E79026DE,cstdro1,exact
Dicrurus macrocercus,Dicrurus macrocercus,avibase-D90F9B0B,bladro1,exact
Dicrurus montanus,Dicrurus montanus,avibase-8C728466,suldro1,exact
Dicrurus paradiseus,Dicrurus paradiseus,avibase-2042CD42,grtdro1,exact
Dicrurus remifer,Dicrurus remifer,avibase-B5EE2DEF,lrtdro1,exact
Diglossa albilatera,Diglossa albilatera,avibase-C33D6D15,whsflo1,exact
Diglossa baritula,Diglossa baritula,avibase-C143A152,cibflo1,exact
Diglossa brunneiventris,Diglossa brunneiventris,avibase-C77C89B2,bktflo1,exact
Diglossa caerulescens,Diglossa caerulescens,avibase-C14678F4,bluflo1,exact
Diglossa cyanea,Diglossa cyanea,avibase-480CCA00,masflo1,exact
Diglossa glauca,Diglossa glauca,avibase-ACA0A34E,debflo1,exact
Diglossa gloriosissima,Diglossa gloriosissima,avibase-B5A814A5,chbflo1,exact
Diglossa humeralis,Diglossa humeralis,avibase-CC7387DB,blkflo1,exact
Diglossa indigotica,Diglossa indigotica,avibase-AC4EB902,indflo1,exact
Diglossa lafresnayii,Diglossa lafresnayii,avibase-2C186D87,gloflo1,exact
Diglossa mystacalis,Diglossa mystacalis,avibase-24F6EAA1,mouflo1,exact
Diglossa plumbea,Diglossa plumbea,avibase-ECCF2395,slaflo1,exact
Diglossa sittoides,Diglossa sittoides,avibase-4D0ECEE5,rusflo1,exact
Dinemellia dinemelli,Dinemellia dinemelli,avibase-00B07B12,whbwea1,exact
Dinopium benghalense,Dinopium benghalense,avibase-4E1BC720,bkrfla1,exact
Dinopium javanense,Dinopium javanense,avibase-8A613564,comfla1,exact
Dinopium rafflesii,Gecinulus rafflesii,avibase-FFD0A230,olbwoo2,clements_english
Diomedea exulans,Diomedea exulans,avibase-A28D8D38,wanalb1,exact
Diopsittaca nobilis,Diopsittaca nobilis,avibase-A4E6B481,resmac2,exact
Diuca diuca,Diuca diuca,avibase-4DF5197A,codfin1,exact
Dives dives,Dives dives,avibase-19784EAF,melbla1,exact
Dives warczewiczi,Dives warczewiczi,avibase-6C3773C7,scrbla1,exact
Dolichonyx oryzivorus,Dolichonyx oryzivorus,avibase-F845062F,boboli,exact
Donacobius atricapilla,Donacobius atricapilla,avibase-878C7D44,bkcdon,exact
Donacospiza albifrons,Donacospiza albifrons,avibase-DA61C0A1,ltrfin1,exact
Doryfera ludovicae,Doryfera ludovicae,avibase-0EB01930,grflan1,exact
Drepanis coccinea,Drepanis coccinea,avibase-A71C0CB7,iiwi,exact
Drepanornis albertisi,Drepanornis albertisi,avibase-B6F1F3D3,blbsic1,exact
Dromas ardeola,Dromas ardeola,avibase-C3E33FEB,craplo1,exact
Dromococcyx pavoninus,Dromococcyx pavoninus,avibase-489295C7,pavcuc1,exact
Dromococcyx phasianellus,Dromococcyx phasianellus,avibase-D3951510,phecuc1,exact
Drymodes brunneopygia,Drymodes brunneopygia,avibase-0608D05C,sosrob1,exact
Drymophila caudata,Drymophila caudata,avibase-4B4906E5,lotant1,exact
Drymophila devillei,Drymophila devillei,avibase-3C30F1FF,strant2,exact
Drymophila ferruginea,Drymophila ferruginea,avibase-709726B5,ferant1,exact
Drymophila genei,Drymophila genei,avibase-E61F1309,rutant1,exact
Drymophila hellmayri,Drymophila hellmayri,avibase-7694CC98,samant2,exact
Drymophila klagesi,Drymophila klagesi,avibase-1529C213,klaant2,exact
Drymophila malura,Drymophila malura,avibase-CD39AC6E,dutant1,exact
Drymophila ochropyga,Drymophila ochropyga,avibase-FE350DF7,ocrant1,exact
Drymophila rubricollis,Drymophila rubricollis,avibase-65F875D0,berant1,exact
Drymophila squamata,Drymophila squamata,avibase-ECED89A9,scaant2,exact
Drymophila striaticeps,Drymophila striaticeps,avibase-C48433AA,sthant1,exact
Drymornis bridgesii,Drymornis bridgesii,avibase-12FF1A15,scbwoo4,exact
Dryobates affinis,Veniliornis affinis,avibase-E6263EA8,reswoo1,clements_english
Dryobates albolarvatus,Leuconotopicus albolarvatus,avibase-6C74415D,whhwoo,clements_english
Dryobates arizonae,Leuconotopicus arizonae,avibase-0DA5CC35,ariwoo,clements_english
Dryobates borealis,Leuconotopicus borealis,avibase-0BFCAE79,recwoo,clements_english
Dryobates callonotus,Veniliornis callonotus,avibase-3AA3F6E4,scbwoo3,clements_english
Dryobates cassini,Veniliornis cassini,avibase-C17751ED,gocwoo2,clements_english
Dryobates cathpharius,Dryobates cathpharius,avibase-5B8F3EA2,crbwoo6,exact
Dryobates dignus,Veniliornis dignus,avibase-34E5F17C,yevwoo1,clements_english
Dryobates frontalis,Veniliornis frontalis,avibase-3CB11881,dofwoo1,clements_english
Dryobates fumigatus,Leuconotopicus fumigatus,avibase-5481FBB2,smbwoo1,clements_english
Dryobates kirkii,Veniliornis kirkii,avibase-CB586CF6,rerwoo1,clements_english
Dryobates lignarius,Veniliornis lignarius,avibase-D205DDEE,strwoo6,clements_english
Dryobates maculifrons,Veniliornis maculifrons,avibase-EA9E9A2D,yeewoo1,clements_english
Dryobates minor,Dryobates minor,avibase-AB2F4BC0,leswoo1,exact
Dryobates mixtus,Veniliornis mixtus,avibase-88632649,chewoo3,clements_english
Dryobates nigriceps,Veniliornis nigriceps,avibase-FED6FBFC,babwoo2,clements_english
Dryobates nuttallii,Dryobates nuttallii,avibase-FA087E52,nutwoo,exact
Dryobates passerinus,Veniliornis passerinus,avibase-898101E6,litwoo2,clements_english
Dryobates pubescens,Dryobates pubescens,avibase-1B2A6386,dowwoo,exact
Dryobates scalaris,Dryobates scalaris,avibase-2CE418F2,labwoo,exact
Dryobates spilogaster,Veniliornis spilogaster,avibase-68000D95,whswoo2,clements_english
Dryobates stricklandi,Leuconotopicus stricklandi,avibase-97F0A2DF,strwoo,clements_english
Dryobates villosus,Leuconotopicus villosus,avibase-9D06AF89,haiwoo,clements_english
Dryocopus javensis,Dryocopus javensis,avibase-08741518,whbwoo2,exact
Dryocopus lineatus,Dryocopus lineatus,avibase-3CD8FECC,linwoo1,exact
Dryocopus martius,Dryocopus martius,avibase-EDB4BBA6,blawoo1,exact
Dryocopus pileatus,Dryocopus pileatus,avibase-00635FF9,pilwoo,exact
Dryocopus schulzii,Dryocopus schulzii,avibase-43089030,blbwoo3,exact
Dryolimnas cuvieri,Dryolimnas cuvieri,avibase-41D9C3F5,whtrai1,exact
Dryoscopus cubla,Dryoscopus cubla,avibase-00855728,blbpuf2,exact
Dryoscopus gambensis,Dryoscopus gambensis,avibase-7DE7F0ED,norpuf1,exact
Dubusia castaneoventris,Dubusia castaneoventris,avibase-8D39D4CB,cbmtan1,exact
Dubusia taeniata,Dubusia taeniata,avibase-E9BC5A13,bubmot3,exact
Ducula aenea,Ducula aenea,avibase-579C780F,gripig1,exact
Ducula badia,Ducula badia,avibase-16E10A30,moipig1,exact
Ducula basilica,Ducula basilica,avibase-9E62A587,cbipig2,exact
Ducula bicolor,Ducula bicolor,avibase-61DC1C21,piipig1,exact
Ducula concinna,Ducula concinna,avibase-D3D367E9,elipig1,exact
Ducula lacernulata,Ducula lacernulata,avibase-DE801C89,dbipig1,exact
Ducula latrans,Ducula latrans,avibase-F834A4DD,peipig1,exact
Ducula pacifica,Ducula pacifica,avibase-2081777C,paipig1,exact
Ducula perspicillata,Ducula perspicillata,avibase-1F49D2C5,wheimp2,exact
Ducula pinon,Ducula pinon,avibase-1E6361D1,piipig2,exact
Ducula pistrinaria,Ducula pistrinaria,avibase-FF2005EB,isipig1,exact
Ducula poliocephala,Ducula poliocephala,avibase-31042F32,pbipig1,exact
Ducula rubricera,Ducula rubricera,avibase-D03EA6BA,rkipig1,exact
Ducula spilorrhoa,Ducula spilorrhoa,avibase-A251CB8F,torimp1,exact
Ducula zoeae,Ducula zoeae,avibase-7656697A,zoeimp1,exact
Dulus dominicus,Dulus dominicus,avibase-A274284B,palmch1,exact
Dumetella carolinensis,Dumetella carolinensis,avibase-95B77F08,grycat,exact
Dumetia atriceps,Dumetia atriceps,avibase-B517FCCC,dafbab1,exact
Dumetia hyperythra,Dumetia hyperythra,avibase-DC4FBF45,tabbab1,exact
Dysithamnus leucostictus,Dysithamnus leucostictus,avibase-0DA3A022,whsant4,exact
Dysithamnus mentalis,Dysithamnus mentalis,avibase-90AD65F2,plaant1,exact
Dysithamnus occidentalis,Dysithamnus occidentalis,avibase-F894C140,bicant4,exact
Dysithamnus plumbeus,Dysithamnus plumbeus,avibase-C355BFF5,pluant3,exact
Dysithamnus puncticeps,Dysithamnus puncticeps,avibase-D8D88AC0,spcant1,exact
Dysithamnus stictothorax,Dysithamnus stictothorax,avibase-E2B091E8,spbant5,exact
Dysithamnus striaticeps,Dysithamnus striaticeps,avibase-28CB49C7,stcant1,exact
Dysithamnus xanthopterus,Dysithamnus xanthopterus,avibase-85F353D8,rubant2,exact
Eclectus roratus,Eclectus roratus,avibase-88A336F3,eclpar1,exact
Edolisoma montanum,Edolisoma montanum,avibase-419003AD,bkbcus2,exact
Edolisoma tenuirostre,Edolisoma tenuirostre,avibase-8EC4024D,cicada1,exact
Egretta caerulea,Egretta caerulea,avibase-11512CF4,libher,exact
Egretta eulophotes,Egretta eulophotes,avibase-A8E3A3DA,chiegr,exact
Egretta garzetta,Egretta garzetta,avibase-F2858F9F,litegr,exact
Egretta gularis,Egretta gularis,avibase-DF32B1F9,werher,exact
Egretta novaehollandiae,Egretta novaehollandiae,avibase-21044CEC,whfher1,exact
Egretta rufescens,Egretta rufescens,avibase-D8A24A3E,redegr,exact
Egretta sacra,Egretta sacra,avibase-C79F1BF8,pacreh1,exact
Egretta thula,Egretta thula,avibase-AA7901D8,snoegr,exact
Egretta tricolor,Egretta tricolor,avibase-031409C7,triher,exact
Elachura formosa,Elachura formosa,avibase-2721665B,spwbab1,exact
Elaenia albiceps,Elaenia albiceps,avibase-611C997C,whcela1,exact
Elaenia brachyptera,Elaenia brachyptera,avibase-21774F5F,cooela1,exact
Elaenia chiriquensis,Elaenia chiriquensis,avibase-6AC0CC9E,lesela1,exact
Elaenia cristata,Elaenia cristata,avibase-4D9DD372,plcela1,exact
Elaenia fallax,Elaenia fallax,avibase-329042B8,graela3,exact
Elaenia flavogaster,Elaenia flavogaster,avibase-B655AA73,yebela1,exact
Elaenia frantzii,Elaenia frantzii,avibase-97AD0B38,mouela1,exact
Elaenia gigas,Elaenia gigas,avibase-2956BBB3,mobela1,exact
Elaenia martinica,Elaenia martinica,avibase-14ED46F0,carela1,exact
Elaenia mesoleuca,Elaenia mesoleuca,avibase-117278D5,oliela1,exact
Elaenia obscura,Elaenia obscura,avibase-E6A70247,higela2,exact
Elaenia olivina,Elaenia olivina,avibase-0E78426E,sieela2,exact
Elaenia pallatangae,Elaenia pallatangae,avibase-A443B64D,sieela3,exact
Elaenia parvirostris,Elaenia parvirostris,avibase-93E59B5B,smbela1,exact
Elaenia ruficeps,Elaenia ruficeps,avibase-D4A776C8,rucela1,exact
Elaenia sordida,Elaenia sordida,avibase-6DC8331E,higela3,exact
Elaenia spectabilis,Elaenia spectabilis,avibase-79E26221,larela1,exact
Elaenia strepera,Elaenia strepera,avibase-7DDAC0D3,slaela1,exact
Elanoides forficatus,Elanoides forficatus,avibase-1BAC6645,swtkit,exact
Elanus caeruleus,Elanus caeruleus,avibase-97C47F3E,bkskit1,exact
Elanus leucurus,Elanus leucurus,avibase-CAA5E106,whtkit,exact
Electron carinatum,Electron carinatum,avibase-A8FEEA01,kebmot1,exact
Electron platyrhynchum,Electron platyrhynchum,avibase-87A54177,brbmot1,exact
Eleoscytalopus indigoticus,Eleoscytalopus indigoticus,avibase-C1D36A4D,whbtap1,exact
Eleothreptus anomalus,Eleothreptus anomalus,avibase-3B0F1017,siwnig1,exact
Elliotomyia chionogaster,Elliotomyia chionogaster,avibase-18C03F5D,whbhum1,exact
Elminia albonotata,Elminia albonotata,avibase-18ED7458,wtcfly1,exact
Elminia longicauda,Elminia longicauda,avibase-56209052,afbfly1,exact
Elseyornis melanops,Thinornis melanops,avibase-124EBA0D,blfdot1,clements_english
Emarginata sinuata,Emarginata sinuata,avibase-BF0859C5,siccha1,exact
Emberiza aureola,Emberiza aureola,avibase-7574C0E5,yebbun,exact
Emberiza bruniceps,Emberiza bruniceps,avibase-DBF8D184,rehbun1,exact
Emberiza buchanani,Emberiza buchanani,avibase-CF70007E,gyhbun1,exact
Emberiza cabanisi,Emberiza cabanisi,avibase-45059BE8,cabbun1,exact
Emberiza caesia,Emberiza caesia,avibase-A7F3E6AE,crebun2,exact
Emberiza calandra,Emberiza calandra,avibase-9A87EBB0,corbun1,exact
Emberiza capensis,Emberiza capensis,avibase-DE27F1FA,capbun1,exact
Emberiza chrysophrys,Emberiza chrysophrys,avibase-4A50E265,yebbun1,exact
Emberiza cia,Emberiza cia,avibase-4836E64E,rocbun1,exact
Emberiza cineracea,Emberiza cineracea,avibase-7C5AC300,cinbun1,exact
Emberiza cioides,Emberiza cioides,avibase-2D55EC45,meabun1,exact
Emberiza cirlus,Emberiza cirlus,avibase-9AAB8C21,cirbun1,exact
Emberiza citrinella,Emberiza citrinella,avibase-56FB47C0,yellow2,exact
Emberiza elegans,Emberiza elegans,avibase-82D1EE00,yetbun1,exact
Emberiza flaviventris,Emberiza flaviventris,avibase-D1C1A026,gobbun1,exact
Emberiza fucata,Emberiza fucata,avibase-465C35EF,chebun2,exact
Emberiza godlewskii,Emberiza godlewskii,avibase-EF5E5726,godbun1,exact
Emberiza hortulana,Emberiza hortulana,avibase-47210561,ortbun1,exact
Emberiza impetuani,Emberiza impetuani,avibase-6D102D72,lalbun1,exact
Emberiza lathami,Emberiza lathami,avibase-2A4F0DB3,crebun1,exact
Emberiza leucocephalos,Emberiza leucocephalos,avibase-43EF3EA7,pinbun,exact
Emberiza melanocephala,Emberiza melanocephala,avibase-E2D2CB88,blhbun1,exact
Emberiza pallasi,Emberiza pallasi,avibase-C6D6D547,palbun,exact
Emberiza pusilla,Emberiza pusilla,avibase-1866F80E,litbun,exact
Emberiza rustica,Emberiza rustica,avibase-DA9746CE,rusbun,exact
Emberiza sahari,Emberiza sahari,avibase-C7C1A6EB,houbun3,exact
Emberiza schoeniclus,Emberiza schoeniclus,avibase-C0B97874,reebun,exact
Emberiza spodocephala,Emberiza spodocephala,avibase-9787BE57,bkfbun1,exact
Emberiza stewarti,Emberiza stewarti,avibase-E272C456,chbbun1,exact
Emberiza striolata,Emberiza striolata,avibase-CDF4A106,houbun2,exact
Emberiza sulphurata,Emberiza sulphurata,avibase-AB73D3C9,yelbun1,exact
Emberiza tahapisi,Emberiza tahapisi,avibase-0C571D99,cibbun1,exact
Emberiza tristrami,Emberiza tristrami,avibase-A81C4DA6,tribun1,exact
Emberiza variabilis,Emberiza variabilis,avibase-DB4D5342,grybun,exact
Emberiza yessoensis,Emberiza yessoensis,avibase-D8A797E4,ocrbun1,exact
Emberizoides herbicola,Emberizoides herbicola,avibase-BA6FDF30,wtgfin1,exact
Emberizoides ypiranganus,Emberizoides ypiranganus,avibase-26E82632,lesgrf1,exact
Embernagra longicauda,Embernagra longicauda,avibase-0AFB74BC,ptpfin1,exact
Embernagra platensis,Embernagra platensis,avibase-1083DB63,grpfin1,exact
Eminia lepida,Eminia lepida,avibase-31E5F1E9,gycwar3,exact
Empidonax affinis,Empidonax affinis,avibase-010B758B,pinfly1,exact
Empidonax albigularis,Empidonax albigularis,avibase-5CFE6F0D,whtfly1,exact
Empidonax alnorum,Empidonax alnorum,avibase-33808812,aldfly,exact
Empidonax atriceps,Empidonax atriceps,avibase-C5DC7CA8,blcfly1,exact
Empidonax difficilis,Empidonax difficilis,avibase-B12B8816,wesfly,exact
Empidonax flavescens,Empidonax flavescens,avibase-DEE07215,yelfly1,exact
Empidonax flaviventris,Empidonax flaviventris,avibase-7B0669CB,yebfly,exact
Empidonax fulvifrons,Empidonax fulvifrons,avibase-58AC300F,bubfly,exact
Empidonax hammondii,Empidonax hammondii,avibase-1EB2595E,hamfly,exact
Empidonax minimus,Empidonax minimus,avibase-F5837054,leafly,exact
Empidonax oberholseri,Empidonax oberholseri,avibase-499FFF98,dusfly,exact
Empidonax traillii,Empidonax traillii,avibase-5BC4E0EF,wilfly,exact
Empidonax virescens,Empidonax virescens,avibase-2778A3F4,acafly,exact
Empidonax wrightii,Empidonax wrightii,avibase-DACF7A98,gryfly,exact
Empidonomus aurantioatrocristatus,Empidonomus aurantioatrocristatus,avibase-1BAC8667,croslf1,exact
Empidonomus varius,Empidonomus varius,avibase-BD902263,varfly,exact
Enicognathus ferrugineus,Enicognathus ferrugineus,avibase-7A8B7C27,auspar1,exact
Enicognathus leptorhynchus,Enicognathus leptorhynchus,avibase-534CC52A,slbpar1,exact
Enicurus leschenaulti,Enicurus leschenaulti,avibase-FC7AF7E6,whcfor1,exact
Enicurus maculatus,Enicurus maculatus,avibase-94160C77,spofor1,exact
Enicurus schistaceus,Enicurus schistaceus,avibase-B04A5C77,slbfor1,exact
Entomodestes coracinus,Entomodestes coracinus,avibase-C2CEE19A,blasol1,exact
Entomodestes leucotis,Entomodestes leucotis,avibase-26A08D59,whesol1,exact
Entomyzon cyanotis,Entomyzon cyanotis,avibase-3EB7F778,blfhon1,exact
Eolophus roseicapilla,Eolophus roseicapilla,avibase-155F5285,galah,exact
Eophona migratoria,Eophona migratoria,avibase-507C9379,yebgro1,exact
Eophona personata,Eophona personata,avibase-A682E863,japgro1,exact
Eopsaltria australis,Eopsaltria australis,avibase-FB313820,yelrob1,exact
Epimachus fastosus,Epimachus fastosus,avibase-7F57334C,blasic1,exact
Epimachus meyeri,Epimachus meyeri,avibase-6117EEE5,brosic1,exact
Epinecrophylla amazonica,Epinecrophylla amazonica,avibase-88FBA009,madant1,exact
Epinecrophylla erythrura,Epinecrophylla erythrura,avibase-A682D4FB,rutant3,exact
Epinecrophylla fulviventris,Epinecrophylla fulviventris,avibase-CB6DE0FA,chtant1,exact
Epinecrophylla gutturalis,Epinecrophylla gutturalis,avibase-4D816F31,brbant2,exact
Epinecrophylla haematonota,Epinecrophylla haematonota,avibase-BF22DBB9,rubsti1,exact
Epinecrophylla leucophthalma,Epinecrophylla leucophthalma,avibase-C87901AC,wheant1,exact
Epinecrophylla ornata,Epinecrophylla ornata,avibase-643037FC,ornant1,exact
Epinecrophylla spodionota,Epinecrophylla spodionota,avibase-A186C9C6,fooant1,exact
Epthianura tricolor,Epthianura tricolor,avibase-6A8D3C1E,cricha1,exact
Eremomela gregalis,Eremomela gregalis,avibase-728CFC23,yerere1,exact
Eremomela icteropygialis,Eremomela icteropygialis,avibase-183E7FD0,yebere1,exact
Eremomela pusilla,Eremomela pusilla,avibase-330BEC7E,senere1,exact
Eremomela scotops,Eremomela scotops,avibase-0394BA0B,greere1,exact
Eremophila alpestris,Eremophila alpestris,avibase-FC0A1D95,horlar,exact
Eremopterix griseus,Eremopterix griseus,avibase-73ED9A54,ascspl1,exact
Eremopterix hova,Eremopterix hova,avibase-E6FDE8D9,madlar1,exact
Eremopterix nigriceps,Eremopterix nigriceps,avibase-8C357822,bcslar1,exact
Erithacus rubecula,Erithacus rubecula,avibase-C809B2B9,eurrob1,exact
Erpornis zantholeuca,Erpornis zantholeuca,avibase-EECEDB6F,whbyuh1,exact
Erythrocercus holochlorus,Erythrocercus holochlorus,avibase-847AE7B8,yelfly2,exact
Erythrogenys erythrocnemis,Erythrogenys erythrocnemis,avibase-6D1FD3C6,sbsbab2,exact
Erythrogenys erythrogenys,Erythrogenys erythrogenys,avibase-2501B111,rcsbab1,exact
Erythrogenys gravivox,Erythrogenys gravivox,avibase-ACFAA819,bksscb1,exact
Erythrogenys hypoleucos,Erythrogenys hypoleucos,avibase-1928C4DD,lasbab1,exact
Erythrogenys mcclellandi,Erythrogenys mcclellandi,avibase-894AED25,spbscb1,exact
Erythrogenys swinhoei,Erythrogenys swinhoei,avibase-E4AFAF52,gysscb1,exact
Erythropitta arquata,Erythropitta arquata,avibase-3FF820D1,blbpit1,exact
Erythropitta erythrogaster,Erythropitta erythrogaster,avibase-4194FFF5,rebpit1,exact
Erythropitta granatina,Erythropitta granatina,avibase-FE4701A9,garpit1,exact
Erythropitta macklotii,Erythropitta macklotii,avibase-1BE5E2E3,pappit1,exact
Erythropitta rufiventris,Erythropitta rufiventris,avibase-1C1F4931,molpit1,exact
Erythropitta ussheri,Erythropitta ussheri,avibase-845C4CA6,bkhpit1,exact
Erythrura trichroa,Erythrura trichroa,avibase-A47408C2,blfpar3,exact
Esacus magnirostris,Esacus magnirostris,avibase-0CD2083B,beathk1,exact
Esacus recurvirostris,Esacus recurvirostris,avibase-C2178ACC,grtkne1,exact
Estrilda astrild,Estrilda astrild,avibase-61CB98C0,comwax,exact
Estrilda melpoda,Estrilda melpoda,avibase-1E79A7D7,orcwax,exact
Estrilda nonnula,Estrilda nonnula,avibase-2680F124,blcwax2,exact
Estrilda paludicola,Estrilda paludicola,avibase-1066028B,fabwax1,exact
Estrilda troglodytes,Estrilda troglodytes,avibase-D30DC715,bkrwax,exact
Eubucco bourcierii,Eubucco bourcierii,avibase-81825EC2,rehbar1,exact
Eubucco richardsoni,Eubucco richardsoni,avibase-993FE0B3,letbar1,exact
Euchrepomis callinota,Euchrepomis callinota,avibase-3F65C962,rurant1,exact
Euchrepomis humeralis,Euchrepomis humeralis,avibase-7B8015E4,chsant1,exact
Euchrepomis spodioptila,Euchrepomis spodioptila,avibase-CFD24BEE,aswant1,exact
Eucometis penicillata,Eucometis penicillata,avibase-05296BB4,grhtan1,exact
Eudocimus albus,Eudocimus albus,avibase-74EDE3CA,whiibi,exact
Eudromia elegans,Eudromia elegans,avibase-4E215E82,elctin1,exact
Eudynamys melanorhynchus,Eudynamys melanorhynchus,avibase-8D85687A,bkbkoe1,exact
Eudynamys orientalis,Eudynamys orientalis,avibase-A9881D27,asikoe3,exact
Eudynamys scolopaceus,Eudynamys scolopaceus,avibase-61503588,asikoe2,exact
Eudyptes chrysocome,Eudyptes chrysocome,avibase-ECEE0622,rocpen2,exact
Eudyptula minor,Eudyptula minor,avibase-151738D5,litpen1,exact
Eugenes fulgens,Eugenes fulgens,avibase-29019748,maghum1,exact
Eugenes spectabilis,Eugenes spectabilis,avibase-8FAFB437,maghum2,exact
Eugralla paradoxa,Eugralla paradoxa,avibase-28287AC7,ocftap1,exact
Eumomota superciliosa,Eumomota superciliosa,avibase-8564E262,tubmot1,exact
Eumyias albicaudatus,Eumyias albicaudatus,avibase-52FED114,nilfly2,exact
Eumyias indigo,Eumyias indigo,avibase-097312DE,indfly1,exact
Eumyias panayensis,Eumyias panayensis,avibase-7C862AD0,islfly1,exact
Eumyias thalassinus,Eumyias thalassinus,avibase-1DF0E856,verfly4,exact
Euodice cantans,Euodice cantans,avibase-FC6A9CD0,afrsil1,exact
Euodice malabarica,Euodice malabarica,avibase-C03E353A,indsil,exact
Eupetes macrocerus,Eupetes macrocerus,avibase-BC5165E4,marbab1,exact
Eupetomena cirrochloris,Eupetomena cirrochloris,avibase-881147F1,somhum1,exact
Eupetomena macroura,Eupetomena macroura,avibase-BEB1ADD2,swthum1,exact
Euphagus carolinus,Euphagus carolinus,avibase-5F77FED5,rusbla,exact
Euphagus cyanocephalus,Euphagus cyanocephalus,avibase-EA5E858A,brebla,exact
Eupherusa eximia,Eupherusa eximia,avibase-67E2FF53,stthum1,exact
Euphonia affinis,Euphonia affinis,avibase-C29CE0E7,screup1,exact
Euphonia anneae,Euphonia anneae,avibase-3737630E,taceup1,exact
Euphonia cayennensis,Euphonia cayennensis,avibase-68B4875F,goseup1,exact
Euphonia chalybea,Euphonia chalybea,avibase-63D35B4C,gnteup1,exact
Euphonia chlorotica,Euphonia chlorotica,avibase-71C90D9E,puteup1,exact
Euphonia chrysopasta,Euphonia chrysopasta,avibase-313E4A17,gobeup1,exact
Euphonia concinna,Euphonia concinna,avibase-D6D63B24,vefeup1,exact
Euphonia finschi,Euphonia finschi,avibase-E921FDF3,fineup1,exact
Euphonia fulvicrissa,Euphonia fulvicrissa,avibase-0676F27A,fuveup1,exact
Euphonia gouldi,Euphonia gouldi,avibase-C3FD23AB,olbeup1,exact
Euphonia hirundinacea,Euphonia hirundinacea,avibase-3CD68A81,yeteup1,exact
Euphonia imitans,Euphonia imitans,avibase-41B85100,spceup1,exact
Euphonia laniirostris,Euphonia laniirostris,avibase-F1D2C345,thbeup1,exact
Euphonia luteicapilla,Euphonia luteicapilla,avibase-D647F6B4,yeceup1,exact
Euphonia mesochrysa,Euphonia mesochrysa,avibase-B4326435,brgeup1,exact
Euphonia minuta,Euphonia minuta,avibase-A243C1D2,whveup1,exact
Euphonia pectoralis,Euphonia pectoralis,avibase-128745BF,chbeup1,exact
Euphonia plumbea,Euphonia plumbea,avibase-7E786B68,plueup1,exact
Euphonia rufiventris,Euphonia rufiventris,avibase-C49D0B95,rubeup1,exact
Euphonia trinitatis,Euphonia trinitatis,avibase-1DF34F2F,trieup1,exact
Euphonia violacea,Euphonia violacea,avibase-94AF0857,vioeup1,exact
Euphonia xanthogaster,Euphonia xanthogaster,avibase-2D1A6C0F,orbeup1,exact
Euplectes afer,Euplectes afer,avibase-4A58452B,yecbis,exact
Euplectes ardens,Euplectes ardens,avibase-26618AA1,recwid3,exact
Euplectes capensis,Euplectes capensis,avibase-97A73D9F,yelbis1,exact
Euplectes franciscanus,Euplectes franciscanus,avibase-3D122849,orabis1,exact
Euplectes hordeaceus,Euplectes hordeaceus,avibase-7B414273,blwbis1,exact
Euplectes orix,Euplectes orix,avibase-95F08BC3,redbis,exact
Euplectes progne,Euplectes progne,avibase-3153FE22,lotwid1,exact
Eupodotis afra,Afrotis afra,avibase-C84BD649,blabus3,clements_english
Eupodotis afraoides,Afrotis afraoides,avibase-A6720AF5,whqbus1,clements_english
Eupodotis caerulescens,Eupodotis caerulescens,avibase-501B3D62,blubus1,exact
Eupodotis ruficrista,Lophotis ruficrista,avibase-02BE4F8A,recbus1,clements_english
Eupodotis senegalensis,Eupodotis senegalensis,avibase-3B287014,whbbus2,exact
Eupodotis vigorsii,Heterotetrax vigorsii,avibase-199B6280,karbus1,clements_english
Eupsittula aurea,Eupsittula aurea,avibase-B7D06CF9,pefpar1,exact
Eupsittula cactorum,Eupsittula cactorum,avibase-5652A345,cacpar1,exact
Eupsittula canicularis,Eupsittula canicularis,avibase-71F8EC07,orfpar,exact
Eupsittula nana,Eupsittula nana,avibase-31172F88,oltpar1,exact
Eupsittula pertinax,Eupsittula pertinax,avibase-C9664259,brtpar1,exact
Euptilotis neoxenus,Euptilotis neoxenus,avibase-83AB5D3D,earque,exact
Eurillas ansorgei,Eurillas ansorgei,avibase-0EA5F2E1,ansgre1,exact
Eurillas curvirostris,Eurillas curvirostris,avibase-0B325B7F,plagre2,exact
Eurillas latirostris,Eurillas latirostris,avibase-728B225E,yewgre1,exact
Eurillas virens,Eurillas virens,avibase-3413C42C,litgre2,exact
Eurocephalus ruppelli,Eurocephalus ruppelli,avibase-866D07A0,whrshr1,exact
Eurostopodus argus,Eurostopodus argus,avibase-28BD3EB7,sponig1,exact
Eurostopodus mystacalis,Eurostopodus mystacalis,avibase-8A6C3156,whtnig3,exact
Eurylaimus javanicus,Eurylaimus javanicus,avibase-07D343CC,banbro1,exact
Eurylaimus ochromalus,Eurylaimus ochromalus,avibase-C429744B,baybro1,exact
Eurypyga helias,Eurypyga helias,avibase-900C590B,sunbit1,exact
Eurystomus glaucurus,Eurystomus glaucurus,avibase-4F01F416,brbrol1,exact
Eurystomus orientalis,Eurystomus orientalis,avibase-924BAB9C,dollar1,exact
Euscarthmus fulviceps,Euscarthmus fulviceps,avibase-DBE488CE,tacpyt2,exact
Euscarthmus meloryphus,Euscarthmus meloryphus,avibase-879DAFFF,tacpyt1,exact
Euscarthmus rufomarginatus,Euscarthmus rufomarginatus,avibase-D00D36EB,rsptyr1,exact
Eutoxeres aquila,Eutoxeres aquila,avibase-656474D9,whtsic1,exact
Falco amurensis,Falco amurensis,avibase-E6137E65,amufal1,exact
Falco berigora,Falco berigora,avibase-9F5AA09D,brofal1,exact
Falco columbarius,Falco columbarius,avibase-F3DA111C,merlin,exact
Falco deiroleucus,Falco deiroleucus,avibase-FF019083,orbfal1,exact
Falco femoralis,Falco femoralis,avibase-5EC5BE3F,aplfal,exact
Falco mexicanus,Falco mexicanus,avibase-BBFF0963,prafal,exact
Falco naumanni,Falco naumanni,avibase-BECA271F,leskes1,exact
Falco peregrinus,Falco peregrinus,avibase-47E58408,perfal,exact
Falco rufigularis,Falco rufigularis,avibase-EF9568DE,batfal1,exact
Falco rusticolus,Falco rusticolus,avibase-E19252A7,gyrfal,exact
Falco sparverius,Falco sparverius,avibase-20C2214E,amekes,exact
Falco subbuteo,Falco subbuteo,avibase-E91E287A,eurhob,exact
Falco tinnunculus,Falco tinnunculus,avibase-2DAB45B8,eurkes,exact
Falco vespertinus,Falco vespertinus,avibase-997A9437,reffal1,exact
Falculea palliata,Falculea palliata,avibase-3A343C0C,sibvan1,exact
Falcunculus frontatus,Falcunculus frontatus,avibase-0F1929A3,cresht1,exact
Ferminia cerverai,Ferminia cerverai,avibase-4C688475,zapwre1,exact
Ficedula albicilla,Ficedula albicilla,avibase-99985173,taifly1,exact
Ficedula albicollis,Ficedula albicollis,avibase-0B2F8058,colfly1,exact
Ficedula basilanica,Ficedula basilanica,avibase-F5DB600C,lisfly1,exact
Ficedula dumetoria,Ficedula dumetoria,avibase-EE4C2320,rucfly1,exact
Ficedula elisae,Ficedula elisae,avibase-40B76146,narfly1,exact
Ficedula erithacus,Ficedula erithacus,avibase-EF8548B9,slbfly1,exact
Ficedula hodgsoni,Ficedula hodgsoni,avibase-4A9906BA,pybfly1,exact
Ficedula hyperythra,Ficedula hyperythra,avibase-0EEEF8C2,snbfly1,exact
Ficedula hypoleuca,Ficedula hypoleuca,avibase-6E352E18,eupfly1,exact
Ficedula mugimaki,Ficedula mugimaki,avibase-0557B8E5,mugfly,exact
Ficedula narcissina,Ficedula narcissina,avibase-DEA1FD2E,narfly2,exact
Ficedula nigrorufa,Ficedula nigrorufa,avibase-47C88B19,barfly1,exact
Ficedula parva,Ficedula parva,avibase-6A3CA06B,rebfly,exact
Ficedula ruficauda,Ficedula ruficauda,avibase-F6A82D7F,rutfly6,exact
Ficedula semitorquata,Ficedula semitorquata,avibase-BE56C141,semfly1,exact
Ficedula strophiata,Ficedula strophiata,avibase-57D97C57,rugfly1,exact
Ficedula subrubra,Ficedula subrubra,avibase-BFB564AA,kasfly1,exact
Ficedula superciliaris,Ficedula superciliaris,avibase-808001B1,ultfly1,exact
Ficedula tricolor,Ficedula tricolor,avibase-8A18D787,slbfly2,exact
Ficedula westermanni,Ficedula westermanni,avibase-58F57E07,lipfly1,exact
Ficedula zanthopygia,Ficedula zanthopygia,avibase-70030C48,korfly1,exact
Florisuga fusca,Florisuga fusca,avibase-77B4C75D,blkjac1,exact
Florisuga mellivora,Florisuga mellivora,avibase-80DA0464,whnjac1,exact
Fluvicola albiventer,Fluvicola albiventer,avibase-85181E5D,bbwtyr1,exact
Fluvicola nengeta,Fluvicola nengeta,avibase-4EB649D2,mawtyr1,exact
Fluvicola pica,Fluvicola pica,avibase-131BC7FC,piwtyr1,exact
Formicarius analis,Formicarius analis,avibase-7E4EE12D,blfant1,exact
Formicarius colma,Formicarius colma,avibase-4564EA5A,rucant2,exact
Formicarius moniliger,Formicarius moniliger,avibase-9E2E1D37,bkfant2,exact
Formicarius nigricapillus,Formicarius nigricapillus,avibase-7E82BA92,,exact
Formicarius rufifrons,Formicarius rufifrons,avibase-796D73FB,rufant3,exact
Formicarius rufipectus,Formicarius rufipectus,avibase-54D73240,rubant1,exact
Formicivora acutirostris,Formicivora acutirostris,avibase-D9FABE0D,parant1,exact
Formicivora erythronotos,Formicivora erythronotos,avibase-DE27235A,blhant4,exact
Formicivora grantsaui,Formicivora grantsaui,avibase-630AA24B,sinant1,exact
Formicivora grisea,Formicivora grisea,avibase-921F6895,whfant3,exact
Formicivora iheringi,Formicivora iheringi,avibase-AD846245,nabant1,exact
Formicivora melanogaster,Formicivora melanogaster,avibase-BF9D1B17,blbant2,exact
Formicivora rufa,Formicivora rufa,avibase-03ED8C2C,rubant4,exact
Formicivora serrana,Formicivora serrana,avibase-A6FD42C4,serant4,exact
Forpus coelestis,Forpus coelestis,avibase-2A07367C,pacpar2,exact
Forpus conspicillatus,Forpus conspicillatus,avibase-44585D05,spepar1,exact
Forpus cyanopygius,Forpus cyanopygius,avibase-64E60FBC,mexpar1,exact
Forpus modestus,Forpus modestus,avibase-23C704E1,dubpar1,exact
Forpus passerinus,Forpus passerinus,avibase-E43CCCA6,grrpar1,exact
Forpus xanthopterygius,Forpus xanthopterygius,avibase-B07EFFE6,buwpar3,exact
Foudia madagascariensis,Foudia madagascariensis,avibase-F7DFA41B,redfod1,exact
Foudia rubra,Foudia rubra,avibase-2F37FD05,maufod1,exact
Foulehaio carunculatus,Foulehaio carunculatus,avibase-A7119ADF,easwah1,exact
Foulehaio procerior,Foulehaio procerior,avibase-FF3E7726,weswah1,exact
Francolinus francolinus,Francolinus francolinus,avibase-50658B22,blkfra,exact
Francolinus pictus,Francolinus pictus,avibase-5B182830,paifra1,exact
Francolinus pintadeanus,Francolinus pintadeanus,avibase-8DC52868,chifra1,exact
Fraseria caerulescens,Fraseria caerulescens,avibase-3B3A6911,ashfly1,exact
Fraseria griseigularis,Fraseria griseigularis,avibase-F563FE97,gyttif1,exact
Fraseria ocreata,Fraseria ocreata,avibase-8B037156,afffly1,exact
Fraseria plumbea,Fraseria plumbea,avibase-5EA2B90C,grytif1,exact
Fratercula arctica,Fratercula arctica,avibase-2771624B,atlpuf,exact
Frederickena fulva,Frederickena fulva,avibase-74491D29,fulant1,exact
Frederickena unduliger,Frederickena unduliger,avibase-3C42048A,undant2,exact
Frederickena viridis,Frederickena viridis,avibase-C3C71923,bltant3,exact
Fregata andrewsi,Fregata andrewsi,avibase-67200E8E,chifri1,exact
Fregata ariel,Fregata ariel,avibase-09ED7E92,lesfri,exact
Fregata magnificens,Fregata magnificens,avibase-8AA3B42E,magfri,exact
Fregata minor,Fregata minor,avibase-788EBCAB,grefri,exact
Fringilla coelebs,Fringilla coelebs,avibase-6364E4A5,comcha,exact
Fringilla montifringilla,Fringilla montifringilla,avibase-E16B2C03,brambl,exact
Fulica alai,Fulica alai,avibase-5E3BDB15,hawcoo,exact
Fulica americana,Fulica americana,avibase-4FB248BA,y00475,exact
Fulica ardesiaca,Fulica ardesiaca,avibase-D24D9266,slccoo1,exact
Fulica armillata,Fulica armillata,avibase-92F60241,regcoo1,exact
Fulica atra,Fulica atra,avibase-B682B2A9,eurcoo,exact
Fulica cristata,Fulica cristata,avibase-53235FDC,rekcoo1,exact
Fulica gigantea,Fulica gigantea,avibase-2E7A75E7,giacoo1,exact
Fulica rufifrons,Fulica rufifrons,avibase-CFC1D518,refcoo1,exact
Fulmarus glacialis,Fulmarus glacialis,avibase-049D9AEA,norful,exact
Fulvetta formosana,Fulvetta formosana,avibase-DA34BA3E,taiful1,exact
Fulvetta ruficapilla,Fulvetta ruficapilla,avibase-BD27AE48,speful1,exact
Fulvetta vinipectus,Fulvetta vinipectus,avibase-5DAF0274,whbful1,exact
Furnarius cristatus,Furnarius cristatus,avibase-DAE4E979,crehor1,exact
Furnarius figulus,Furnarius figulus,avibase-F733C728,wibhor1,exact
Furnarius leucopus,Furnarius leucopus,avibase-71B6E38F,palhor3,exact
Furnarius minor,Furnarius minor,avibase-9CC0B18F,leshor1,exact
Furnarius rufus,Furnarius rufus,avibase-833CB552,rufhor2,exact
Galbalcyrhynchus leucotis,Galbalcyrhynchus leucotis,avibase-E3EC251C,whejac1,exact
Galbalcyrhynchus purusianus,Galbalcyrhynchus purusianus,avibase-46E97893,purjac2,exact
Galbula albirostris,Galbula albirostris,avibase-3F3135FF,yebjac1,exact
Galbula chalcothorax,Galbula chalcothorax,avibase-169A7FC9,purjac1,exact
Galbula cyanescens,Galbula cyanescens,avibase-F5823411,blfjac1,exact
Galbula cyanicollis,Galbula cyanicollis,avibase-36F7703C,bucjac1,exact
Galbula dea,Galbula dea,avibase-FBD3D390,parjac1,exact
Galbula galbula,Galbula galbula,avibase-CC59842F,grtjac1,exact
Galbula leucogastra,Galbula leucogastra,avibase-EB348872,brojac1,exact
Galbula pastazae,Galbula pastazae,avibase-988D86DA,cocjac2,exact
Galbula ruficauda,Galbula ruficauda,avibase-2EE639E9,rutjac1,exact
Galbula tombacea,Galbula tombacea,avibase-7E2D591F,whcjac1,exact
Galerida cristata,Galerida cristata,avibase-21ADC3ED,crelar1,exact
Galerida deva,Galerida deva,avibase-4A6368CF,tawlar1,exact
Galerida magnirostris,Galerida magnirostris,avibase-6CC67AB9,lablar1,exact
Galerida malabarica,Galerida malabarica,avibase-DA29B24C,mallar1,exact
Galerida theklae,Galerida theklae,avibase-5351025C,thelar1,exact
Gallicrex cinerea,Gallicrex cinerea,avibase-39B7A3C7,waterc1,exact
Gallinago andina,Gallinago andina,avibase-F9BBBC1F,punsni1,exact
Gallinago delicata,Gallinago delicata,avibase-F5C8516D,wilsni1,exact
Gallinago gallinago,Gallinago gallinago,avibase-9151E0BA,comsni,exact
Gallinago hardwickii,Gallinago hardwickii,avibase-C9B4E3D5,latsni1,exact
Gallinago imperialis,Gallinago imperialis,avibase-3AA9C3BA,impsni1,exact
Gallinago jamesoni,Gallinago jamesoni,avibase-4A691A33,andsni1,exact
Gallinago magellanica,Gallinago magellanica,avibase-3B942738,soasni3,exact
Gallinago media,Gallinago media,avibase-BCCD5840,gresni1,exact
Gallinago megala,Gallinago megala,avibase-9E66B47A,swisni1,exact
Gallinago nobilis,Gallinago nobilis,avibase-0A79923B,nobsni1,exact
Gallinago paraguaiae,Gallinago paraguaiae,avibase-8E841A61,soasni2,exact
Gallinago stenura,Gallinago stenura,avibase-EE61E2CA,pitsni,exact
Gallinago undulata,Gallinago undulata,avibase-CBB7DCF0,giasni1,exact
Gallinula chloropus,Gallinula chloropus,avibase-8F82FF8C,commoo3,exact
Gallinula galeata,Gallinula galeata,avibase-3EF081A8,comgal1,exact
Gallinula tenebrosa,Gallinula tenebrosa,avibase-0BA183A7,dusmoo1,exact
Gallirallus australis,Gallirallus australis,avibase-0136C1F3,weka1,exact
Gallirallus philippensis,Gallirallus philippensis,avibase-732D08C3,bubrai1,exact
Gallirallus torquatus,Gallirallus torquatus,avibase-19FA27ED,barrai1,exact
Galloperdix bicalcarata,Galloperdix bicalcarata,avibase-1C615F42,ceyspu1,exact
Galloperdix spadicea,Galloperdix spadicea,avibase-730665C1,redspu1,exact
Gallus gallus,Gallus gallus,avibase-3749777E,redjun,exact
Gallus lafayettii,Gallus lafayettii,avibase-E91A2FA8,ceyjun1,exact
Gallus sonneratii,Gallus sonneratii,avibase-444C1F4D,grejun2,exact
Gallus varius,Gallus varius,avibase-BEA427FB,grejun1,exact
Gampsonyx swainsonii,Gampsonyx swainsonii,avibase-D36BA361,peakit1,exact
Gampsorhynchus rufulus,Gampsorhynchus rufulus,avibase-0BD98439,whhbab2,exact
Gampsorhynchus torquatus,Gampsorhynchus torquatus,avibase-D3B8C7BE,colbab1,exact
Garrulax canorus,Garrulax canorus,avibase-71D4A209,melthr,exact
Garrulax leucolophus,Garrulax leucolophus,avibase-6583F1BC,whclau2,exact
Garrulax milleti,Garrulax milleti,avibase-60FA71F5,blhlau1,exact
Garrulax monileger,Garrulax monileger,avibase-3651A4D5,lenlau1,exact
Garrulax palliatus,Garrulax palliatus,avibase-0C83FC88,sunlau1,exact
Garrulax strepitans,Garrulax strepitans,avibase-830EF7CF,whnlau1,exact
Garrulax taewanus,Garrulax taewanus,avibase-4E8B4445,taihwa1,exact
Garrulus glandarius,Garrulus glandarius,avibase-D8D10F2C,eurjay1,exact
Garrulus lanceolatus,Garrulus lanceolatus,avibase-F282B48C,blhjay1,exact
Garrulus lidthi,Garrulus lidthi,avibase-81DD5700,lidjay1,exact
Gavia adamsii,Gavia adamsii,avibase-5349255D,yebloo,exact
Gavia arctica,Gavia arctica,avibase-CA5852BE,arcloo,exact
Gavia immer,Gavia immer,avibase-7E022378,comloo,exact
Gavia pacifica,Gavia pacifica,avibase-B7D7EF23,pacloo,exact
Gavia stellata,Gavia stellata,avibase-6C50988A,retloo,exact
Gavicalis fasciogularis,Gavicalis fasciogularis,avibase-EEC32D82,manhon1,exact
Gavicalis virescens,Gavicalis virescens,avibase-ADF91F60,sinhon1,exact
Gecinulus grantia,Gecinulus grantia,avibase-43DEA60F,pahwoo1,exact
Gecinulus viridis,Gecinulus viridis,avibase-E74A1CB3,bamwoo1,exact
Gelochelidon nilotica,Gelochelidon nilotica,avibase-87168739,gubter2,exact
Geocerthia serrana,Geocerthia serrana,avibase-C9BE0C1B,strear1,exact
Geococcyx californianus,Geococcyx californianus,avibase-DB5DABCF,greroa,exact
Geococcyx velox,Geococcyx velox,avibase-531820DD,lesroa1,exact
Geoffroyus geoffroyi,Geoffroyus geoffroyi,avibase-1773A3AD,recpar2,exact
Geoffroyus heteroclitus,Geoffroyus heteroclitus,avibase-7929EB69,sinpar1,exact
Geokichla citrina,Geokichla citrina,avibase-F82540A0,orhthr1,exact
Geokichla gurneyi,Geokichla gurneyi,avibase-45C55FDE,orgthr1,exact
Geokichla guttata,Geokichla guttata,avibase-60A39CF9,spgthr1,exact
Geokichla peronii,Geokichla peronii,avibase-63802CCE,orbthr1,exact
Geokichla piaggiae,Geokichla piaggiae,avibase-C54DCA26,abgthr1,exact
Geokichla sibirica,Geokichla sibirica,avibase-E7163B81,sibthr1,exact
Geokichla spiloptera,Geokichla spiloptera,avibase-098F2468,spwthr1,exact
Geopelia humeralis,Geopelia humeralis,avibase-A39F91F0,basdov1,exact
Geopelia placida,Geopelia placida,avibase-8DF7FC3F,peadov1,exact
Geopelia striata,Geopelia striata,avibase-91C3A5E9,zebdov,exact
Geositta antarctica,Geositta antarctica,avibase-384F1772,shbmin1,exact
Geositta cunicularia,Geositta cunicularia,avibase-4EE70F32,commin1,exact
Geositta punensis,Geositta punensis,avibase-0A82C7EB,punmin1,exact
Geositta rufipennis,Geositta rufipennis,avibase-9E5E7504,rubmin1,exact
Geositta tenuirostris,Geositta tenuirostris,avibase-BB636E9E,slbmin1,exact
Geospizopsis plebejus,Geospizopsis plebejus,avibase-18B92473,absfin1,exact
Geospizopsis unicolor,Geospizopsis unicolor,avibase-66F4277F,plsfin1,exact
Geothlypis aequinoctialis,Geothlypis aequinoctialis,avibase-0B42CDFF,masyel2,exact
Geothlypis beldingi,Geothlypis beldingi,avibase-4ADFCCAB,belyel1,exact
Geothlypis formosa,Geothlypis formosa,avibase-8C105C3C,kenwar,exact
Geothlypis nelsoni,Geothlypis nelsoni,avibase-24ED5D5C,hooyel1,exact
Geothlypis philadelphia,Geothlypis philadelphia,avibase-1A0096F2,mouwar,exact
Geothlypis poliocephala,Geothlypis poliocephala,avibase-2A09CA67,gycyel,exact
Geothlypis rostrata,Geothlypis rostrata,avibase-B9A6C6E7,bahyel1,exact
Geothlypis semiflava,Geothlypis semiflava,avibase-D7815419,olcyel1,exact
Geothlypis speciosa,Geothlypis speciosa,avibase-4659CFBD,blpyel1,exact
Geothlypis tolmiei,Geothlypis tolmiei,avibase-85106518,macwar,exact
Geothlypis trichas,Geothlypis trichas,avibase-BA4C8A02,comyel,exact
Geotrygon chrysia,Geotrygon chrysia,avibase-913CBCDF,kwqdov,exact
Geotrygon montana,Geotrygon montana,avibase-4817EC01,ruqdov,exact
Geotrygon violacea,Geotrygon violacea,avibase-39197875,viqdov1,exact
Geranoaetus albicaudatus,Geranoaetus albicaudatus,avibase-72A83836,whthaw,exact
Geranoaetus melanoleucus,Geranoaetus melanoleucus,avibase-51405606,bcbeag1,exact
Geranoaetus polyosoma,Geranoaetus polyosoma,avibase-2AAA7F76,rebhaw2,exact
Geranospiza caerulescens,Geranospiza caerulescens,avibase-25266E29,crahaw,exact
Geronticus eremita,Geronticus eremita,avibase-B20FECE2,waldra1,exact
Gerygone chloronota,Gerygone chloronota,avibase-7C18F120,gnbger1,exact
Gerygone flavolateralis,Gerygone flavolateralis,avibase-5B6A8CD5,fatger1,exact
Gerygone fusca,Gerygone fusca,avibase-0EF82B71,wesger1,exact
Gerygone igata,Gerygone igata,avibase-C3D7DC15,gryger1,exact
Gerygone levigaster,Gerygone levigaster,avibase-1B655B31,manger1,exact
Gerygone magnirostris,Gerygone magnirostris,avibase-05E1D079,labger1,exact
Gerygone mouki,Gerygone mouki,avibase-8A475492,broger1,exact
Gerygone olivacea,Gerygone olivacea,avibase-4744C788,whtger1,exact
Gerygone palpebrosa,Gerygone palpebrosa,avibase-B0902BCC,faiger1,exact
Gerygone sulphurea,Gerygone sulphurea,avibase-FE1D1405,gobger1,exact
Glareola lactea,Glareola lactea,avibase-D9A310F1,smapra1,exact
Glareola maldivarum,Glareola maldivarum,avibase-3222F80F,oripra,exact
Glareola pratincola,Glareola pratincola,avibase-D56ABB4E,colpra,exact
Glaucestrilda caerulescens,Glaucestrilda caerulescens,avibase-174BFAB6,lavwax,exact
Glaucidium bolivianum,Glaucidium bolivianum,avibase-230E64EB,yupowl1,exact
Glaucidium brasilianum,Glaucidium brasilianum,avibase-40EB82DA,fepowl,exact
Glaucidium capense,Glaucidium capense,avibase-77FEB897,afbowl1,exact
Glaucidium castanopterum,Glaucidium castanopterum,avibase-1EF140AD,javowl1,exact
Glaucidium castanotum,Glaucidium castanotum,avibase-9CBF957F,chbowl1,exact
Glaucidium costaricanum,Glaucidium costaricanum,avibase-B6FBDD30,crpowl,exact
Glaucidium cuculoides,Glaucidium cuculoides,avibase-75E76449,asbowl1,exact
Glaucidium gnoma,Glaucidium gnoma,avibase-8D2303B0,nopowl,exact
Glaucidium griseiceps,Glaucidium griseiceps,avibase-0F9969E8,capowl1,exact
Glaucidium hardyi,Glaucidium hardyi,avibase-65BD222F,amapyo1,exact
Glaucidium jardinii,Glaucidium jardinii,avibase-431CE379,anpowl1,exact
Glaucidium minutissimum,Glaucidium minutissimum,avibase-199C4CCF,leapyo1,exact
Glaucidium nana,Glaucidium nana,avibase-2A67FFCB,aupowl1,exact
Glaucidium nubicola,Glaucidium nubicola,avibase-F00FC380,clopyo1,exact
Glaucidium palmarum,Glaucidium palmarum,avibase-C831526B,copowl1,exact
Glaucidium parkeri,Glaucidium parkeri,avibase-4F3948B7,supowl1,exact
Glaucidium passerinum,Glaucidium passerinum,avibase-79E2AC7C,eupowl1,exact
Glaucidium perlatum,Glaucidium perlatum,avibase-70CB00EC,pesowl1,exact
Glaucidium peruanum,Glaucidium peruanum,avibase-7C26D709,pepowl1,exact
Glaucidium radiatum,Glaucidium radiatum,avibase-1986F1AB,junowl1,exact
Glaucidium sanchezi,Glaucidium sanchezi,avibase-7081C015,tapowl1,exact
Glaucidium siju,Glaucidium siju,avibase-51EA40FE,cupowl1,exact
Glaucidium tephronotum,Glaucidium tephronotum,avibase-E05A96F3,recowl1,exact
Glaucis dohrnii,Glaucis dohrnii,avibase-3593CF6A,hobher2,exact
Glaucis hirsutus,Glaucis hirsutus,avibase-2486FC78,rubher,exact
Gliciphila melanops,Gliciphila melanops,avibase-AD945C6E,tachon1,exact
Glossopsitta concinna,Trichoglossus concinnus,avibase-BE39F927,muslor1,clements_english
Glyphorynchus spirurus,Glyphorynchus spirurus,avibase-B7517CD1,webwoo1,exact
Gnorimopsar chopi,Gnorimopsar chopi,avibase-40A8B734,chobla1,exact
Gorsachius melanolophus,Gorsachius melanolophus,avibase-DC10105A,manher1,exact
Gracula indica,Gracula indica,avibase-1A713EA2,sohmyn1,exact
Gracula ptilogenys,Gracula ptilogenys,avibase-6BEF1E77,ceymyn1,exact
Gracula religiosa,Gracula religiosa,avibase-B2741AD0,hilmyn,exact
Gracupica contra,Gracupica contra,avibase-4913F838,aspsta2,exact
Gracupica nigricollis,Gracupica nigricollis,avibase-DAC2B38A,bkcsta1,exact
Grallaria albigula,Grallaria albigula,avibase-76F3ABA6,whtant2,exact
Grallaria alleni,Grallaria alleni,avibase-73BDA8FB,mouant1,exact
Grallaria andicolus,Grallaria andicolus,avibase-821D3E2C,sthant2,exact
Grallaria bangsi,Grallaria bangsi,avibase-66435A66,samant1,exact
Grallaria blakei,Grallaria blakei,avibase-C5562CC0,cheant2,exact
Grallaria cajamarcae,Grallaria cajamarcae,avibase-D9973A40,rufant8,exact
Grallaria capitalis,Grallaria capitalis,avibase-C443FD00,bayant1,exact
Grallaria carrikeri,Grallaria carrikeri,avibase-18671DC1,pabant1,exact
Grallaria dignissima,Grallaria dignissima,avibase-5D82B799,ocsant1,exact
Grallaria erythroleuca,Grallaria erythroleuca,avibase-F50F89BE,rawant1,exact
Grallaria erythrotis,Grallaria erythrotis,avibase-723FABB7,rufant2,exact
Grallaria flavotincta,Grallaria flavotincta,avibase-4C18082A,yebant1,exact
Grallaria gigantea,Grallaria gigantea,avibase-15C83177,giaant1,exact
Grallaria gravesi,Grallaria gravesi,avibase-592F3341,chaant5,exact
Grallaria griseonucha,Grallaria griseonucha,avibase-FFB6037B,gynant1,exact
Grallaria guatimalensis,Grallaria guatimalensis,avibase-2DCEE578,scaant1,exact
Grallaria haplonota,Grallaria haplonota,avibase-BC3FAE8B,plbant1,exact
Grallaria hypoleuca,Grallaria hypoleuca,avibase-18E59ACC,whbant3,exact
Grallaria kaestneri,Grallaria kaestneri,avibase-3FD0C73F,cunant1,exact
Grallaria milleri,Grallaria milleri,avibase-88C6B17B,brbant1,exact
Grallaria nuchalis,Grallaria nuchalis,avibase-CAB60F3C,chnant1,exact
Grallaria occabambae,Grallaria occabambae,avibase-DFC48396,rufant10,exact
Grallaria przewalskii,Grallaria przewalskii,avibase-98DA026C,rutant5,exact
Grallaria quitensis,Grallaria quitensis,avibase-356BAAED,tawant3,exact
Grallaria ridgelyi,Grallaria ridgelyi,avibase-6F24D8CB,jocant1,exact
Grallaria ruficapilla,Grallaria ruficapilla,avibase-F46A4E19,chcant2,exact
Grallaria rufocinerea,Grallaria rufocinerea,avibase-E1A86347,bicant3,exact
Grallaria rufula,Grallaria rufula,avibase-8E101A71,rufant7,exact
Grallaria saturata,Grallaria saturata,avibase-312C2924,equant1,exact
Grallaria squamigera,Grallaria squamigera,avibase-D9979344,undant1,exact
Grallaria urraoensis,Grallaria urraoensis,avibase-722C29AB,antant1,exact
Grallaria varia,Grallaria varia,avibase-83213F7A,varant2,exact
Grallaria watkinsi,Grallaria watkinsi,avibase-3862FDBB,watant1,exact
Grallaricula cucullata,Grallaricula cucullata,avibase-3DAB83EB,hooant1,exact
Grallaricula ferrugineipectus,Grallaricula ferrugineipectus,avibase-E9553357,rubant5,exact
Grallaricula flavirostris,Grallaricula flavirostris,avibase-051DF113,ocbant1,exact
Grallaricula leymebambae,Grallaricula leymebambae,avibase-53DD64DC,rubant7,exact
Grallaricula lineifrons,Grallaricula lineifrons,avibase-FA147336,crfant1,exact
Grallaricula nana,Grallaricula nana,avibase-287E1DD6,slcant2,exact
Grallaricula ochraceifrons,Grallaricula ochraceifrons,avibase-7BD6E7C0,ocfant1,exact
Grallaricula peruviana,Grallaricula peruviana,avibase-CE799E92,perant1,exact
Grallina cyanoleuca,Grallina cyanoleuca,avibase-40BC6550,maglar1,exact
Grammatoptila striata,Grammatoptila striata,avibase-6FCD4F9D,strlau2,exact
Granatellus pelzelni,Granatellus pelzelni,avibase-A44E7CC9,robcha2,exact
Granatellus sallaei,Granatellus sallaei,avibase-695C0322,grtcha1,exact
Granatellus venustus,Granatellus venustus,avibase-7A55B797,rebcha1,exact
Granatina ianthinogaster,Granatina ianthinogaster,avibase-DE689967,purgre2,exact
Grantiella picta,Grantiella picta,avibase-56DDD096,paihon1,exact
Graydidascalus brachyurus,Graydidascalus brachyurus,avibase-44DA4D4E,shtpar2,exact
Grus americana,Grus americana,avibase-B87D744D,whocra,exact
Grus grus,Grus grus,avibase-99B8841E,comcra,exact
Grus japonensis,Grus japonensis,avibase-0777AB3C,reccra1,exact
Grus monacha,Grus monacha,avibase-38F36091,hoocra1,exact
Grus nigricollis,Grus nigricollis,avibase-7A78AD1C,blncra1,exact
Guaruba guarouba,Guaruba guarouba,avibase-1F894CC3,golpar3,exact
Gubernatrix cristata,Gubernatrix cristata,avibase-94DA257C,yelcar1,exact
Gubernetes yetapa,Gubernetes yetapa,avibase-FFEDF8E6,stttyr2,exact
Guira guira,Guira guira,avibase-E565F8E6,guicuc1,exact
Guttera pucherani,Guttera pucherani,avibase-35D60F12,cregui3,exact
Gygis alba,Gygis alba,avibase-38B88F11,whiter3,exact
Gymnasio nudipes,Gymnasio nudipes,avibase-80A077C8,prsowl,exact
Gymnobucco bonapartei,Gymnobucco bonapartei,avibase-95054CA5,gytbar1,exact
Gymnobucco calvus,Gymnobucco calvus,avibase-F06B282B,nafbar1,exact
Gymnocichla nudiceps,Gymnocichla nudiceps,avibase-49788670,bacant1,exact
Gymnomystax mexicanus,Gymnomystax mexicanus,avibase-2F92B333,oribla1,exact
Gymnomyza brunneirostris,Gymnomyza brunneirostris,avibase-AF97F582,duegih1,exact
Gymnomyza samoensis,Gymnomyza samoensis,avibase-7E6D8746,mao1,exact
Gymnopithys bicolor,Gymnopithys bicolor,avibase-0351F4F2,bicant2,exact
Gymnopithys leucaspis,Gymnopithys leucaspis,avibase-235DE47B,whcant1,exact
Gymnopithys rufigula,Gymnopithys rufigula,avibase-2AE442D9,rutant4,exact
Gymnorhina tibicen,Gymnorhina tibicen,avibase-3CE2F51F,ausmag2,exact
Gymnorhinus cyanocephalus,Gymnorhinus cyanocephalus,avibase-A6905B3C,pinjay,exact
Gymnoris dentata,Gymnoris dentata,avibase-969A369C,buspet1,exact
Gymnoris pyrgita,Gymnoris pyrgita,avibase-FCD72CEE,yespet1,exact
Gymnoris superciliaris,Gymnoris superciliaris,avibase-E323BF95,yetpet1,exact
Gymnoris xanthocollis,Gymnoris xanthocollis,avibase-77CBF484,chspet1,exact
Gyps fulvus,Gyps fulvus,avibase-5D1987CE,eurgri1,exact
Gyps himalayensis,Gyps himalayensis,avibase-9BB5551E,himgri1,exact
Gypsophila brevicaudata,Gypsophila brevicaudata,avibase-472A5B98,stwbab1,exact
Gypsophila rufipectus,Gypsophila rufipectus,avibase-3B593D10,rbwbab1,exact
Habia atrimaxillaris,Driophlox atrimaxillaris,avibase-820B7430,bcatan1,clements_english
Habia cristata,Driophlox cristata,avibase-231FAF07,cratan1,clements_english
Habia fuscicauda,Driophlox fuscicauda,avibase-8DD1FA55,rtatan1,clements_english
Habia gutturalis,Driophlox gutturalis,avibase-DFB36868,soatan1,clements_english
Habia rubica,Habia rubica,avibase-C9041130,rcatan1,exact
Haematopus ater,Haematopus ater,avibase-4AF23A6F,blaoys1,exact
Haematopus bachmani,Haematopus bachmani,avibase-BD49DB46,blkoys,exact
Haematopus finschi,Haematopus finschi,avibase-3FCE29E8,soioys1,exact
Haematopus fuliginosus,Haematopus fuliginosus,avibase-D89E4A2C,soooys1,exact
Haematopus leucopodus,Haematopus leucopodus,avibase-BC5DF5FA,magoys1,exact
Haematopus longirostris,Haematopus longirostris,avibase-D828B84D,pieoys1,exact
Haematopus ostralegus,Haematopus ostralegus,avibase-ED663165,euroys1,exact
Haematopus palliatus,Haematopus palliatus,avibase-981CE782,ameoys,exact
Haematopus unicolor,Haematopus unicolor,avibase-B8CF5A97,varoys1,exact
Haematortyx sanguiniceps,Haematortyx sanguiniceps,avibase-53F470C0,crhpar1,exact
Haemorhous cassinii,Haemorhous cassinii,avibase-AC1E519F,casfin,exact
Haemorhous mexicanus,Haemorhous mexicanus,avibase-89431E9F,houfin,exact
Haemorhous purpureus,Haemorhous purpureus,avibase-B4EE123D,purfin,exact
Hafferia fortis,Hafferia fortis,avibase-C4D9D479,sooant1,exact
Hafferia immaculata,Hafferia immaculata,avibase-F0768885,immant1,exact
Hafferia zeledoni,Hafferia zeledoni,avibase-7B3A4DDB,zelant1,exact
Halcyon albiventris,Halcyon albiventris,avibase-C5D3CB2A,brhkin1,exact
Halcyon badia,Halcyon badia,avibase-BD366A8F,chbkin2,exact
Halcyon chelicuti,Halcyon chelicuti,avibase-AB51824B,strkin1,exact
Halcyon coromanda,Halcyon coromanda,avibase-6647508A,rudkin1,exact
Halcyon gularis,Halcyon gularis,avibase-8B9E43C7,bnbkin1,exact
Halcyon leucocephala,Halcyon leucocephala,avibase-178B6892,gyhkin1,exact
Halcyon malimbica,Halcyon malimbica,avibase-0D8BDD35,blbkin4,exact
Halcyon pileata,Halcyon pileata,avibase-6B292CA0,blckin1,exact
Halcyon senegalensis,Halcyon senegalensis,avibase-47E71671,wookin1,exact
Halcyon smyrnensis,Halcyon smyrnensis,avibase-B30B6781,whtkin2,exact
Haliaeetus albicilla,Haliaeetus albicilla,avibase-5A3D91D3,whteag,exact
Haliaeetus humilis,Icthyophaga humilis,avibase-B7B03CB8,lefeag1,clements_english
Haliaeetus ichthyaetus,Icthyophaga ichthyaetus,avibase-4C057390,gyhfie1,clements_english
Haliaeetus leucocephalus,Haliaeetus leucocephalus,avibase-FED3756C,baleag,exact
Haliaeetus leucogaster,Icthyophaga leucogaster,avibase-94383EEF,wbseag1,clements_english
Haliaeetus pelagicus,Haliaeetus pelagicus,avibase-C481FB24,stseag,exact
Haliaeetus vocifer,Icthyophaga vocifer,avibase-A19B0CF4,affeag1,clements_english
Haliastur indus,Haliastur indus,avibase-D89A9DC9,brakit1,exact
Haliastur sphenurus,Haliastur sphenurus,avibase-FEDDD1F2,whikit1,exact
Hapalocrex flaviventer,Laterallus flaviventer,avibase-B79D2D56,yebcra1,clements_english
Hapalopsittaca amazonina,Hapalopsittaca amazonina,avibase-6967FA94,rufpar2,exact
Hapalopsittaca fuertesi,Hapalopsittaca fuertesi,avibase-485B3D87,inwpar1,exact
Hapaloptila castanea,Hapaloptila castanea,avibase-4DA23B0B,whfnun2,exact
Haplophaedia aureliae,Haplophaedia aureliae,avibase-A10F06E5,grepuf1,exact
Haplospiza unicolor,Haplospiza unicolor,avibase-68520BCB,unifin1,exact
Harpactes ardens,Harpactes ardens,avibase-AFED9D54,phitro1,exact
Harpactes diardii,Harpactes diardii,avibase-ECF71AC7,diatro1,exact
Harpactes duvaucelii,Harpactes duvaucelii,avibase-80DFB0BE,scrtro1,exact
Harpactes erythrocephalus,Harpactes erythrocephalus,avibase-B8B765D8,rehtro1,exact
Harpactes fasciatus,Harpactes fasciatus,avibase-FC98A36A,maltro1,exact
Harpactes kasumba,Harpactes kasumba,avibase-D04AAF76,rentro1,exact
Harpactes oreskios,Harpactes oreskios,avibase-F663214E,orbtro2,exact
Harpactes orrhophaeus,Harpactes orrhophaeus,avibase-E5453199,cirtro1,exact
Harpactes wardi,Harpactes wardi,avibase-09E4B98C,wartro1,exact
Harpagus bidentatus,Harpagus bidentatus,avibase-E640A953,dotkit1,exact
Harpagus diodon,Harpagus diodon,avibase-CE6511AB,rutkit1,exact
Harpia harpyja,Harpia harpyja,avibase-4D324C9C,hareag1,exact
Harpyopsis novaeguineae,Harpyopsis novaeguineae,avibase-1076B5CE,negeag1,exact
Hedydipna collaris,Hedydipna collaris,avibase-1611F295,colsun2,exact
Hedydipna metallica,Hedydipna metallica,avibase-8333D907,nivsun2,exact
Hedydipna platura,Hedydipna platura,avibase-B0E7740F,pygsun2,exact
Heliangelus amethysticollis,Heliangelus amethysticollis,avibase-D9EBF49B,amtsun3,exact
Heliangelus exortis,Heliangelus exortis,avibase-D13C5D60,tousun1,exact
Heliangelus viola,Heliangelus viola,avibase-E9C20F6C,putsun1,exact
Helicolestes hamatus,Helicolestes hamatus,avibase-58078CCA,slbkit1,exact
Heliobletus contaminatus,Heliobletus contaminatus,avibase-96349863,shbtre1,exact
Heliodoxa jacula,Heliodoxa jacula,avibase-826BF290,grcbri1,exact
Heliodoxa leadbeateri,Heliodoxa leadbeateri,avibase-1368181F,vifbri1,exact
Heliodoxa rubinoides,Heliodoxa rubinoides,avibase-06B7366C,fabbri1,exact
Heliomaster constantii,Heliomaster constantii,avibase-CFE2C8C8,plcsta,exact
Heliomaster longirostris,Heliomaster longirostris,avibase-7DB659EF,lobsta1,exact
Heliornis fulica,Heliornis fulica,avibase-097FAA36,sungre1,exact
Heliothryx auritus,Heliothryx auritus,avibase-EFBDAE18,bkefai1,exact
Hellmayrea gularis,Hellmayrea gularis,avibase-3FACD55E,whbspi2,exact
Helmitheros vermivorum,Helmitheros vermivorum,avibase-295C4CD6,woewar1,exact
Helopsaltes certhiola,Helopsaltes certhiola,avibase-4C3CF429,pagwar1,exact
Helopsaltes ochotensis,Helopsaltes ochotensis,avibase-3200EE86,migwar,exact
Helopsaltes pryeri,Helopsaltes pryeri,avibase-0150666B,margra1,exact
Hemicircus canente,Hemicircus canente,avibase-23956360,heswoo1,exact
Hemicircus concretus,Hemicircus concretus,avibase-5FB4C729,gabwoo3,exact
Hemignathus wilsoni,Hemignathus wilsoni,avibase-DDE78CC9,akiapo,exact
Hemiprocne comata,Hemiprocne comata,avibase-76477B32,whitre1,exact
Hemiprocne coronata,Hemiprocne coronata,avibase-509C8FD4,cretre1,exact
Hemiprocne longipennis,Hemiprocne longipennis,avibase-9B8B422F,gyrtre1,exact
Hemiprocne mystacea,Hemiprocne mystacea,avibase-C689BD7E,moutre1,exact
Hemipus hirundinaceus,Hemipus hirundinaceus,avibase-98B4A716,bwfshr2,exact
Hemipus picatus,Hemipus picatus,avibase-B0066A99,bwfshr1,exact
Hemithraupis flavicollis,Hemithraupis flavicollis,avibase-A62F8926,yebtan1,exact
Hemithraupis guira,Hemithraupis guira,avibase-0C58C65E,guitan1,exact
Hemithraupis ruficapilla,Hemithraupis ruficapilla,avibase-58332419,ruhtan1,exact
Hemitriccus cinnamomeipectus,Hemitriccus cinnamomeipectus,avibase-16CC6A73,cbttyr1,exact
Hemitriccus cohnhafti,Hemitriccus cohnhafti,avibase-287B92E9,acrtot1,exact
Hemitriccus diops,Hemitriccus diops,avibase-AA268B7C,drbpyt1,exact
Hemitriccus flammulatus,Hemitriccus flammulatus,avibase-ABF9C0A0,flapyt1,exact
Hemitriccus furcatus,Hemitriccus furcatus,avibase-6D4EB6D9,fotpyt1,exact
Hemitriccus granadensis,Hemitriccus granadensis,avibase-DCD65D2A,btttyr1,exact
Hemitriccus griseipectus,Hemitriccus griseipectus,avibase-7B0D94FA,whbtot1,exact
Hemitriccus inornatus,Hemitriccus inornatus,avibase-88B7BCFD,pettyr1,exact
Hemitriccus iohannis,Hemitriccus iohannis,avibase-7B213A40,jottyr1,exact
Hemitriccus margaritaceiventer,Hemitriccus margaritaceiventer,avibase-8B67256A,pvttyr1,exact
Hemitriccus minimus,Hemitriccus minimus,avibase-93D764F6,zittyr1,exact
Hemitriccus minor,Hemitriccus minor,avibase-67D5984B,snttyr1,exact
Hemitriccus nidipendulus,Hemitriccus nidipendulus,avibase-4D359426,hattyr1,exact
Hemitriccus obsoletus,Hemitriccus obsoletus,avibase-3B65A703,bnbpyt1,exact
Hemitriccus orbitatus,Hemitriccus orbitatus,avibase-BB9BDDF8,erttyr1,exact
Hemitriccus rufigularis,Hemitriccus rufigularis,avibase-447039A9,btttyr2,exact
Hemitriccus spodiops,Hemitriccus spodiops,avibase-FFF096DB,yuttyr1,exact
Hemitriccus striaticollis,Hemitriccus striaticollis,avibase-54EF3ACB,snttyr2,exact
Hemitriccus zosterops,Hemitriccus zosterops,avibase-04CCE338,wettyr1,exact
Hemixos castanonotus,Hemixos castanonotus,avibase-5BAE0043,chebul1,exact
Hemixos cinereus,Hemixos cinereus,avibase-E0595A29,cinbul1,exact
Hemixos flavala,Hemixos flavala,avibase-32E65FB3,ashbul1,exact
Henicorhina anachoreta,Henicorhina anachoreta,avibase-BDC37153,gybwow3,exact
Henicorhina leucophrys,Henicorhina leucophrys,avibase-57420691,gbwwre1,exact
Henicorhina leucoptera,Henicorhina leucoptera,avibase-5A62A484,bwwwre1,exact
Henicorhina leucosticta,Henicorhina leucosticta,avibase-3563183F,wbwwre1,exact
Henicorhina negreti,Henicorhina negreti,avibase-228BABC3,munwow1,exact
Herpetotheres cachinnans,Herpetotheres cachinnans,avibase-24C90C1A,laufal1,exact
Herpsilochmus atricapillus,Herpsilochmus atricapillus,avibase-38B867FD,blcant2,exact
Herpsilochmus axillaris,Herpsilochmus axillaris,avibase-009A3CAA,yebant2,exact
Herpsilochmus dorsimaculatus,Herpsilochmus dorsimaculatus,avibase-9442883E,spbant4,exact
Herpsilochmus dugandi,Herpsilochmus dugandi,avibase-2D649D9F,dugant1,exact
Herpsilochmus frater,Herpsilochmus frater,avibase-4E6C31E9,ruwant3,exact
Herpsilochmus gentryi,Herpsilochmus gentryi,avibase-881FE108,ancant1,exact
Herpsilochmus longirostris,Herpsilochmus longirostris,avibase-EE3F7F41,labant1,exact
Herpsilochmus motacilloides,Herpsilochmus motacilloides,avibase-57E1F692,crbant1,exact
Herpsilochmus parkeri,Herpsilochmus parkeri,avibase-6E2505D7,astant1,exact
Herpsilochmus pectoralis,Herpsilochmus pectoralis,avibase-277F57DE,pecant1,exact
Herpsilochmus pileatus,Herpsilochmus pileatus,avibase-E6581183,bahant1,exact
Herpsilochmus roraimae,Herpsilochmus roraimae,avibase-039291B6,rorant1,exact
Herpsilochmus rufimarginatus,Herpsilochmus rufimarginatus,avibase-94479EAE,ruwant4,exact
Herpsilochmus sellowi,Radinopsyche sellowi,avibase-2587F820,caaant1,clements_english
Herpsilochmus stictocephalus,Herpsilochmus stictocephalus,avibase-17487809,todant1,exact
Herpsilochmus sticturus,Herpsilochmus sticturus,avibase-42B2013F,sptant1,exact
Heterocercus aurantiivertex,Heterocercus aurantiivertex,avibase-9A003ACA,orcman3,exact
Heterocercus flavivertex,Heterocercus flavivertex,avibase-08F2D7DF,yecman2,exact
Heterocercus linteatus,Heterocercus linteatus,avibase-F8BBD894,flcman2,exact
Heteromyias albispecularis,Heteromyias albispecularis,avibase-1A2A03C3,gyhrob1,exact
Heteromyias cinereifrons,Heteromyias cinereifrons,avibase-6C122D2F,gyhrob2,exact
Heterophasia auricularis,Heterophasia auricularis,avibase-2487A80F,whesib1,exact
Heterophasia capistrata,Heterophasia capistrata,avibase-50BF5295,rufsib1,exact
Heterophasia desgodinsi,Heterophasia desgodinsi,avibase-2869ADB4,blhsib1,exact
Heterophasia gracilis,Heterophasia gracilis,avibase-3B369923,grysib1,exact
Heterophasia melanoleuca,Heterophasia melanoleuca,avibase-49E535FF,blbsib1,exact
Heterophasia picaoides,Heterophasia picaoides,avibase-3C8820C7,lotsib1,exact
Heterophasia pulchella,Heterophasia pulchella,avibase-F990AA6C,beasib1,exact
Heterospingus xanthopygius,Heterospingus xanthopygius,avibase-D9B6353E,scbtan2,exact
Hieraaetus pennatus,Hieraaetus pennatus,avibase-4B8CC285,booeag1,exact
Hierococcyx bocki,Hierococcyx bocki,avibase-985D5E9E,larhac1,exact
Hierococcyx fugax,Hierococcyx fugax,avibase-FBCC3C2F,malhac1,exact
Hierococcyx hyperythrus,Hierococcyx hyperythrus,avibase-207B3537,nohcuc1,exact
Hierococcyx nisicolor,Hierococcyx nisicolor,avibase-099F2928,hodhac1,exact
Hierococcyx pectoralis,Hierococcyx pectoralis,avibase-0A04334E,phhcuc1,exact
Hierococcyx sparverioides,Hierococcyx sparverioides,avibase-CC033E81,larhac2,exact
Hierococcyx vagans,Hierococcyx vagans,avibase-7B055529,mohcuc1,exact
Hierococcyx varius,Hierococcyx varius,avibase-0880DDC8,cohcuc1,exact
Himantopus himantopus,Himantopus himantopus,avibase-3CAEB7CE,bkwsti,exact
Himantopus leucocephalus,Himantopus leucocephalus,avibase-C2830C86,piesti1,exact
Himantopus mexicanus,Himantopus mexicanus,avibase-D543132B,bknsti,exact
Himatione sanguinea,Himatione sanguinea,avibase-374CF449,apapan,exact
Hippolais icterina,Hippolais icterina,avibase-869C978C,ictwar1,exact
Hippolais languida,Hippolais languida,avibase-B10AD127,upcwar1,exact
Hippolais olivetorum,Hippolais olivetorum,avibase-791DED18,oltwar1,exact
Hippolais polyglotta,Hippolais polyglotta,avibase-DCDD1BCA,melwar1,exact
Hirundapus caudacutus,Hirundapus caudacutus,avibase-EA55CA27,whtnee,exact
Hirundapus giganteus,Hirundapus giganteus,avibase-468C27AD,brbnee1,exact
Hirundinea ferruginea,Hirundinea ferruginea,avibase-13DAA65D,clifly1,exact
Hirundo angolensis,Hirundo angolensis,avibase-B418B155,angswa1,exact
Hirundo neoxena,Hirundo neoxena,avibase-F8F6B795,welswa1,exact
Hirundo rustica,Hirundo rustica,avibase-58C502EA,barswa,exact
Hirundo smithii,Hirundo smithii,avibase-B79D6B3D,witswa1,exact
Hirundo tahitica,Hirundo tahitica,avibase-8C7E0230,pacswa5,exact
Histrionicus histrionicus,Histrionicus histrionicus,avibase-BCBD2EAE,harduc,exact
Histurgops ruficauda,Histurgops ruficauda,avibase-FD2FEFFD,rutwea1,exact
Horizocerus albocristatus,Horizocerus albocristatus,avibase-8009A6BC,whchor1,exact
Horornis acanthizoides,Horornis acanthizoides,avibase-0A91A181,ybbwar1,exact
Horornis annae,Horornis annae,avibase-70419673,pabwar1,exact
Horornis brunnescens,Horornis brunnescens,avibase-4B3D2096,yebbuw2,exact
Horornis canturians,Horornis canturians,avibase-CF833D56,manbuw1,exact
Horornis diphone,Horornis diphone,avibase-7D1FD35D,jabwar,exact
Horornis flavolivaceus,Horornis flavolivaceus,avibase-A6213F6F,abbwar1,exact
Horornis fortipes,Horornis fortipes,avibase-16508376,bfbwar1,exact
Horornis ruficapilla,Horornis ruficapilla,avibase-8CC7FC93,fibwar1,exact
Horornis seebohmi,Horornis seebohmi,avibase-516D598B,phbwar1,exact
Hydrobates castro,Hydrobates castro,avibase-D3FAE385,barpet,exact
Hydrobates leucorhous,Hydrobates leucorhous,avibase-C5FB15C6,lcspet,exact
Hydrobates monorhis,Hydrobates monorhis,avibase-80DE8670,swspet,exact
Hydrobates pelagicus,Hydrobates pelagicus,avibase-E1638A37,bripet,exact
Hydrobates tristrami,Hydrobates tristrami,avibase-EDF95934,trspet,exact
Hydrocoloeus minutus,Hydrocoloeus minutus,avibase-F89FD6E3,litgul,exact
Hydrophasianus chirurgus,Hydrophasianus chirurgus,avibase-6F672FA3,phtjac1,exact
Hydroprogne caspia,Hydroprogne caspia,avibase-BC06BC0D,caster1,exact
Hydropsalis cayennensis,Hydropsalis cayennensis,avibase-663835A6,whtnig1,exact
Hydropsalis climacocerca,Hydropsalis climacocerca,avibase-27032D18,latnig1,exact
Hydropsalis maculicaudus,Antiurus maculicaudus,avibase-28045DA0,sptnig1,clements_english
Hydropsalis torquata,Hydropsalis torquata,avibase-29AAC222,sctnig2,exact
Hydrornis baudii,Hydrornis baudii,avibase-3211B67B,blhpit1,exact
Hydrornis caeruleus,Hydrornis caeruleus,avibase-B8FF6A4A,giapit1,exact
Hydrornis cyaneus,Hydrornis cyaneus,avibase-37815E0C,blupit1,exact
Hydrornis elliotii,Hydrornis elliotii,avibase-1F56AB5C,babpit1,exact
Hydrornis irena,Hydrornis irena,avibase-6B071C03,banpit3,exact
Hydrornis nipalensis,Hydrornis nipalensis,avibase-1026AAFD,blnpit1,exact
Hydrornis oatesi,Hydrornis oatesi,avibase-0C0DB1B2,runpit1,exact
Hydrornis schwaneri,Hydrornis schwaneri,avibase-90ED68D3,banpit4,exact
Hydrornis soror,Hydrornis soror,avibase-AC3A8E40,blrpit1,exact
Hylacola cauta,Hylacola cauta,avibase-6F9A44BC,shyhea1,exact
Hylexetastes perrotii,Hylexetastes perrotii,avibase-A56461ED,rebwoo1,exact
Hylexetastes stresemanni,Hylexetastes stresemanni,avibase-8DA960E6,babwoo1,exact
Hylexetastes uniformis,Hylexetastes uniformis,avibase-9246C11A,uniwoo1,exact
Hylia prasina,Hylia prasina,avibase-98BA31AA,grehyl1,exact
Hylocharis chrysura,Hylocharis chrysura,avibase-B507381B,gilhum1,exact
Hylocharis sapphirina,Hylocharis sapphirina,avibase-584DC7EF,rutsap1,exact
Hylocichla mustelina,Hylocichla mustelina,avibase-8E1D9327,woothr,exact
Hylomanes momotula,Hylomanes momotula,avibase-64360684,todmot1,exact
Hylopezus macularius,Hylopezus macularius,avibase-CE02A627,spoant6,exact
Hylopezus ochroleucus,Hylopezus ochroleucus,avibase-F900EC2D,whbant7,exact
Hylopezus paraensis,Hylopezus paraensis,avibase-5E70FF0F,spoant5,exact
Hylopezus perspicillatus,Hylopezus perspicillatus,avibase-FC8137F0,stcant2,exact
Hylopezus whittakeri,Hylopezus whittakeri,avibase-ED55CD26,alfant1,exact
Hylophilus amaurocephalus,Hylophilus amaurocephalus,avibase-7CA69E1B,gyegre1,exact
Hylophilus brunneiceps,Hylophilus brunneiceps,avibase-04FCFB94,brhgre1,exact
Hylophilus flavipes,Hylophilus flavipes,avibase-8D6D0F25,scrgre1,exact
Hylophilus olivaceus,Hylophilus olivaceus,avibase-2E5B2F9F,oligre1,exact
Hylophilus pectoralis,Hylophilus pectoralis,avibase-18CB2D8A,ashgre1,exact
Hylophilus poicilotis,Hylophilus poicilotis,avibase-5F94B6F3,rucgre1,exact
Hylophilus semicinereus,Hylophilus semicinereus,avibase-4FB729B2,gycgre1,exact
Hylophilus thoracicus,Hylophilus thoracicus,avibase-67DE3837,lecgre2,exact
Hylophylax naevioides,Hylophylax naevioides,avibase-87EC4643,spoant1,exact
Hylophylax naevius,Hylophylax naevius,avibase-363EDFA8,spbant6,exact
Hylophylax punctulatus,Hylophylax punctulatus,avibase-C207B0AF,dobant2,exact
Hylorchilus navai,Hylorchilus navai,avibase-68A90F93,navwre1,exact
Hylorchilus sumichrasti,Hylorchilus sumichrasti,avibase-A88A7607,sumwre1,exact
Hymenops perspicillatus,Hymenops perspicillatus,avibase-D8733C22,spetyr1,exact
Hypargos niveoguttatus,Hypargos niveoguttatus,avibase-50490520,pettwi1,exact
Hypergerus atriceps,Hypergerus atriceps,avibase-31557605,oriwar2,exact
Hypnelus ruficollis,Hypnelus ruficollis,avibase-C98A8A1B,rutpuf1,exact
Hypocnemis cantator,Hypocnemis cantator,avibase-C1CDE25A,guiwaa1,exact
Hypocnemis flavescens,Hypocnemis flavescens,avibase-81724331,imewaa1,exact
Hypocnemis hypoxantha,Hypocnemis hypoxantha,avibase-95FD0D6C,yebant3,exact
Hypocnemis ochrogyna,Hypocnemis ochrogyna,avibase-A1A3EF0B,ronwaa1,exact
Hypocnemis peruviana,Hypocnemis peruviana,avibase-8B45C539,perwaa1,exact
Hypocnemis striata,Hypocnemis striata,avibase-9788D595,spiwaa1,exact
Hypocnemis subflava,Hypocnemis subflava,avibase-9724D814,yebwaa1,exact
Hypocnemoides maculicauda,Hypocnemoides maculicauda,avibase-B2B3FA6B,batant1,exact
Hypocnemoides melanopogon,Hypocnemoides melanopogon,avibase-78853651,blcant3,exact
Hypocolius ampelinus,Hypocolius ampelinus,avibase-D08193E0,hypoco1,exact
Hypoedaleus guttatus,Hypoedaleus guttatus,avibase-69C21555,spbant3,exact
Hypopyrrhus pyrohypogaster,Hypopyrrhus pyrohypogaster,avibase-65FE3697,rebgra1,exact
Hypothymis azurea,Hypothymis azurea,avibase-0AC5BA0A,blnmon1,exact
Hypothymis puella,Hypothymis puella,avibase-289B069F,pabmon1,exact
Hypsipetes amaurotis,Hypsipetes amaurotis,avibase-59BEAB80,brebul1,exact
Hypsipetes everetti,Hypsipetes everetti,avibase-7A35729E,yelbul1,exact
Hypsipetes ganeesa,Hypsipetes ganeesa,avibase-4E74E6CC,sqtbul1,exact
Hypsipetes leucocephalus,Hypsipetes leucocephalus,avibase-B76214D7,blabul1,exact
Hypsipetes madagascariensis,Hypsipetes madagascariensis,avibase-5089E131,madbul1,exact
Hypsipetes olivaceus,Hypsipetes olivaceus,avibase-650CC5B3,maubul1,exact
Hypsipetes philippinus,Hypsipetes philippinus,avibase-6298D46A,phibul1,exact
Ianthocincla maxima,Ianthocincla maxima,avibase-826C6C37,gialau1,exact
Ianthocincla ocellata,Ianthocincla ocellata,avibase-7A44AD5A,spolau1,exact
Ianthocincla rufogularis,Ianthocincla rufogularis,avibase-422037AA,ruclau1,exact
Ibidorhyncha struthersii,Ibidorhyncha struthersii,avibase-0C1F2A47,ibisbi1,exact
Ibycter americanus,Ibycter americanus,avibase-104A2994,retcar2,exact
Ichthyaetus audouinii,Ichthyaetus audouinii,avibase-F7B9355E,audgul1,exact
Ichthyaetus melanocephalus,Ichthyaetus melanocephalus,avibase-052BFA8A,medgul1,exact
Icteria virens,Icteria virens,avibase-734C73A9,yebcha,exact
Icterus abeillei,Icterus abeillei,avibase-6055C1FB,blbori1,exact
Icterus auratus,Icterus auratus,avibase-CC30267C,oraori1,exact
Icterus auricapillus,Icterus auricapillus,avibase-A27737B7,orcori1,exact
Icterus bullockii,Icterus bullockiorum,avibase-7E65A952,bulori,clements_english
Icterus cayanensis,Icterus cayanensis,avibase-1A71A997,epaori1,exact
Icterus chrysater,Icterus chrysater,avibase-379A7116,yebori1,exact
Icterus croconotus,Icterus croconotus,avibase-4B32828D,orbtro3,exact
Icterus cucullatus,Icterus cucullatus,avibase-526A3692,hooori,exact
Icterus galbula,Icterus galbula,avibase-5110842F,balori,exact
Icterus graceannae,Icterus graceannae,avibase-E7F4C5C9,wheori1,exact
Icterus graduacauda,Icterus graduacauda,avibase-13B1B968,audori,exact
Icterus gularis,Icterus gularis,avibase-1F87083D,altori,exact
Icterus icterus,Icterus icterus,avibase-B7C6DEB5,ventro1,exact
Icterus jamacaii,Icterus jamacaii,avibase-24D0C888,camtro1,exact
Icterus leucopteryx,Icterus leucopteryx,avibase-4690E0C3,jamori1,exact
Icterus mesomelas,Icterus mesomelas,avibase-2E74AF7D,yetori1,exact
Icterus nigrogularis,Icterus nigrogularis,avibase-F20EFF95,yelori1,exact
Icterus parisorum,Icterus parisorum,avibase-9EE6D524,scoori,exact
Icterus pectoralis,Icterus pectoralis,avibase-D8B8C2B9,spbori,exact
Icterus portoricensis,Icterus portoricensis,avibase-05284D57,graori4,exact
Icterus prosthemelas,Icterus prosthemelas,avibase-071A4C74,bkcori,exact
Icterus pustulatus,Icterus pustulatus,avibase-DA089C8E,stbori,exact
Icterus pyrrhopterus,Icterus pyrrhopterus,avibase-C9B58AFF,epaori4,exact
Icterus spurius,Icterus spurius,avibase-000482C9,orcori,exact
Icterus wagleri,Icterus wagleri,avibase-87CD97E1,bkvori,exact
Ictinaetus malaiensis,Ictinaetus malaiensis,avibase-28D7E7CC,blaeag1,exact
Ictinia mississippiensis,Ictinia mississippiensis,avibase-ACFC8EB6,miskit,exact
Ictinia plumbea,Ictinia plumbea,avibase-5A97BF27,plukit1,exact
Iduna caligata,Iduna caligata,avibase-1A6C6F17,boowar1,exact
Iduna natalensis,Iduna natalensis,avibase-EBBD09CA,afywar1,exact
Iduna opaca,Iduna opaca,avibase-A7275096,weowar1,exact
Iduna pallida,Iduna pallida,avibase-BAE527A2,eaowar1,exact
Iduna rama,Iduna rama,avibase-A8242804,sykwar2,exact
Iduna similis,Iduna similis,avibase-E999FD2D,moywar1,exact
Ifrita kowaldi,Ifrita kowaldi,avibase-433A907D,bucifr1,exact
Ilicura militaris,Ilicura militaris,avibase-CFCE5A44,pitman1,exact
Illadopsis albipectus,Illadopsis albipectus,avibase-2D157C82,scbill1,exact
Illadopsis cleaveri,Illadopsis cleaveri,avibase-58BB1A14,blaill1,exact
Illadopsis fulvescens,Illadopsis fulvescens,avibase-3805ACAD,broill1,exact
Illadopsis puveli,Illadopsis puveli,avibase-0058E798,puvill1,exact
Illadopsis pyrrhoptera,Illadopsis pyrrhoptera,avibase-596BDE51,mouill1,exact
Illadopsis rufipennis,Illadopsis rufipennis,avibase-64078193,pabill1,exact
Incaspiza laeta,Incaspiza laeta,avibase-754AE5B4,bbifin1,exact
Incaspiza ortizi,Incaspiza ortizi,avibase-2BACA383,gywinf1,exact
Incaspiza personata,Incaspiza personata,avibase-F41C2D53,rbifin1,exact
Indicator indicator,Indicator indicator,avibase-862749B0,grehon2,exact
Indicator minor,Indicator minor,avibase-50F3668C,y00400,exact
Indicator variegatus,Indicator variegatus,avibase-7EF4C99C,scthon1,exact
Inezia caudata,Inezia caudata,avibase-DE77BA6A,pattyr3,exact
Inezia inornata,Inezia inornata,avibase-E938D049,platyr1,exact
Inezia subflava,Inezia subflava,avibase-DA9DCEC1,amatyr1,exact
Inezia tenuirostris,Inezia tenuirostris,avibase-27411295,slbtyr1,exact
Iodopleura isabellae,Iodopleura isabellae,avibase-C12DB91E,whbpur1,exact
Iodopleura pipra,Iodopleura pipra,avibase-57EC4803,butpur1,exact
Iole crypta,Iole crypta,avibase-88FC3084,buvbul1,exact
Iole indica,Acritillas indica,avibase-36D71C61,yebbul3,clements_english
Iole propinqua,Iole propinqua,avibase-BD494C66,gyebul1,exact
Iole viridescens,Iole viridescens,avibase-804922A3,olibul1,exact
Irania gutturalis,Irania gutturalis,avibase-73BD4B29,whtrob3,exact
Irena cyanogastra,Irena cyanogastra,avibase-D27C14EE,phifab1,exact
Irena puella,Irena puella,avibase-BFC86948,asfblu1,exact
Iridosornis analis,Iridosornis analis,avibase-845E3D86,yettan1,exact
Iridosornis porphyrocephalus,Iridosornis porphyrocephalus,avibase-7999BD70,pumtan2,exact
Iridosornis rufivertex,Iridosornis rufivertex,avibase-699BDB3E,goctan4,exact
Isleria guttata,Isleria guttata,avibase-29D98F31,rubant3,exact
Isleria hauxwelli,Isleria hauxwelli,avibase-DCF9CFE8,pltant1,exact
Ithaginis cruentus,Ithaginis cruentus,avibase-FFF63987,blophe1,exact
Ixobrychus cinnamomeus,Botaurus cinnamomeus,avibase-CBDC8AA3,cinbit1,clements_english
Ixobrychus dubius,Botaurus dubius,avibase-32C3CEF7,bkbbit1,clements_english
Ixobrychus eurhythmus,Botaurus eurhythmus,avibase-E04AFC71,schbit1,clements_english
Ixobrychus exilis,Botaurus exilis,avibase-0B361ED8,leabit,clements_english
Ixobrychus flavicollis,Botaurus flavicollis,avibase-003BE0C5,blabit1,clements_english
Ixobrychus involucris,Botaurus involucris,avibase-097783CD,stbbit1,clements_english
Ixobrychus minutus,Botaurus minutus,avibase-7AAD57AC,litbit1,clements_english
Ixobrychus sinensis,Botaurus sinensis,avibase-1BFBF5D5,yelbit,clements_english
Ixonotus guttatus,Ixonotus guttatus,avibase-33703E6F,spogre1,exact
Ixoreus naevius,Ixoreus naevius,avibase-58312873,varthr,exact
Ixos malaccensis,Ixos malaccensis,avibase-0457ECD3,strbul1,exact
Ixos mcclellandii,Ixos mcclellandii,avibase-473131CC,moubul2,exact
Ixothraupis guttata,Ixothraupis guttata,avibase-14DFDF9F,spetan1,exact
Ixothraupis punctata,Ixothraupis punctata,avibase-453B7DCF,spotan1,exact
Ixothraupis rufigula,Ixothraupis rufigula,avibase-454C067F,ruttan1,exact
Ixothraupis varia,Ixothraupis varia,avibase-3C6B2240,dottan1,exact
Jabiru mycteria,Jabiru mycteria,avibase-49BD1F79,jabiru,exact
Jacamaralcyon tridactyla,Jacamaralcyon tridactyla,avibase-4051B630,thtjac1,exact
Jacamerops aureus,Jacamerops aureus,avibase-268D9909,grejac2,exact
Jacana jacana,Jacana jacana,avibase-D324ED7D,watjac1,exact
Jacana spinosa,Jacana spinosa,avibase-3E6F686E,norjac,exact
Junco hyemalis,Junco hyemalis,avibase-05FF3C9B,daejun,exact
Junco phaeonotus,Junco phaeonotus,avibase-D552A818,yeejun,exact
Jynx ruficollis,Jynx ruficollis,avibase-93EC5E12,runwry1,exact
Jynx torquilla,Jynx torquilla,avibase-B2E6AB9F,eurwry,exact
Kakamega poliothorax,Kakamega poliothorax,avibase-FC1BE879,gycill1,exact
Kaupifalco monogrammicus,Kaupifalco monogrammicus,avibase-3EEB66ED,lizbuz1,exact
Kenopia striata,Kenopia striata,avibase-52B32004,stwbab3,exact
Ketupa blakistoni,Ketupa blakistoni,avibase-2B0C5E60,blfowl1,exact
Ketupa ketupu,Ketupa ketupu,avibase-C1AAB74D,bufowl2,exact
Ketupa zeylonensis,Ketupa zeylonensis,avibase-CFDF9E89,brfowl1,exact
Klais guimeti,Klais guimeti,avibase-CFA062CB,vihhum1,exact
Kleinothraupis atropileus,Kleinothraupis atropileus,avibase-5DC98865,blchem1,exact
Kleinothraupis parodii,Kleinothraupis parodii,avibase-7F89004D,parhem1,exact
Knipolegus aterrimus,Knipolegus aterrimus,avibase-070A3D5E,whwblt1,exact
Knipolegus hudsoni,Knipolegus hudsoni,avibase-5CA4674C,hubtyr1,exact
Knipolegus orenocensis,Knipolegus orenocensis,avibase-BE385722,rivtyr2,exact
Knipolegus poecilurus,Knipolegus poecilurus,avibase-AED66D49,ruttyr1,exact
Kurochkinegramma hypogrammicum,Kurochkinegramma hypogrammicum,avibase-7700E7E6,punsun1,exact
Lacedo pulchella,Lacedo pulchella,avibase-303D5356,bankin1,exact
Lafresnaya lafresnayi,Lafresnaya lafresnayi,avibase-9ECA2AFB,mouvel1,exact
Lagonosticta rhodopareia,Lagonosticta rhodopareia,avibase-871F32D9,jamfir1,exact
Lagonosticta rubricata,Lagonosticta rubricata,avibase-A6034D7F,afffin,exact
Lagonosticta senegala,Lagonosticta senegala,avibase-B4A4E4BF,rebfir2,exact
Lagopus lagopus,Lagopus lagopus,avibase-6CCEAF5D,wilpta,exact
Lagopus leucura,Lagopus leucura,avibase-C53F4940,whtpta1,exact
Lagopus muta,Lagopus muta,avibase-79B161B7,rocpta1,exact
Lalage aurea,Lalage aurea,avibase-52BB32BC,rubtri1,exact
Lalage fimbriata,Lalage fimbriata,avibase-E501EAB3,lescus1,exact
Lalage leucomela,Lalage leucomela,avibase-A6062F43,vartri1,exact
Lalage leucopyga,Lalage leucopyga,avibase-A9CF79A7,lottri1,exact
Lalage maculosa,Lalage maculosa,avibase-2AA040CE,poltri1,exact
Lalage melanoptera,Lalage melanoptera,avibase-58BC7F5D,bkhcus1,exact
Lalage melaschistos,Lalage melaschistos,avibase-FAE71B8F,bkwcus1,exact
Lalage nigra,Lalage nigra,avibase-84B32303,pietri1,exact
Lalage tricolor,Lalage tricolor,avibase-DFD1EAF6,whwtri1,exact
Lampornis amethystinus,Lampornis amethystinus,avibase-474AA2CF,amthum1,exact
Lampornis clemenciae,Lampornis clemenciae,avibase-97FB2BC9,buthum,exact
Lampornis sybillae,Lampornis sybillae,avibase-4EF75683,gbmgem1,exact
Lampornis viridipallens,Lampornis viridipallens,avibase-9A164FA0,gtmgem1,exact
Lampropsar tanagrinus,Lampropsar tanagrinus,avibase-1D065546,vefgra1,exact
Lamprospiza melanoleuca,Lamprospiza melanoleuca,avibase-099CDCB9,rbptan1,exact
Lamprotornis australis,Lamprotornis australis,avibase-996AF595,bugsta1,exact
Lamprotornis bicolor,Lamprotornis bicolor,avibase-C244BE28,afpsta1,exact
Lamprotornis caudatus,Lamprotornis caudatus,avibase-56713D11,ltgsta1,exact
Lamprotornis chalybaeus,Lamprotornis chalybaeus,avibase-7DDB347E,gbesta1,exact
Lamprotornis chloropterus,Lamprotornis chloropterus,avibase-0AA15ACA,lbesta1,exact
Lamprotornis hildebrandti,Lamprotornis hildebrandti,avibase-621F6E07,hilsta1,exact
Lamprotornis mevesii,Lamprotornis mevesii,avibase-69598630,megsta1,exact
Lamprotornis nitens,Lamprotornis nitens,avibase-57BBB7F1,capgls1,exact
Lamprotornis purpuroptera,Lamprotornis purpuroptera,avibase-3BB2565D,ruegls1,exact
Lamprotornis splendidus,Lamprotornis splendidus,avibase-18B10CF9,spgsta1,exact
Lamprotornis superbus,Lamprotornis superbus,avibase-405CCAAE,supsta1,exact
Lamprotornis unicolor,Lamprotornis unicolor,avibase-6BFEA7BE,ashsta2,exact
Laniarius aethiopicus,Laniarius aethiopicus,avibase-EBC3B53B,trobou2,exact
Laniarius atrococcineus,Laniarius atrococcineus,avibase-9B33F957,crbgon1,exact
Laniarius atroflavus,Laniarius atroflavus,avibase-0D6B8ACA,yebbou1,exact
Laniarius barbarus,Laniarius barbarus,avibase-5B3BD7A0,comgon1,exact
Laniarius bicolor,Laniarius bicolor,avibase-1776533D,gabbou1,exact
Laniarius erythrogaster,Laniarius erythrogaster,avibase-5E822C9C,blhgon1,exact
Laniarius ferrugineus,Laniarius ferrugineus,avibase-2849059D,soubou1,exact
Laniarius fuelleborni,Laniarius fuelleborni,avibase-EA283BA8,fuebou1,exact
Laniarius funebris,Laniarius funebris,avibase-0868B50D,slcbou1,exact
Laniarius luehderi,Laniarius luehderi,avibase-5AF20251,luebus1,exact
Laniarius major,Laniarius major,avibase-07F940AA,trobou1,exact
Laniarius mufumbiri,Laniarius mufumbiri,avibase-1E5D636D,papgon1,exact
Laniarius poensis,Laniarius poensis,avibase-73E1A69A,mosbou1,exact
Laniarius sublacteus,Laniarius sublacteus,avibase-0133C47B,zanbou1,exact
Laniisoma elegans,Laniisoma elegans,avibase-A13F03C6,shlcot3,exact
Lanio aurantius,Lanio aurantius,avibase-1D35BB7C,btstan1,exact
Lanio fulvus,Lanio fulvus,avibase-FD883BFD,fustan1,exact
Lanio leucothorax,Lanio leucothorax,avibase-B08CF996,wtstan1,exact
Lanio versicolor,Lanio versicolor,avibase-F2DED854,wwstan1,exact
Laniocera hypopyrra,Laniocera hypopyrra,avibase-8C350908,cinmou1,exact
Laniocera rufescens,Laniocera rufescens,avibase-7609CE39,spemou1,exact
Lanius borealis,Lanius borealis,avibase-76158864,norshr4,exact
Lanius bucephalus,Lanius bucephalus,avibase-A4C59A23,buhshr1,exact
Lanius cabanisi,Lanius cabanisi,avibase-836EDA33,lotfis1,exact
Lanius collaris,Lanius collaris,avibase-FFA65A47,soufis1,exact
Lanius collurio,Lanius collurio,avibase-F2CEFD1A,rebshr1,exact
Lanius collurioides,Lanius collurioides,avibase-EA411063,burshr1,exact
Lanius corvinus,Corvinella corvina,avibase-E44FAD6F,yebshr1,clements_english
Lanius cristatus,Lanius cristatus,avibase-E4968582,brnshr,exact
Lanius excubitor,Lanius excubitor,avibase-DB2501EE,norshr1,exact
Lanius humeralis,Lanius humeralis,avibase-5792867A,norfis1,exact
Lanius isabellinus,Lanius isabellinus,avibase-97166F72,isashr1,exact
Lanius ludovicianus,Lanius ludovicianus,avibase-36171C2B,logshr,exact
Lanius meridionalis,Lanius meridionalis,avibase-EDE09959,ibgshr1,exact
Lanius minor,Lanius minor,avibase-8852337B,legshr2,exact
Lanius nubicus,Lanius nubicus,avibase-E90CC64A,masshr1,exact
Lanius phoenicuroides,Lanius phoenicuroides,avibase-EE7915A2,rutshr2,exact
Lanius schach,Lanius schach,avibase-69FC190B,lotshr1,exact
Lanius senator,Lanius senator,avibase-7E70D490,wooshr1,exact
Lanius sphenocercus,Lanius sphenocercus,avibase-7DEB77F3,chgshr1,exact
Lanius tephronotus,Lanius tephronotus,avibase-DB5F2609,gybshr1,exact
Lanius tigrinus,Lanius tigrinus,avibase-73643138,tigshr1,exact
Lanius vittatus,Lanius vittatus,avibase-FED81571,babshr1,exact
Larosterna inca,Larosterna inca,avibase-FF6C3B9C,incter1,exact
Larus argentatus,Larus argentatus,avibase-F002188E,euhgul1,exact
Larus belcheri,Larus belcheri,avibase-2864A5B0,belgul,exact
Larus brachyrhynchus,Larus brachyrhynchus,avibase-342F6965,mewgul2,exact
Larus cachinnans,Larus cachinnans,avibase-93CA037F,casgul2,exact
Larus californicus,Larus californicus,avibase-7FCE8A43,calgul,exact
Larus canus,Larus canus,avibase-00DA9D91,mewgul,exact
Larus crassirostris,Larus crassirostris,avibase-8C4CE60F,bktgul,exact
Larus delawarensis,Larus delawarensis,avibase-23863F65,ribgul,exact
Larus dominicanus,Larus dominicanus,avibase-E6536E4E,kelgul,exact
Larus fuscus,Larus fuscus,avibase-2D52E3A5,lbbgul,exact
Larus glaucescens,Larus glaucescens,avibase-03AC32BA,glwgul,exact
Larus glaucoides,Larus glaucoides,avibase-FB4FCB27,y00478,exact
Larus heermanni,Larus heermanni,avibase-6996D540,heegul,exact
Larus hyperboreus,Larus hyperboreus,avibase-A59FA446,glagul,exact
Larus livens,Larus livens,avibase-87E74BBF,yefgul,exact
Larus marinus,Larus marinus,avibase-E826E9F3,gbbgul,exact
Larus michahellis,Larus michahellis,avibase-E074D706,yelgul1,exact
Larus occidentalis,Larus occidentalis,avibase-575A3E3B,wesgul,exact
Larus schistisagus,Larus schistisagus,avibase-456C7FAE,slbgul,exact
Larvivora akahige,Larvivora akahige,avibase-76E2708C,japrob2,exact
Larvivora brunnea,Larvivora brunnea,avibase-43B60493,inbrob1,exact
Larvivora cyane,Larvivora cyane,avibase-A8AA7E19,sibrob,exact
Larvivora komadori,Larvivora komadori,avibase-69346554,ryurob2,exact
Larvivora sibilans,Larvivora sibilans,avibase-9C056398,rutrob1,exact
Laterallus albigularis,Laterallus albigularis,avibase-011EB942,whtcra1,exact
Laterallus exilis,Laterallus exilis,avibase-8ABC8268,grbcra1,exact
Laterallus jamaicensis,Laterallus jamaicensis,avibase-C5DF08E7,blkrai,exact
Laterallus leucopyrrhus,Rufirallus leucopyrrhus,avibase-68948FC6,rawcra1,clements_english
Laterallus levraudi,Laterallus levraudi,avibase-288377C3,rufcra2,exact
Laterallus melanophaius,Laterallus melanophaius,avibase-2202698C,ruscra1,exact
Laterallus ruber,Laterallus ruber,avibase-E75C88E2,rudcra1,exact
Laterallus xenopterus,Rufirallus xenopterus,avibase-99374A39,rufcra1,clements_english
Lathamus discolor,Lathamus discolor,avibase-F5E8A0CE,swipar1,exact
Lathrotriccus euleri,Lathrotriccus euleri,avibase-C150D25D,eulfly1,exact
Lathrotriccus griseipectus,Lathrotriccus griseipectus,avibase-F578E20D,gybfly1,exact
Laticilla cinerascens,Laticilla cinerascens,avibase-B96E3F33,swapri1,exact
Legatus leucophaius,Legatus leucophaius,avibase-9971C83E,pirfly1,exact
Leiopicus mahrattensis,Leiopicus mahrattensis,avibase-CBBA6CB0,yecwoo1,exact
Leioptila annectens,Leioptila annectens,avibase-932DB585,rubsib1,exact
Leiothlypis celata,Leiothlypis celata,avibase-FFF61080,orcwar,exact
Leiothlypis crissalis,Leiothlypis crissalis,avibase-82F8890F,colwar,exact
Leiothlypis luciae,Leiothlypis luciae,avibase-E8EB3C96,lucwar,exact
Leiothlypis peregrina,Leiothlypis peregrina,avibase-D204A930,tenwar,exact
Leiothlypis ruficapilla,Leiothlypis ruficapilla,avibase-183E5F90,naswar,exact
Leiothlypis virginiae,Leiothlypis virginiae,avibase-A97F14D0,virwar,exact
Leiothrix argentauris,Leiothrix argentauris,avibase-6B9D3B7D,siemes1,exact
Leiothrix lutea,Leiothrix lutea,avibase-E147E79E,reblei,exact
Leistes bellicosus,Leistes bellicosus,avibase-822B2E03,permea1,exact
Leistes loyca,Leistes loyca,avibase-116A0791,lotmea1,exact
Leistes militaris,Leistes militaris,avibase-5E08EF73,rebbla1,exact
Leistes superciliaris,Leistes superciliaris,avibase-2A95552E,whbbla2,exact
Lepidocolaptes affinis,Lepidocolaptes affinis,avibase-633AC48E,spcwoo1,exact
Lepidocolaptes albolineatus,Lepidocolaptes albolineatus,avibase-8210E3A3,linwoo3,exact
Lepidocolaptes angustirostris,Lepidocolaptes angustirostris,avibase-1AC2BAC2,nabwoo1,exact
Lepidocolaptes duidae,Lepidocolaptes duidae,avibase-E41639E7,linwoo4,exact
Lepidocolaptes falcinellus,Lepidocolaptes falcinellus,avibase-A9EF14E1,scawoo2,exact
Lepidocolaptes fatimalimae,Lepidocolaptes fatimalimae,avibase-6D230722,inawoo1,exact
Lepidocolaptes fuscicapillus,Lepidocolaptes fuscicapillus,avibase-43AC1D66,ducwoo1,exact
Lepidocolaptes lacrymiger,Lepidocolaptes lacrymiger,avibase-D6EF464B,monwoo1,exact
Lepidocolaptes leucogaster,Lepidocolaptes leucogaster,avibase-21A260F2,whswoo1,exact
Lepidocolaptes souleyetii,Lepidocolaptes souleyetii,avibase-65EA1A08,sthwoo1,exact
Lepidocolaptes squamatus,Lepidocolaptes squamatus,avibase-AEFE6D42,scawoo1,exact
Lepidothrix coronata,Lepidothrix coronata,avibase-E8FCDE6D,blcman1,exact
Lepidothrix iris,Lepidothrix iris,avibase-5852C9A8,opcman1,exact
Lepidothrix isidorei,Lepidothrix isidorei,avibase-7BAF5701,blrman1,exact
Lepidothrix nattereri,Lepidothrix nattereri,avibase-995CF40D,sncman1,exact
Lepidothrix serena,Lepidothrix serena,avibase-33C4A8B0,whfman1,exact
Lepidothrix suavissima,Lepidothrix suavissima,avibase-1717C993,orbman1,exact
Leptasthenura aegithaloides,Leptasthenura aegithaloides,avibase-9E0B7CE9,pmtspi1,exact
Leptasthenura andicola,Leptasthenura andicola,avibase-3367E902,antspi1,exact
Leptasthenura fuliginiceps,Leptasthenura fuliginiceps,avibase-9FCDF434,bctspi1,exact
Leptasthenura pileata,Leptasthenura pileata,avibase-0EFEB7DB,rctspi1,exact
Leptasthenura platensis,Leptasthenura platensis,avibase-C93D57E9,tutspi1,exact
Leptasthenura setaria,Leptasthenura setaria,avibase-8223568E,artspi1,exact
Leptasthenura striata,Leptasthenura striata,avibase-D44A8E2F,sttspi1,exact
Leptasthenura striolata,Leptasthenura striolata,avibase-83FBC2B3,sttspi2,exact
Leptasthenura xenothorax,Leptasthenura xenothorax,avibase-309CCFF3,wbtspi1,exact
Leptocoma aspasia,Leptocoma aspasia,avibase-16EBA05A,blksun1,exact
Leptocoma brasiliana,Leptocoma brasiliana,avibase-F1495113,vahsun1,exact
Leptocoma calcostetha,Leptocoma calcostetha,avibase-ECF86816,cotsun2,exact
Leptocoma minima,Leptocoma minima,avibase-B5F1B635,crbsun2,exact
Leptocoma sperata,Leptocoma sperata,avibase-8129C413,putsun3,exact
Leptocoma zeylonica,Leptocoma zeylonica,avibase-9A13D986,pursun3,exact
Leptodon cayanensis,Leptodon cayanensis,avibase-C2A2B363,grhkit1,exact
Leptopoecile sophiae,Leptopoecile sophiae,avibase-FCAE5D9C,wbtwar1,exact
Leptopogon amaurocephalus,Leptopogon amaurocephalus,avibase-61EA91A8,secfly1,exact
Leptopogon rufipectus,Leptopogon rufipectus,avibase-5C461582,rubfly2,exact
Leptopogon superciliaris,Leptopogon superciliaris,avibase-16C172E1,slcfly1,exact
Leptopogon taczanowskii,Leptopogon taczanowskii,avibase-6B4B427B,incfly1,exact
Leptoptilos crumenifer,Leptoptilos crumenifer,avibase-03C0F97C,marsto1,exact
Leptosittaca branickii,Leptosittaca branickii,avibase-B6D7DD31,goppar1,exact
Leptosomus discolor,Leptosomus discolor,avibase-BCC6CD0D,cuckoo1,exact
Leptotila cassinii,Leptotila cassinii,avibase-34B0DFFA,grcdov1,exact
Leptotila conoveri,Leptotila conoveri,avibase-52700241,toldov1,exact
Leptotila jamaicensis,Leptotila jamaicensis,avibase-401B5C83,cardov1,exact
Leptotila megalura,Leptotila megalura,avibase-BAB92B27,latdov1,exact
Leptotila ochraceiventris,Leptotila ochraceiventris,avibase-597CE4E8,ocbdov1,exact
Leptotila pallida,Leptotila pallida,avibase-D4CDB0EA,paldov1,exact
Leptotila plumbeiceps,Leptotila plumbeiceps,avibase-A2066DD0,gyhdov1,exact
Leptotila rufaxilla,Leptotila rufaxilla,avibase-684B9362,grfdov1,exact
Leptotila verreauxi,Leptotila verreauxi,avibase-6141E8C8,whtdov,exact
Lesbia nuna,Lesbia nuna,avibase-5DEE6DC8,grttra1,exact
Lesbia victoriae,Lesbia victoriae,avibase-E90F598E,blttra1,exact
Leucippus fallax,Leucippus fallax,avibase-ACCC88A9,bufhum1,exact
Leucochloris albicollis,Leucochloris albicollis,avibase-DEB293EB,whthum2,exact
Leucogeranus leucogeranus,Leucogeranus leucogeranus,avibase-77845DAD,sibcra1,exact
Leucolia violiceps,Ramosomyia violiceps,avibase-824C89C3,vichum,clements_english
Leucophaeus atricilla,Leucophaeus atricilla,avibase-6CDC3C9C,laugul,exact
Leucophaeus modestus,Leucophaeus modestus,avibase-804CCA3A,grygul,exact
Leucophaeus pipixcan,Leucophaeus pipixcan,avibase-57C93A74,fragul,exact
Leucophaeus scoresbii,Leucophaeus scoresbii,avibase-683C03D9,dolgul2,exact
Leucopternis kuhli,Leucopternis kuhli,avibase-0DDD022A,whbhaw2,exact
Leucopternis melanops,Leucopternis melanops,avibase-95D16974,blfhaw1,exact
Leucopternis semiplumbeus,Leucopternis semiplumbeus,avibase-B4B9A3B4,semhaw,exact
Leucosarcia melanoleuca,Leucosarcia melanoleuca,avibase-E91C72D9,wonpig1,exact
Leucosticte atrata,Leucosticte atrata,avibase-A8F0BE19,bkrfin,exact
Leucosticte australis,Leucosticte australis,avibase-0B90527D,bcrfin,exact
Leucosticte tephrocotis,Leucosticte tephrocotis,avibase-029491CD,gcrfin,exact
Lewinia pectoralis,Lewinia pectoralis,avibase-8B6FB21F,lewrai1,exact
Lewinia striata,Lewinia striata,avibase-139D3221,slbrai1,exact
Lichenostomus cratitius,Lichenostomus cratitius,avibase-D2F157E4,pughon1,exact
Lichenostomus melanops,Lichenostomus melanops,avibase-6409E246,yethon3,exact
Lichmera incana,Lichmera incana,avibase-80F7A230,dabhon1,exact
Lichmera indistincta,Lichmera indistincta,avibase-7CF36CE0,brohon1,exact
Lichmera squamata,Lichmera squamata,avibase-B5BB0FC3,whthon2,exact
Limnoctites rectirostris,Limnoctites rectirostris,avibase-0A762FF6,stbree2,exact
Limnoctites sulphuriferus,Limnoctites sulphuriferus,avibase-562905AC,sutspi1,exact
Limnodromus griseus,Limnodromus griseus,avibase-4A3B2CFF,shbdow,exact
Limnodromus scolopaceus,Limnodromus scolopaceus,avibase-CB343E43,lobdow,exact
Limnodromus semipalmatus,Limnodromus semipalmatus,avibase-B7E68EC8,asidow1,exact
Limnornis curvirostris,Limnornis curvirostris,avibase-1BD9ECB6,cubree1,exact
Limnothlypis swainsonii,Limnothlypis swainsonii,avibase-D3624203,swawar,exact
Limosa fedoa,Limosa fedoa,avibase-249AE8DF,margod,exact
Limosa haemastica,Limosa haemastica,avibase-93013964,hudgod,exact
Limosa lapponica,Limosa lapponica,avibase-9A684C99,batgod,exact
Limosa limosa,Limosa limosa,avibase-454B5CD5,bktgod,exact
Linaria cannabina,Linaria cannabina,avibase-32635892,eurlin1,exact
Linaria flavirostris,Linaria flavirostris,avibase-6CD4E38E,twite1,exact
Linaria yemenensis,Linaria yemenensis,avibase-FFC77162,yemlin1,exact
Liocichla phoenicea,Liocichla phoenicea,avibase-D0E844AC,reflio2,exact
Liocichla ripponi,Liocichla ripponi,avibase-9C498E1F,reflio3,exact
Liocichla steerii,Liocichla steerii,avibase-E1A2DAD9,stelio1,exact
Lioparus chrysotis,Lioparus chrysotis,avibase-42D184B0,gobful1,exact
Liosceles thoracicus,Liosceles thoracicus,avibase-C09A5A72,rubtap1,exact
Lipaugus ater,Lipaugus ater,avibase-99978F19,bagcot1,exact
Lipaugus fuscocinereus,Lipaugus fuscocinereus,avibase-DB7C4B4C,duspih1,exact
Lipaugus lanioides,Lipaugus lanioides,avibase-56D22505,civpih1,exact
Lipaugus unirufus,Lipaugus unirufus,avibase-EF5C2BE1,rufpih1,exact
Lipaugus vociferans,Lipaugus vociferans,avibase-7F74A595,scrpih1,exact
Lipaugus weberi,Lipaugus weberi,avibase-5309608B,chcpih1,exact
Lochmias nematura,Lochmias nematura,avibase-79B462A5,shtstr1,exact
Locustella alishanensis,Locustella alishanensis,avibase-AC14DBAB,taibuw1,exact
Locustella caudata,Locustella caudata,avibase-A86920C2,ltbwar1,exact
Locustella davidi,Locustella davidi,avibase-A3DA71AE,spobuw1,exact
Locustella fluviatilis,Locustella fluviatilis,avibase-2B020CA0,eurwar2,exact
Locustella lanceolata,Locustella lanceolata,avibase-10A37318,lanwar,exact
Locustella luscinioides,Locustella luscinioides,avibase-2D46BB98,savwar1,exact
Locustella luteoventris,Locustella luteoventris,avibase-79094AD6,brbwar2,exact
Locustella mandelli,Locustella mandelli,avibase-9D31EB97,rubwar1,exact
Locustella montis,Locustella montis,avibase-C537F2F2,jabwar1,exact
Locustella naevia,Locustella naevia,avibase-BC0E4C9F,cogwar1,exact
Locustella tacsanowskia,Locustella tacsanowskia,avibase-AD2C0444,chbwar1,exact
Locustella thoracica,Locustella thoracica,avibase-21589EE3,spobuw3,exact
Lonchura atricapilla,Lonchura atricapilla,avibase-5634598A,chemun,exact
Lonchura castaneothorax,Lonchura castaneothorax,avibase-468F5860,chbmun1,exact
Lonchura kelaarti,Lonchura kelaarti,avibase-9138891C,bltmun1,exact
Lonchura leucogastroides,Lonchura leucogastroides,avibase-C4445409,javmun1,exact
Lonchura maja,Lonchura maja,avibase-E92CE1F0,whhmun1,exact
Lonchura malacca,Lonchura malacca,avibase-937B5409,trimun,exact
Lonchura punctulata,Lonchura punctulata,avibase-6D4F72B1,nutman,exact
Lonchura striata,Lonchura striata,avibase-22BE6FC5,whrmun,exact
Lophaetus occipitalis,Lophaetus occipitalis,avibase-14B9664A,loceag1,exact
Lophoceros alboterminatus,Lophoceros alboterminatus,avibase-1FDA0172,crohor1,exact
Lophoceros camurus,Lophoceros camurus,avibase-53D72911,rbdhor1,exact
Lophoceros fasciatus,Lophoceros fasciatus,avibase-4B8F7AF5,afphor3,exact
Lophoceros hemprichii,Lophoceros hemprichii,avibase-6D72B23C,hemhor1,exact
Lophoceros nasutus,Lophoceros nasutus,avibase-0CCD664D,afghor1,exact
Lophochroa leadbeateri,Cacatua leadbeateri,avibase-E39FD99C,pincoc1,clements_english
Lophodytes cucullatus,Lophodytes cucullatus,avibase-60E6081E,hoomer,exact
Lophonetta specularioides,Lophonetta specularioides,avibase-079F846A,creduc1,exact
Lophophanes cristatus,Lophophanes cristatus,avibase-E5531933,cretit2,exact
Lophophanes dichrous,Lophophanes dichrous,avibase-85491713,gyctit1,exact
Lophophorus impejanus,Lophophorus impejanus,avibase-F57FA437,himmon1,exact
Lophorina superba,Lophorina superba,avibase-54154974,vosbop1,exact
Lophostrix cristata,Lophostrix cristata,avibase-4DC2A2BF,creowl1,exact
Lophotriccus eulophotes,Lophotriccus eulophotes,avibase-5B7A0B33,lcptyr1,exact
Lophotriccus galeatus,Lophotriccus galeatus,avibase-AD336ABC,heptyr1,exact
Lophotriccus pileatus,Lophotriccus pileatus,avibase-ACC831CF,scptyr1,exact
Lophotriccus vitiosus,Lophotriccus vitiosus,avibase-85F4E491,dbptyr1,exact
Lophotriorchis kienerii,Lophotriorchis kienerii,avibase-BEB2A9A8,rubeag2,exact
Lophura leucomelanos,Lophura leucomelanos,avibase-93A17734,kalphe,exact
Loriculus beryllinus,Loriculus beryllinus,avibase-424E35B4,cehpar1,exact
Loriculus galgulus,Loriculus galgulus,avibase-34FA84EF,bchpar1,exact
Loriculus philippensis,Loriculus philippensis,avibase-DDFD5D91,phihap1,exact
Loriculus vernalis,Loriculus vernalis,avibase-A5FA764B,vehpar1,exact
Loriotus cristatus,Loriotus cristatus,avibase-C9AFBE36,flctan1,exact
Loriotus luctuosus,Loriotus luctuosus,avibase-47CB5669,whstan1,exact
Lorius chlorocercus,Lorius chlorocercus,avibase-8EFBF8E5,yeblor1,exact
Lorius lory,Lorius lory,avibase-451B7837,blclor1,exact
Loxia curvirostra,Loxia curvirostra,avibase-135564AA,redcro,exact
Loxia leucoptera,Loxia leucoptera,avibase-80C297E6,whwcro,exact
Loxia pytyopsittacus,Loxia pytyopsittacus,avibase-CAAD3E23,parcro2,exact
Loxia scotica,Loxia scotica,avibase-74FCC44D,scocro1,exact
Loxia sinesciuris,Loxia sinesciuris,avibase-5627C990,redcro9,exact
Loxigilla noctis,Loxigilla noctis,avibase-B371AC33,leabul1,exact
Loxioides bailleui,Loxioides bailleui,avibase-6B31D099,palila,exact
Loxops caeruleirostris,Loxops caeruleirostris,avibase-0F8900D1,akekee,exact
Loxops coccineus,Loxops coccineus,avibase-B690DF97,akepa1,exact
Loxops mana,Loxops mana,avibase-DD65F272,hawcre,exact
Lullula arborea,Lullula arborea,avibase-742EC2F1,woolar1,exact
Lurocalis rufiventris,Lurocalis rufiventris,avibase-FC8265D9,rubnig1,exact
Lurocalis semitorquatus,Lurocalis semitorquatus,avibase-518ADDBC,shtnig1,exact
Luscinia luscinia,Luscinia luscinia,avibase-6EC66752,thrnig1,exact
Luscinia megarhynchos,Luscinia megarhynchos,avibase-7C7F0DEE,comnig1,exact
Luscinia phaenicuroides,Luscinia phaenicuroides,avibase-789DEC69,whbred1,exact
Luscinia svecica,Luscinia svecica,avibase-AFD6FD81,blueth,exact
Lybius bidentatus,Pogonornis bidentatus,avibase-439FE608,dotbar1,clements_english
Lybius guifsobalito,Lybius guifsobalito,avibase-0D419595,blbbar3,exact
Lybius torquatus,Lybius torquatus,avibase-8C50CB2D,blcbar1,exact
Lybius vieilloti,Lybius vieilloti,avibase-7DE8EBBA,viebar1,exact
Lycocorax pyrrhopterus,Lycocorax pyrrhopterus,avibase-EED2D4AE,paradi2,exact
Lymnocryptes minimus,Lymnocryptes minimus,avibase-1A15F0C6,jacsni,exact
Lyncornis macrotis,Lyncornis macrotis,avibase-C5E15B31,grenig1,exact
Lyncornis temminckii,Lyncornis temminckii,avibase-3DBEFCA5,malnig1,exact
Lyrurus tetrix,Lyrurus tetrix,avibase-D4441CD6,blagro1,exact
Machaerirhynchus flaviventer,Machaerirhynchus flaviventer,avibase-A7DBA3E6,yebboa1,exact
Machaerirhynchus nigripectus,Machaerirhynchus nigripectus,avibase-7A20EBB0,blbboa1,exact
Machaeropterus deliciosus,Machaeropterus deliciosus,avibase-D76775F3,clwman1,exact
Machaeropterus pyrocephalus,Machaeropterus pyrocephalus,avibase-F142A496,ficman1,exact
Machaeropterus regulus,Machaeropterus regulus,avibase-FCA41C81,strman2,exact
Machaeropterus striolatus,Machaeropterus striolatus,avibase-B4FFD399,strman5,exact
Macheiramphus alcinus,Macheiramphus alcinus,avibase-DAE4C523,bathaw1,exact
Machetornis rixosa,Machetornis rixosa,avibase-87874F97,cattyr,exact
Machlolophus aplonotus,Machlolophus aplonotus,avibase-F45DB0EB,indtit1,exact
Machlolophus holsti,Machlolophus holsti,avibase-171B0084,yeltit2,exact
Machlolophus nuchalis,Machlolophus nuchalis,avibase-ACF0445B,whwtit2,exact
Machlolophus spilonotus,Machlolophus spilonotus,avibase-AEF498CA,yectit1,exact
Machlolophus xanthogenys,Machlolophus xanthogenys,avibase-885D7623,blltit1,exact
Mackenziaena leachii,Mackenziaena leachii,avibase-B165F898,latant1,exact
Mackenziaena severa,Mackenziaena severa,avibase-BE8716E0,tufant1,exact
Macroagelaius imthurni,Macroagelaius imthurni,avibase-4778FAB7,gotgra1,exact
Macroagelaius subalaris,Macroagelaius subalaris,avibase-7290E17C,mougra1,exact
Macronus ptilosus,Macronus ptilosus,avibase-462272BA,fbtbab1,exact
Macronus striaticeps,Macronus striaticeps,avibase-0CE8B173,brtbab1,exact
Macronyx capensis,Macronyx capensis,avibase-CA742F9D,ortlon1,exact
Macronyx croceus,Macronyx croceus,avibase-0D9BFED1,yetlon1,exact
Macronyx fuelleborni,Macronyx fuelleborni,avibase-14CFB78A,fuelon2,exact
Macropygia amboinensis,Macropygia amboinensis,avibase-A0F0F910,sbcdov1,exact
Macropygia doreya,Macropygia doreya,avibase-A8BFA3EA,sulcud1,exact
Macropygia mackinlayi,Macropygia mackinlayi,avibase-A497EDE2,macdov1,exact
Macropygia phasianella,Macropygia phasianella,avibase-1CFF2F57,brcdov1,exact
Macropygia ruficeps,Macropygia ruficeps,avibase-890C54C3,licdov1,exact
Macropygia tenuirostris,Macropygia tenuirostris,avibase-C1066969,phcdov1,exact
Macropygia unchall,Macropygia unchall,avibase-C0181886,bacdov1,exact
Macrosphenus concolor,Macrosphenus concolor,avibase-E5CA98CA,grylon1,exact
Macrosphenus flavicans,Macrosphenus flavicans,avibase-931B81D9,yellon1,exact
Macrosphenus kempi,Macrosphenus kempi,avibase-CE04A51B,kemlon1,exact
Magumma parva,Magumma parva,avibase-55DDF05C,aniani,exact
Malacocincla abbotti,Malacocincla abbotti,avibase-B0AD6BC8,abbbab1,exact
Malacocincla sepiaria,Malacocincla sepiaria,avibase-0C21DA3C,horbab2,exact
Malaconotus blanchoti,Malaconotus blanchoti,avibase-641068BB,gyhbus1,exact
Malacopteron affine,Malacopteron affine,avibase-B7AA8B6E,socbab1,exact
Malacopteron cinereum,Malacopteron cinereum,avibase-9AB7E1FF,sccbab1,exact
Malacopteron magnirostre,Malacopteron magnirostre,avibase-7DB7D6CE,moubab1,exact
Malacopteron magnum,Malacopteron magnum,avibase-A23AFA06,rucbab2,exact
Malacoptila fulvogularis,Malacoptila fulvogularis,avibase-0C9C7247,blspuf1,exact
Malacoptila fusca,Malacoptila fusca,avibase-6D14FBBA,whcpuf1,exact
Malacoptila mystacalis,Malacoptila mystacalis,avibase-C1804C72,moupuf1,exact
Malacoptila panamensis,Malacoptila panamensis,avibase-46451CCE,whwpuf1,exact
Malacoptila rufa,Malacoptila rufa,avibase-ECC19533,runpuf1,exact
Malacoptila semicincta,Malacoptila semicincta,avibase-F767642A,sempuf1,exact
Malacoptila striata,Malacoptila striata,avibase-14169477,crcpuf1,exact
Malacorhynchus membranaceus,Malacorhynchus membranaceus,avibase-FE03DD1E,pieduc1,exact
Malcorus pectoralis,Malcorus pectoralis,avibase-A1CA4EB2,ruewar2,exact
Malia grata,Malia grata,avibase-974B0A63,malia1,exact
Malimbus nitens,Malimbus nitens,avibase-E27AFD14,gramal1,exact
Malindangia mcgregori,Malindangia mcgregori,avibase-6D80F120,mcgcus1,exact
Malurus alboscapulatus,Malurus alboscapulatus,avibase-17EAFC11,whsfai1,exact
Malurus amabilis,Malurus amabilis,avibase-02B9E930,lovfai1,exact
Malurus assimilis,Malurus assimilis,avibase-549957F4,varfai1,exact
Malurus cyaneus,Malurus cyaneus,avibase-DAC72D07,supfai1,exact
Malurus cyanocephalus,Malurus cyanocephalus,avibase-547E21A1,empfai1,exact
Malurus elegans,Malurus elegans,avibase-378EF7E4,rewfai1,exact
Malurus lamberti,Malurus lamberti,avibase-468816FA,varfai5,exact
Malurus leucopterus,Malurus leucopterus,avibase-09FF44CF,whwfai1,exact
Malurus melanocephalus,Malurus melanocephalus,avibase-0E9290F8,rebfai1,exact
Malurus splendens,Malurus splendens,avibase-A334276B,splfai1,exact
Manacus aurantiacus,Manacus aurantiacus,avibase-3C01B44C,orcman1,exact
Manacus candei,Manacus candei,avibase-9DF85999,whcman1,exact
Manacus manacus,Manacus manacus,avibase-091F833E,whbman1,exact
Manacus vitellinus,Manacus vitellinus,avibase-84F26B47,gocman1,exact
Manorina flavigula,Manorina flavigula,avibase-A2D30980,yetmin1,exact
Manorina melanocephala,Manorina melanocephala,avibase-585D688F,noimin1,exact
Manorina melanophrys,Manorina melanophrys,avibase-7E6D62E4,belmin1,exact
Mareca americana,Mareca americana,avibase-D201EB72,amewig,exact
Mareca falcata,Mareca falcata,avibase-978D4485,falduc,exact
Mareca penelope,Mareca penelope,avibase-15EE0D36,eurwig,exact
Mareca sibilatrix,Mareca sibilatrix,avibase-0B8AF41F,chiwig1,exact
Mareca strepera,Mareca strepera,avibase-C235A4D7,gadwal,exact
Margarops fuscatus,Margarops fuscatus,avibase-C2A16FAE,peethr1,exact
Margarornis rubiginosus,Margarornis rubiginosus,avibase-8FF7B7BB,rudtre1,exact
Margarornis squamiger,Margarornis squamiger,avibase-CDBA9E0C,peatre1,exact
Masius chrysopterus,Masius chrysopterus,avibase-2F4691A7,gowman1,exact
Mazaria propinqua,Mazaria propinqua,avibase-DB42555B,whbspi1,exact
Mecocerculus hellmayri,Mecocerculus hellmayri,avibase-C5B7FACC,bubtyr1,exact
Mecocerculus leucophrys,Mecocerculus leucophrys,avibase-AA12C545,whttyr2,exact
Mecocerculus minor,Mecocerculus minor,avibase-95D9C295,subtyr1,exact
Mecocerculus poecilocercus,Mecocerculus poecilocercus,avibase-A8BB18CD,whttyr1,exact
Mecocerculus stictopterus,Mecocerculus stictopterus,avibase-15F3B9EC,whbtyr1,exact
Megaceryle alcyon,Megaceryle alcyon,avibase-3558066B,belkin1,exact
Megaceryle lugubris,Megaceryle lugubris,avibase-BE8DC16C,crekin1,exact
Megaceryle maxima,Megaceryle maxima,avibase-F51C1C4A,giakin3,exact
Megaceryle torquata,Megaceryle torquata,avibase-5EFB075F,rinkin1,exact
Megalurus palustris,Megalurus palustris,avibase-CE6A2FED,strgra1,exact
Megapodius cumingii,Megapodius cumingii,avibase-A3FF8DCA,tabscr1,exact
Megapodius eremita,Megapodius eremita,avibase-5795BC17,melscr1,exact
Megapodius freycinet,Megapodius freycinet,avibase-D3A0B18E,dusscr1,exact
Megapodius reinwardt,Megapodius reinwardt,avibase-73651931,orfscr1,exact
Megarynchus pitangua,Megarynchus pitangua,avibase-8118C647,bobfly1,exact
Megascops albogularis,Megascops albogularis,avibase-F72A3AA5,whtsco1,exact
Megascops asio,Megascops asio,avibase-A69062C8,easowl1,exact
Megascops atricapilla,Megascops atricapilla,avibase-C904ED78,bkcsco1,exact
Megascops centralis,Megascops centralis,avibase-6880BD07,versco2,exact
Megascops choliba,Megascops choliba,avibase-E2B40A6E,trsowl,exact
Megascops clarkii,Megascops clarkii,avibase-C24A665C,bssowl,exact
Megascops cooperi,Megascops cooperi,avibase-3D44C5CD,pasowl4,exact
Megascops gilesi,Megascops gilesi,avibase-74F795BB,samsco1,exact
Megascops guatemalae,Megascops guatemalae,avibase-024EB09F,vesowl,exact
Megascops hoyi,Megascops hoyi,avibase-A910C62B,mofsco1,exact
Megascops ingens,Megascops ingens,avibase-CA408A36,rufsco1,exact
Megascops kennicottii,Megascops kennicottii,avibase-89F8B6F5,wesowl1,exact
Megascops koepckeae,Megascops koepckeae,avibase-BAC655C3,koesco1,exact
Megascops petersoni,Megascops petersoni,avibase-C2937B68,cinsco1,exact
Megascops roboratus,Megascops roboratus,avibase-D103C517,persco1,exact
Megascops roraimae,Megascops roraimae,avibase-D7F23E22,foosco1,exact
Megascops sanctaecatarinae,Megascops sanctaecatarinae,avibase-2894618C,lotsco1,exact
Megascops seductus,Megascops seductus,avibase-1C5C4EBB,basowl,exact
Megascops trichopsis,Megascops trichopsis,avibase-2E2B24EB,whsowl1,exact
Megascops watsonii,Megascops watsonii,avibase-D33F0493,tabsco1,exact
Megastictus margaritatus,Megastictus margaritatus,avibase-4FB0F5F3,peaant1,exact
Megaxenops parnaguae,Megaxenops parnaguae,avibase-D5387AC3,grexen1,exact
Meiglyptes tristis,Meiglyptes tristis,avibase-C24A0885,burwoo3,exact
Meiglyptes tukki,Meiglyptes tukki,avibase-A858DD82,bunwoo1,exact
Melaenornis edolioides,Melaenornis edolioides,avibase-F188F8C8,nobfly1,exact
Melaenornis fischeri,Melaenornis fischeri,avibase-3809131C,wheslf1,exact
Melaenornis pammelaina,Melaenornis pammelaina,avibase-8A9A7AAA,sobfly1,exact
Melaenornis silens,Sigelus silens,avibase-FD391374,fisfly1,clements_english
Melampitta lugubris,Melampitta lugubris,avibase-3F1AEE95,lesmel1,exact
Melanerpes aurifrons,Melanerpes aurifrons,avibase-88C719E5,gofwoo,exact
Melanerpes cactorum,Melanerpes cactorum,avibase-5EEB01F7,whfwoo1,exact
Melanerpes candidus,Melanerpes candidus,avibase-5CA0BA87,whiwoo1,exact
Melanerpes carolinus,Melanerpes carolinus,avibase-078557F2,rebwoo,exact
Melanerpes chrysauchen,Melanerpes chrysauchen,avibase-CF141866,gonwoo1,exact
Melanerpes chrysogenys,Melanerpes chrysogenys,avibase-100C01C4,gocwoo1,exact
Melanerpes cruentatus,Melanerpes cruentatus,avibase-BFF72DFE,yetwoo2,exact
Melanerpes erythrocephalus,Melanerpes erythrocephalus,avibase-448D91B7,rehwoo,exact
Melanerpes flavifrons,Melanerpes flavifrons,avibase-F90C0962,yefwoo1,exact
Melanerpes formicivorus,Melanerpes formicivorus,avibase-7E327303,acowoo,exact
Melanerpes hoffmannii,Melanerpes hoffmannii,avibase-5EE1961C,hofwoo1,exact
Melanerpes hypopolius,Melanerpes hypopolius,avibase-9CE9EDF7,grbwoo1,exact
Melanerpes lewis,Melanerpes lewis,avibase-E7C9A1F5,lewwoo,exact
Melanerpes portoricensis,Melanerpes portoricensis,avibase-B63209E6,purwoo1,exact
Melanerpes pucherani,Melanerpes pucherani,avibase-8078C2CF,blcwoo1,exact
Melanerpes pygmaeus,Melanerpes pygmaeus,avibase-3F247BBA,yucwoo,exact
Melanerpes radiolatus,Melanerpes radiolatus,avibase-55134E01,jamwoo1,exact
Melanerpes rubricapillus,Melanerpes rubricapillus,avibase-6F6D0E72,recwoo1,exact
Melanerpes striatus,Melanerpes striatus,avibase-3E7320BD,hiswoo1,exact
Melanerpes superciliaris,Melanerpes superciliaris,avibase-0B09B2B5,weiwoo1,exact
Melanerpes uropygialis,Melanerpes uropygialis,avibase-377525FA,gilwoo,exact
Melaniparus afer,Melaniparus afer,avibase-3814F5D0,grytit1,exact
Melaniparus albiventris,Melaniparus albiventris,avibase-C8880D28,whbtit5,exact
Melaniparus cinerascens,Melaniparus cinerascens,avibase-42478D2D,ashtit2,exact
Melaniparus funereus,Melaniparus funereus,avibase-5C54F8C9,dustit2,exact
Melaniparus leucomelas,Melaniparus leucomelas,avibase-BD4E697F,whwblt3,exact
Melaniparus niger,Melaniparus niger,avibase-6EF0803B,soublt1,exact
Melaniparus rufiventris,Melaniparus rufiventris,avibase-5BA4088C,rubtit3,exact
Melaniparus thruppi,Melaniparus thruppi,avibase-610FFD8E,somtit4,exact
Melanitta americana,Melanitta americana,avibase-B7B1A5DD,blksco2,exact
Melanitta fusca,Melanitta fusca,avibase-BAF44E36,whwsco3,exact
Melanitta nigra,Melanitta nigra,avibase-24698199,blksco1,exact
Melanitta perspicillata,Melanitta perspicillata,avibase-624078BA,sursco,exact
Melanochlora sultanea,Melanochlora sultanea,avibase-2D6E3DBD,sultit1,exact
Melanocorypha calandra,Melanocorypha calandra,avibase-BDC24A8A,callar1,exact
Melanocorypha maxima,Melanocorypha maxima,avibase-9AC67428,tiblar1,exact
Melanodera melanodera,Melanodera melanodera,avibase-8116C254,cawfin1,exact
Melanodera xanthogramma,Melanodera xanthogramma,avibase-A8A3D702,yebfin1,exact
Melanodryas cucullata,Melanodryas cucullata,avibase-547BFE9C,hoorob1,exact
Melanodryas vittata,Melanodryas vittata,avibase-F3FC656C,dusrob1,exact
Melanopareia elegans,Melanopareia elegans,avibase-42E4A8D9,elecre1,exact
Melanopareia maranonica,Melanopareia maranonica,avibase-47E71FE1,marcre1,exact
Melanopareia maximiliani,Melanopareia maximiliani,avibase-B75A42C7,olccre1,exact
Melanopareia torquata,Melanopareia torquata,avibase-CA4D206B,colcre1,exact
Melanoptila glabrirostris,Melanoptila glabrirostris,avibase-240F0470,blacat1,exact
Melanorectes nigrescens,Melanorectes nigrescens,avibase-50C1E978,blapit1,exact
Melanospiza bicolor,Melanospiza bicolor,avibase-821B971F,bkfgra,exact
Melanotis caerulescens,Melanotis caerulescens,avibase-C4D41592,blumoc,exact
Melanotis hypoleucus,Melanotis hypoleucus,avibase-67BFEEF0,bawmoc1,exact
Meleagris gallopavo,Meleagris gallopavo,avibase-9C5ED06A,wiltur,exact
Meleagris ocellata,Meleagris ocellata,avibase-729BEC33,ocetur1,exact
Meliarchus sclateri,Meliarchus sclateri,avibase-4E9FEF0B,sacmel1,exact
Melidectes belfordi,Melidectes belfordi,avibase-4EB37F7A,belmel1,exact
Melidectes rufocrissalis,Melidectes rufocrissalis,avibase-B0C5E33C,yebmel1,exact
Melidora macrorrhina,Melidora macrorrhina,avibase-EC72DAC4,hobkin1,exact
Meliphaga lewinii,Meliphaga lewinii,avibase-1EDA991A,lewhon1,exact
Meliphaga notata,Meliphaga notata,avibase-80CAC2CD,yeshon1,exact
Melithreptus affinis,Melithreptus affinis,avibase-C976BB55,blhhon1,exact
Melithreptus albogularis,Melithreptus albogularis,avibase-650D1F07,whthon1,exact
Melithreptus brevirostris,Melithreptus brevirostris,avibase-08DADC05,brhhon1,exact
Melithreptus chloropsis,Melithreptus chloropsis,avibase-8D2780B9,whnhon3,exact
Melithreptus gularis,Melithreptus gularis,avibase-A64689F9,blchon2,exact
Melithreptus lunatus,Melithreptus lunatus,avibase-E4C4AC31,whnhon2,exact
Melithreptus validirostris,Melithreptus validirostris,avibase-4464B512,stbhon2,exact
Mellisuga helenae,Mellisuga helenae,avibase-2AA5F01C,beehum1,exact
Mellisuga minima,Mellisuga minima,avibase-84644567,verhum1,exact
Melocichla mentalis,Melocichla mentalis,avibase-1478AA79,mogwar1,exact
Melopsittacus undulatus,Melopsittacus undulatus,avibase-D17D101A,budger,exact
Melopyrrha portoricensis,Melopyrrha portoricensis,avibase-A234D566,purbul1,exact
Melopyrrha violacea,Melopyrrha violacea,avibase-CAE909E3,grabul1,exact
Melospiza georgiana,Melospiza georgiana,avibase-4E192262,swaspa,exact
Melospiza lincolnii,Melospiza lincolnii,avibase-AF49F890,linspa,exact
Melospiza melodia,Melospiza melodia,avibase-A5F09E05,sonspa,exact
Melozone aberti,Melozone aberti,avibase-2C9B6D93,abetow,exact
Melozone albicollis,Melozone albicollis,avibase-55F64B73,whttow1,exact
Melozone biarcuata,Melozone biarcuata,avibase-36359AD1,pregrs1,exact
Melozone cabanisi,Melozone cabanisi,avibase-2B98D285,pregrs2,exact
Melozone crissalis,Melozone crissalis,avibase-B745D852,caltow,exact
Melozone fusca,Melozone fusca,avibase-FE69A9C4,cantow,exact
Melozone kieneri,Melozone kieneri,avibase-876C97F1,rcgspa1,exact
Melozone leucotis,Melozone leucotis,avibase-10596E74,whegrs2,exact
Menura alberti,Menura alberti,avibase-05554FAE,alblyr1,exact
Menura novaehollandiae,Menura novaehollandiae,avibase-952F5682,suplyr1,exact
Mergellus albellus,Mergellus albellus,avibase-F1F52036,smew,exact
Mergus merganser,Mergus merganser,avibase-407E2CA8,commer,exact
Mergus serrator,Mergus serrator,avibase-8DB64266,rebmer,exact
Merops albicollis,Merops albicollis,avibase-03C4A0C9,wtbeat1,exact
Merops apiaster,Merops apiaster,avibase-66AA3934,eubeat1,exact
Merops bullockoides,Merops bullockoides,avibase-38507A80,wfbeat1,exact
Merops bulocki,Merops bulocki,avibase-E6DC5DA1,rtbeat1,exact
Merops hirundineus,Merops hirundineus,avibase-910E6D86,stbeat1,exact
Merops leschenaulti,Merops leschenaulti,avibase-F8652F4F,chbeat1,exact
Merops oreobates,Merops oreobates,avibase-B85B93BB,ccbeat1,exact
Merops orientalis,Merops orientalis,avibase-759AD1FB,grnbee3,exact
Merops ornatus,Merops ornatus,avibase-3EDF8B55,rabeat1,exact
Merops persicus,Merops persicus,avibase-6EE45113,bcbeat1,exact
Merops philippinus,Merops philippinus,avibase-809951F0,btbeat1,exact
Merops pusillus,Merops pusillus,avibase-C0A68CA0,libeat1,exact
Merops superciliosus,Merops superciliosus,avibase-AC89B8FF,mabeat1,exact
Merops variegatus,Merops variegatus,avibase-A90C512F,bbbeat2,exact
Merops viridis,Merops viridis,avibase-457420DA,btbeat2,exact
Merulaxis ater,Merulaxis ater,avibase-0F9BA2F8,slabri1,exact
Mesembrinibis cayennensis,Mesembrinibis cayennensis,avibase-08DD4E80,greibi1,exact
Mesitornis unicolor,Mesitornis unicolor,avibase-9963109A,bromes1,exact
Mesitornis variegatus,Mesitornis variegatus,avibase-ABDA1FE5,whbmes2,exact
Metallura tyrianthina,Metallura tyrianthina,avibase-7AEDC014,tyrmet1,exact
Metallura williami,Metallura williami,avibase-8023D26D,virmet1,exact
Metopidius indicus,Metopidius indicus,avibase-CE89BE6D,brwjac1,exact
Metopothrix aurantiaca,Metopothrix aurantiaca,avibase-6E14FE47,orfplu2,exact
Metriopelia melanoptera,Metriopelia melanoptera,avibase-C28815B3,bwgdov1,exact
Micrastur buckleyi,Micrastur buckleyi,avibase-C55F4BB0,buffal1,exact
Micrastur gilvicollis,Micrastur gilvicollis,avibase-780CB54B,liffal1,exact
Micrastur mintoni,Micrastur mintoni,avibase-6A9FF1B8,cryfof1,exact
Micrastur mirandollei,Micrastur mirandollei,avibase-553F3A66,sbffal1,exact
Micrastur ruficollis,Micrastur ruficollis,avibase-846E1C25,baffal1,exact
Micrastur semitorquatus,Micrastur semitorquatus,avibase-8217BC4F,coffal1,exact
Micrathene whitneyi,Micrathene whitneyi,avibase-D74BA965,elfowl,exact
Microbates cinereiventris,Microbates cinereiventris,avibase-0AA19250,tafgna1,exact
Microbates collaris,Microbates collaris,avibase-2C4579F1,colgna1,exact
Microcarbo niger,Microcarbo niger,avibase-60EA3FA9,litcor1,exact
Microcerculus bambla,Microcerculus bambla,avibase-E4221D69,wibwre1,exact
Microcerculus marginatus,Microcerculus marginatus,avibase-A7667D10,scbwre1,exact
Microcerculus philomela,Microcerculus philomela,avibase-85F08EC1,nigwre1,exact
Microcerculus ustulatus,Microcerculus ustulatus,avibase-31AE7224,fluwre1,exact
Microeca fascinans,Microeca fascinans,avibase-C5A5486E,jacwin1,exact
Microeca flavigaster,Microeca flavigaster,avibase-42231432,lebfly3,exact
Microhierax fringillarius,Microhierax fringillarius,avibase-1C041C1A,bltfal1,exact
Micromonacha lanceolata,Micromonacha lanceolata,avibase-BF431930,lanmon1,exact
Micronisus gabar,Micronisus gabar,avibase-922DE9C1,gabgos2,exact
Micropsitta finschii,Micropsitta finschii,avibase-F26F4039,fippar1,exact
Micropternus brachyurus,Micropternus brachyurus,avibase-663A7CCA,rufwoo2,exact
Micropygia schomburgkii,Rufirallus schomburgkii,avibase-0B09BDCD,ocecra1,clements_english
Microrhopias quixensis,Microrhopias quixensis,avibase-49D57DF3,dowant1,exact
Microspingus cabanisi,Microspingus cabanisi,avibase-601710FE,gytwaf1,exact
Microspingus erythrophrys,Microspingus erythrophrys,avibase-B9D99EE0,rbwfin2,exact
Microspingus lateralis,Microspingus lateralis,avibase-563FA241,rrwfin1,exact
Microspingus melanoleucus,Microspingus melanoleucus,avibase-BDF69BEE,bcwfin2,exact
Microspingus torquatus,Microspingus torquatus,avibase-0F74F559,riwfin1,exact
Microxenops milleri,Microxenops milleri,avibase-4405C73D,rutxen1,exact
Milvago chimachima,Daptrius chimachima,avibase-BA33DDD5,yehcar1,clements_english
Milvago chimango,Daptrius chimango,avibase-919D7CD8,chicar1,clements_english
Milvus migrans,Milvus migrans,avibase-06D9A2C8,blakit1,exact
Milvus milvus,Milvus milvus,avibase-451D6FC8,redkit1,exact
Mimus dorsalis,Mimus dorsalis,avibase-38961C3A,brbmoc1,exact
Mimus gilvus,Mimus gilvus,avibase-1281617B,tromoc,exact
Mimus gundlachii,Mimus gundlachii,avibase-38C451EA,bahmoc,exact
Mimus longicaudatus,Mimus longicaudatus,avibase-BF9BFD26,lotmoc1,exact
Mimus patagonicus,Mimus patagonicus,avibase-ADEDDFD6,patmoc1,exact
Mimus polyglottos,Mimus polyglottos,avibase-7EFF698D,normoc,exact
Mimus saturninus,Mimus saturninus,avibase-F0CD0BD7,chbmoc1,exact
Mimus thenca,Mimus thenca,avibase-7EEE7E61,chimoc1,exact
Mimus triurus,Mimus triurus,avibase-CE56D85A,whbmoc1,exact
Minla ignotincta,Minla ignotincta,avibase-63449558,retmin1,exact
Mino dumontii,Mino dumontii,avibase-645D0A23,yefmyn1,exact
Mino kreffti,Mino kreffti,avibase-2F1EB496,lotmyn1,exact
Mionectes macconnelli,Mionectes macconnelli,avibase-7379144B,mccfly1,exact
Mionectes oleagineus,Mionectes oleagineus,avibase-0EFCDBB8,ocbfly1,exact
Mionectes olivaceus,Mionectes olivaceus,avibase-F083DCE5,y01249,exact
Mionectes rufiventris,Mionectes rufiventris,avibase-900B219B,gyhfly1,exact
Mionectes striaticollis,Mionectes striaticollis,avibase-9A4AE6AE,stnfly1,exact
Mirafra affinis,Plocealauda affinis,avibase-9C691722,jerbus2,clements_english
Mirafra africana,Corypha africana,avibase-EB9CE6A2,runlar1,clements_english
Mirafra apiata,Corypha apiata,avibase-6E24D502,caclar1,clements_english
Mirafra assamica,Plocealauda assamica,avibase-86345D55,benbus1,clements_english
Mirafra cantillans,Mirafra javanica,avibase-5BFC242D,sinbus6,clements_english
Mirafra cheniana,Mirafra cheniana,avibase-AB507233,latlar1,exact
Mirafra erythrocephala,Plocealauda erythrocephala,avibase-6249B61F,indbus3,clements_english
Mirafra erythroptera,Plocealauda erythroptera,avibase-A9DA95E4,indbus2,clements_english
Mirafra fasciolata,Corypha fasciolata,avibase-8A1D5A9C,eaclar1,clements_english
Mirafra javanica,Mirafra javanica,avibase-5BFC242D,sinbus6,exact
Mirafra passerina,Mirafra passerina,avibase-86E9D9F4,monlar2,exact
Mirafra rufocinnamomea,Amirafra rufocinnamomea,avibase-C49FA9A8,flalar1,clements_english
Mitrephanes phaeocercus,Mitrephanes phaeocercus,avibase-806301B3,tuffly,exact
Mitrospingus cassinii,Mitrospingus cassinii,avibase-D59309B6,duftan1,exact
Mitrospingus oleagineus,Mitrospingus oleagineus,avibase-C9AA6FC9,olbtan1,exact
Mitu salvini,Mitu salvini,avibase-D24A7EA3,salcur1,exact
Mitu tomentosum,Mitu tomentosum,avibase-5C20314D,crecur2,exact
Mitu tuberosum,Mitu tuberosum,avibase-303C9D79,rabcur2,exact
Mixornis bornensis,Mixornis bornensis,avibase-A9C71560,bostib1,exact
Mixornis flavicollis,Mixornis flavicollis,avibase-13F6B3C1,gyctib1,exact
Mixornis gularis,Mixornis gularis,avibase-4E2700ED,sttbab1,exact
Mixornis kelleyi,Mixornis kelleyi,avibase-2804840D,gyftib1,exact
Mniotilta varia,Mniotilta varia,avibase-4D207AF6,bawwar,exact
Modulatrix stictigula,Modulatrix stictigula,avibase-3ADCF52E,spothr1,exact
Mohoua albicilla,Mohoua albicilla,avibase-A117BD8B,whiteh1,exact
Mohoua novaeseelandiae,Mohoua novaeseelandiae,avibase-85C9C593,pipipi1,exact
Mohoua ochrocephala,Mohoua ochrocephala,avibase-F84E1C1E,yellow3,exact
Molothrus aeneus,Molothrus aeneus,avibase-EAEEA093,brocow1,exact
Molothrus ater,Molothrus ater,avibase-1E1AB415,bnhcow,exact
Molothrus bonariensis,Molothrus bonariensis,avibase-AA779804,shicow,exact
Molothrus oryzivorus,Molothrus oryzivorus,avibase-91375A56,giacow,exact
Molothrus rufoaxillaris,Molothrus rufoaxillaris,avibase-524DF588,scrcow1,exact
Momotus aequatorialis,Momotus aequatorialis,avibase-6CAC15FB,higmot1,exact
Momotus coeruliceps,Momotus coeruliceps,avibase-BB7A884C,bucmot1,exact
Momotus lessonii,Momotus lessonii,avibase-AAADA063,bucmot2,exact
Momotus mexicanus,Momotus mexicanus,avibase-16892443,rucmot1,exact
Momotus momota,Momotus momota,avibase-7CE7EB2F,bucmot4,exact
Momotus subrufescens,Momotus subrufescens,avibase-0DB8CE98,bucmot3,exact
Monarcha castaneiventris,Monarcha castaneiventris,avibase-13466813,chbmon1,exact
Monarcha frater,Monarcha frater,avibase-A9D5F566,blwmon1,exact
Monarcha melanopsis,Monarcha melanopsis,avibase-6ADE606E,blfmon1,exact
Monarcha richardsii,Monarcha richardsii,avibase-421C9B38,whcmon1,exact
Monasa atra,Monasa atra,avibase-AD7DEF16,blanun1,exact
Monasa flavirostris,Monasa flavirostris,avibase-0C64158A,yebnun1,exact
Monasa morphoeus,Monasa morphoeus,avibase-567942CC,whfnun1,exact
Monasa nigrifrons,Monasa nigrifrons,avibase-BB158D41,blfnun1,exact
Montecincla fairbanki,Montecincla fairbanki,avibase-7BF8790B,kerlau2,exact
Monticola cinclorhyncha,Monticola cinclorhyncha,avibase-A84C5E18,bcrthr1,exact
Monticola gularis,Monticola gularis,avibase-AC6BC1EC,wtrthr1,exact
Monticola rufiventris,Monticola rufiventris,avibase-7305993C,cbrthr1,exact
Monticola rupestris,Monticola rupestris,avibase-22E11A7D,carthr1,exact
Monticola saxatilis,Monticola saxatilis,avibase-736D38E7,rtrthr1,exact
Monticola sharpei,Monticola sharpei,avibase-17CE23D4,forrot2,exact
Monticola solitarius,Monticola solitarius,avibase-41D76F4B,burthr,exact
Montifringilla blanfordi,Pyrgilauda blanfordi,avibase-5DE8CA02,blasno1,clements_english
Montifringilla nivalis,Montifringilla nivalis,avibase-3E389D03,whwsno1,exact
Montifringilla taczanowskii,Onychostruthus taczanowskii,avibase-B0303029,whrsno1,clements_english
Morococcyx erythropygus,Morococcyx erythropygus,avibase-BE08306A,legcuc1,exact
Morphnarchus princeps,Morphnarchus princeps,avibase-C39D115A,barhaw1,exact
Morphnus guianensis,Morphnus guianensis,avibase-E19434C9,creeag1,exact
Morus bassanus,Morus bassanus,avibase-534FB490,norgan,exact
Motacilla aguimp,Motacilla aguimp,avibase-CE7D41A6,afpwag1,exact
Motacilla alba,Motacilla alba,avibase-400E032C,whiwag,exact
Motacilla capensis,Motacilla capensis,avibase-4F2CC293,capwag1,exact
Motacilla cinerea,Motacilla cinerea,avibase-AE073221,grywag,exact
Motacilla citreola,Motacilla citreola,avibase-5B0295C1,citwag,exact
Motacilla clara,Motacilla clara,avibase-747B3A52,mouwag1,exact
Motacilla flava,Motacilla flava,avibase-5983D677,eaywag1,exact
Motacilla flaviventris,Motacilla flaviventris,avibase-B034A3E6,madwag1,exact
Motacilla grandis,Motacilla grandis,avibase-B9F2A8B6,japwag1,exact
Motacilla maderaspatensis,Motacilla maderaspatensis,avibase-F75CF94C,whbwag1,exact
Motacilla tschutschensis,Motacilla tschutschensis,avibase-5487B650,eaywag,exact
Mulleripicus fulvus,Mulleripicus fulvus,avibase-8D1CF2FF,ashwoo1,exact
Mulleripicus pulverulentus,Mulleripicus pulverulentus,avibase-F6ED89EE,grswoo1,exact
Muscicapa adusta,Muscicapa adusta,avibase-6E95C4A9,afdfly1,exact
Muscicapa aquatica,Muscicapa aquatica,avibase-77F0C62C,swafly3,exact
Muscicapa dauurica,Muscicapa dauurica,avibase-585D0B1A,asbfly,exact
Muscicapa ferruginea,Muscicapa ferruginea,avibase-2DA49BD5,ferfly1,exact
Muscicapa griseisticta,Muscicapa griseisticta,avibase-B4FF5927,gysfly1,exact
Muscicapa muttui,Muscicapa muttui,avibase-472841E9,brbfly2,exact
Muscicapa sibirica,Muscicapa sibirica,avibase-BCB683C2,dasfly,exact
Muscicapa striata,Muscicapa striata,avibase-EE8206E7,spofly1,exact
Muscicapa williamsoni,Muscicapa williamsoni,avibase-119680B1,bnsfly1,exact
Muscigralla brevicauda,Muscigralla brevicauda,avibase-C1450281,stftyr1,exact
Muscipipra vetula,Muscipipra vetula,avibase-F2935FD2,shtgrt1,exact
Muscisaxicola albilora,Muscisaxicola albilora,avibase-16B45960,wbgtyr1,exact
Muscisaxicola maculirostris,Muscisaxicola maculirostris,avibase-DC8BFB79,sbgtyr1,exact
Musophaga rossae,Tauraco rossae,avibase-2C7BA3A6,rostur1,clements_english
Mustelirallus albicollis,Mustelirallus albicollis,avibase-65A6922D,astcra1,exact
Mustelirallus erythrops,Mustelirallus erythrops,avibase-993DE54F,pabcra,exact
Myadestes coloratus,Myadestes coloratus,avibase-6EFA5695,varsol1,exact
Myadestes elisabeth,Myadestes elisabeth,avibase-6FD86A69,cubsol1,exact
Myadestes genibarbis,Myadestes genibarbis,avibase-FE142904,rutsol1,exact
Myadestes melanops,Myadestes melanops,avibase-F76226A8,blfsol1,exact
Myadestes obscurus,Myadestes obscurus,avibase-A1C41A3F,omao,exact
Myadestes occidentalis,Myadestes occidentalis,avibase-E4DF8DBE,brbsol1,exact
Myadestes palmeri,Myadestes palmeri,avibase-62B955D3,puaioh,exact
Myadestes ralloides,Myadestes ralloides,avibase-8FE62CA5,andsol1,exact
Myadestes townsendi,Myadestes townsendi,avibase-5459228D,towsol,exact
Myadestes unicolor,Myadestes unicolor,avibase-E294A36A,slcsol1,exact
Mycerobas affinis,Mycerobas affinis,avibase-F7B5C386,colgro1,exact
Mycerobas carnipes,Mycerobas carnipes,avibase-E3BD8022,whwgro1,exact
Mycerobas icterioides,Mycerobas icterioides,avibase-91A4FA36,baygro1,exact
Mycteria americana,Mycteria americana,avibase-19196211,woosto,exact
Mycteria leucocephala,Mycteria leucocephala,avibase-547013E2,paisto1,exact
Myiagra alecto,Myiagra alecto,avibase-CE626FAD,shifly1,exact
Myiagra caledonica,Myiagra caledonica,avibase-9C27FAE0,melfly1,exact
Myiagra cyanoleuca,Myiagra cyanoleuca,avibase-32EAD9E6,satfly1,exact
Myiagra ferrocyanea,Myiagra ferrocyanea,avibase-84E82B76,stbfly1,exact
Myiagra galeata,Myiagra galeata,avibase-052CD650,molfly1,exact
Myiagra inquieta,Myiagra inquieta,avibase-D15675EE,resfly1,exact
Myiagra nana,Myiagra nana,avibase-FC57A59E,papfly1,exact
Myiagra rubecula,Myiagra rubecula,avibase-CCCF40F2,leafly2,exact
Myiagra ruficollis,Myiagra ruficollis,avibase-EAF37025,brbfly1,exact
Myiagra vanikorensis,Myiagra vanikorensis,avibase-46DFA747,vanfly1,exact
Myiarchus antillarum,Myiarchus antillarum,avibase-FCF63BDD,purfly1,exact
Myiarchus apicalis,Myiarchus apicalis,avibase-AA902955,apifly1,exact
Myiarchus barbirostris,Myiarchus barbirostris,avibase-D0DB8932,sadfly1,exact
Myiarchus cephalotes,Myiarchus cephalotes,avibase-C7D1E218,paefly1,exact
Myiarchus cinerascens,Myiarchus cinerascens,avibase-E0A04985,astfly,exact
Myiarchus crinitus,Myiarchus crinitus,avibase-8D6D5F2B,grcfly,exact
Myiarchus ferox,Myiarchus ferox,avibase-825CACEF,shcfly1,exact
Myiarchus nuttingi,Myiarchus nuttingi,avibase-59A53D8B,nutfly,exact
Myiarchus panamensis,Myiarchus panamensis,avibase-2A2A4A6F,panfly1,exact
Myiarchus phaeocephalus,Myiarchus phaeocephalus,avibase-A5894F7C,socfly2,exact
Myiarchus sagrae,Myiarchus sagrae,avibase-A7BEC2BF,lasfly,exact
Myiarchus stolidus,Myiarchus stolidus,avibase-638BF4C5,stofly1,exact
Myiarchus swainsoni,Myiarchus swainsoni,avibase-EF21F7B5,swafly1,exact
Myiarchus tuberculifer,Myiarchus tuberculifer,avibase-3D57A982,ducfly,exact
Myiarchus tyrannulus,Myiarchus tyrannulus,avibase-FC9E06A0,bncfly,exact
Myiarchus venezuelensis,Myiarchus venezuelensis,avibase-A1288AF2,venfly1,exact
Myiarchus yucatanensis,Myiarchus yucatanensis,avibase-E920B48D,yucfly1,exact
Myiobius atricaudus,Myiobius atricaudus,avibase-608B8260,bltfly1,exact
Myiobius barbatus,Myiobius barbatus,avibase-EC9D7A78,whifly1,exact
Myiobius sulphureipygius,Myiobius sulphureipygius,avibase-40F33966,surfly1,exact
Myioborus albifrons,Myioborus albifrons,avibase-5B59921E,whfred2,exact
Myioborus brunniceps,Myioborus brunniceps,avibase-9E76EA56,brcred1,exact
Myioborus castaneocapilla,Myioborus castaneocapilla,avibase-B19969D1,tepred1,exact
Myioborus flavivertex,Myioborus flavivertex,avibase-5B7A8931,yecred1,exact
Myioborus melanocephalus,Myioborus melanocephalus,avibase-A02798C6,spered1,exact
Myioborus miniatus,Myioborus miniatus,avibase-CB8A9437,sltred,exact
Myioborus ornatus,Myioborus ornatus,avibase-0A4A6CF7,gofred1,exact
Myioborus pictus,Myioborus pictus,avibase-3255D987,paired,exact
Myioborus torquatus,Myioborus torquatus,avibase-7CE22946,colred1,exact
Myiodynastes bairdii,Myiodynastes bairdii,avibase-977CA271,baifly1,exact
Myiodynastes chrysocephalus,Myiodynastes chrysocephalus,avibase-BB58F50E,gocfly1,exact
Myiodynastes hemichrysus,Myiodynastes hemichrysus,avibase-D460A5CB,gobfly1,exact
Myiodynastes luteiventris,Myiodynastes luteiventris,avibase-9DBB70D5,subfly,exact
Myiodynastes maculatus,Myiodynastes maculatus,avibase-D94C6177,strfly1,exact
Myiomela leucura,Myiomela leucura,avibase-AFE66C21,whtrob2,exact
Myiopagis caniceps,Myiopagis caniceps,avibase-EA9AA95C,gryela3,exact
Myiopagis flavivertex,Myiopagis flavivertex,avibase-890CA872,yecela1,exact
Myiopagis gaimardii,Myiopagis gaimardii,avibase-54EC5236,forela1,exact
Myiopagis olallai,Myiopagis olallai,avibase-DF86AF36,fooela1,exact
Myiopagis subplacens,Myiopagis subplacens,avibase-31842F4A,pacela1,exact
Myiopagis viridicata,Myiopagis viridicata,avibase-F219499B,greela,exact
Myiophobus cryptoxanthus,Myiophobus cryptoxanthus,avibase-512BC132,olcfly1,exact
Myiophobus fasciatus,Myiophobus fasciatus,avibase-0402B179,brcfly1,exact
Myiophobus flavicans,Myiophobus flavicans,avibase-5D79CB29,flafly2,exact
Myiophobus phoenicomitra,Myiophobus phoenicomitra,avibase-F9FB9FEE,orcfly1,exact
Myiopsitta monachus,Myiopsitta monachus,avibase-35810386,monpar,exact
Myiornis albiventris,Myiornis albiventris,avibase-D90821DF,wbptyr1,exact
Myiornis atricapillus,Myiornis atricapillus,avibase-F238A131,bcptyr1,exact
Myiornis auricularis,Myiornis auricularis,avibase-20DB761B,eaptyr1,exact
Myiornis ecaudatus,Myiornis ecaudatus,avibase-B452B696,stptyr1,exact
Myiotheretes fumigatus,Myiotheretes fumigatus,avibase-0E03869D,smbtyr2,exact
Myiotheretes fuscorufus,Myiotheretes fuscorufus,avibase-DF0FEF41,rbbtyr1,exact
Myiotheretes pernix,Myiotheretes pernix,avibase-EA2A3AC2,smbtyr1,exact
Myiotheretes striaticollis,Myiotheretes striaticollis,avibase-8200F58C,stbtyr1,exact
Myiothlypis basilica,Myiothlypis basilica,avibase-FFEF8EFD,samwar1,exact
Myiothlypis bivittata,Myiothlypis bivittata,avibase-57507009,twbwar1,exact
Myiothlypis chrysogaster,Myiothlypis chrysogaster,avibase-661FFC6F,gobwar3,exact
Myiothlypis cinereicollis,Myiothlypis cinereicollis,avibase-69D734FB,gytwar1,exact
Myiothlypis conspicillata,Myiothlypis conspicillata,avibase-BA47292D,whlwar1,exact
Myiothlypis coronata,Myiothlypis coronata,avibase-99F5D09F,rucwar1,exact
Myiothlypis flaveola,Myiothlypis flaveola,avibase-40BD9900,flawar1,exact
Myiothlypis fraseri,Myiothlypis fraseri,avibase-A04DCB6C,gagwar2,exact
Myiothlypis fulvicauda,Myiothlypis fulvicauda,avibase-0232E9DC,burwar1,exact
Myiothlypis leucoblephara,Myiothlypis leucoblephara,avibase-D65E2A9D,whbwar2,exact
Myiothlypis leucophrys,Myiothlypis leucophrys,avibase-27DCCC29,whswar2,exact
Myiothlypis luteoviridis,Myiothlypis luteoviridis,avibase-9F080871,citwar1,exact
Myiothlypis nigrocristata,Myiothlypis nigrocristata,avibase-3D4F2A70,blcwar2,exact
Myiothlypis rivularis,Myiothlypis rivularis,avibase-A80CFACA,rivwar1,exact
Myiothlypis signata,Myiothlypis signata,avibase-BBD736B2,palwar1,exact
Myiotriccus ornatus,Myiotriccus ornatus,avibase-8897A0C5,ornfly1,exact
Myiozetetes cayanensis,Myiozetetes cayanensis,avibase-B384278C,rumfly1,exact
Myiozetetes granadensis,Myiozetetes granadensis,avibase-DCCFF7D4,grcfly1,exact
Myiozetetes luteiventris,Myiozetetes luteiventris,avibase-D486B51A,ducfly2,exact
Myiozetetes similis,Myiozetetes similis,avibase-468B520C,socfly1,exact
Myophonus caeruleus,Myophonus caeruleus,avibase-DE6C227D,blwthr1,exact
Myophonus horsfieldii,Myophonus horsfieldii,avibase-1C4DA989,mawthr1,exact
Myophonus insularis,Myophonus insularis,avibase-5420A5B7,fowthr1,exact
Myophonus melanurus,Myophonus melanurus,avibase-DF2951BF,shwthr1,exact
Myornis senilis,Myornis senilis,avibase-EFE9D5AA,asctap1,exact
Myrmeciza longipes,Myrmeciza longipes,avibase-40373FE1,whbant1,exact
Myrmecocichla aethiops,Myrmecocichla aethiops,avibase-E09F7223,noacha1,exact
Myrmecocichla arnotti,Myrmecocichla arnotti,avibase-535524BE,whbcha2,exact
Myrmecocichla formicivora,Myrmecocichla formicivora,avibase-400A83B9,soacha1,exact
Myrmecocichla monticola,Myrmecocichla monticola,avibase-3B26A7B2,mouwhe1,exact
Myrmecocichla nigra,Myrmecocichla nigra,avibase-B55BADC1,soocha1,exact
Myrmelastes humaythae,Myrmelastes humaythae,avibase-345A6DFB,humant1,exact
Myrmelastes hyperythrus,Myrmelastes hyperythrus,avibase-85D49ECB,pluant1,exact
Myrmelastes leucostigma,Myrmelastes leucostigma,avibase-9736A466,spwant3,exact
Myrmelastes rufifacies,Myrmelastes rufifacies,avibase-29F66F57,rufant4,exact
Myrmelastes schistaceus,Myrmelastes schistaceus,avibase-3587F35B,slcant3,exact
Myrmoborus leucophrys,Myrmoborus leucophrys,avibase-C9620F9F,whbant6,exact
Myrmoborus lophotes,Myrmoborus lophotes,avibase-2EBCC761,whlant1,exact
Myrmoborus lugubris,Myrmoborus lugubris,avibase-8484C800,asbant1,exact
Myrmoborus melanurus,Myrmoborus melanurus,avibase-04CD9946,bltant1,exact
Myrmoborus myotherinus,Myrmoborus myotherinus,avibase-F5CD9018,blfant2,exact
Myrmochanes hemileucus,Myrmochanes hemileucus,avibase-A1CB6912,bawant1,exact
Myrmoderus ferrugineus,Myrmoderus ferrugineus,avibase-228DEA40,febant1,exact
Myrmoderus loricatus,Myrmoderus loricatus,avibase-0161CAAD,whbant4,exact
Myrmoderus ruficauda,Myrmoderus ruficauda,avibase-8926D22A,scaant3,exact
Myrmoderus squamosus,Myrmoderus squamosus,avibase-A17A24AF,squant1,exact
Myrmophylax atrothorax,Myrmophylax atrothorax,avibase-6877831A,bltant2,exact
Myrmorchilus strigilatus,Myrmorchilus strigilatus,avibase-0DEDC45C,stbant2,exact
Myrmornis torquata,Myrmornis torquata,avibase-913CC0AD,wibant1,exact
Myrmothera berlepschi,Myrmothera berlepschi,avibase-B7FFE09E,amaant1,exact
Myrmothera campanisona,Myrmothera campanisona,avibase-A54A1842,thlant2,exact
Myrmothera dives,Myrmothera dives,avibase-FF02D7B1,thiant1,exact
Myrmothera fulviventris,Myrmothera fulviventris,avibase-601048C6,whlant2,exact
Myrmothera simplex,Myrmothera simplex,avibase-FEBA3A57,tepant1,exact
Myrmothera subcanescens,Myrmothera subcanescens,avibase-4C1F9C2A,thlant3,exact
Myrmotherula ambigua,Myrmotherula ambigua,avibase-662DB38F,yetant1,exact
Myrmotherula assimilis,Myrmotherula assimilis,avibase-A5BD6149,leaant1,exact
Myrmotherula axillaris,Myrmotherula axillaris,avibase-76C308FC,whfant2,exact
Myrmotherula brachyura,Myrmotherula brachyura,avibase-64B34CDD,pygant1,exact
Myrmotherula cherriei,Myrmotherula cherriei,avibase-4B4619CD,cheant1,exact
Myrmotherula ignota,Myrmotherula ignota,avibase-20E51271,mouant,exact
Myrmotherula iheringi,Myrmotherula iheringi,avibase-87FE9014,iheant1,exact
Myrmotherula klagesi,Myrmotherula klagesi,avibase-BAD49093,klaant1,exact
Myrmotherula longicauda,Myrmotherula longicauda,avibase-61451A0A,stcant4,exact
Myrmotherula longipennis,Myrmotherula longipennis,avibase-C80BFFF7,lowant1,exact
Myrmotherula menetriesii,Myrmotherula menetriesii,avibase-3DD03F2C,gryant1,exact
Myrmotherula minor,Myrmotherula minor,avibase-5CCA0332,salant1,exact
Myrmotherula multostriata,Myrmotherula multostriata,avibase-EA002FFA,amasta1,exact
Myrmotherula pacifica,Myrmotherula pacifica,avibase-9E1460BD,pacant,exact
Myrmotherula schisticolor,Myrmotherula schisticolor,avibase-CF8A3394,slaant1,exact
Myrmotherula sclateri,Myrmotherula sclateri,avibase-A5AC7DC8,sclant1,exact
Myrmotherula surinamensis,Myrmotherula surinamensis,avibase-C6635857,guista1,exact
Myrmotherula unicolor,Myrmotherula unicolor,avibase-1A166C56,uniant1,exact
Myrmotherula urosticta,Myrmotherula urosticta,avibase-7C4DDF9C,batant3,exact
Myrtis fanny,Myrtis fanny,avibase-18D09F79,pucwoo1,exact
Mystacornis crossleyi,Mystacornis crossleyi,avibase-9E483E48,crobab1,exact
Myza sarasinorum,Myza sarasinorum,avibase-1EF6616D,grshon1,exact
Myzomela cardinalis,Myzomela cardinalis,avibase-6E4B550C,carmyz1,exact
Myzomela erythrocephala,Myzomela erythrocephala,avibase-CEE16E70,rehmyz1,exact
Myzomela obscura,Myzomela obscura,avibase-94C17280,dusmyz5,exact
Myzomela rosenbergii,Myzomela rosenbergii,avibase-75B19C28,recmyz1,exact
Myzomela rubratra,Myzomela rubratra,avibase-45B5DE59,micmyz1,exact
Myzomela sanguinolenta,Myzomela sanguinolenta,avibase-F3E41C51,scamyz1,exact
Nannopsittaca panychlora,Nannopsittaca panychlora,avibase-7F285393,teppar1,exact
Nannopterum auritum,Nannopterum auritum,avibase-3AC46C54,doccor,exact
Nannopterum brasilianum,Nannopterum brasilianum,avibase-56036504,neocor,exact
Napothera danjoui,Napothera danjoui,avibase-D6493AE5,stsbab1,exact
Napothera epilepidota,Napothera epilepidota,avibase-F8F526E4,eywbab1,exact
Napothera malacoptila,Napothera malacoptila,avibase-9293E8A9,lbwbab1,exact
Nasica longirostris,Nasica longirostris,avibase-C74E7545,lobwoo1,exact
Nectarinia famosa,Nectarinia famosa,avibase-26F27894,malsun1,exact
Nectarinia kilimensis,Nectarinia kilimensis,avibase-D4F9B273,brosun1,exact
Nemosia pileata,Nemosia pileata,avibase-B112B157,hootan1,exact
Nengetus cinereus,Nengetus cinereus,avibase-314EEE94,grymon1,exact
Neochmia phaeton,Neochmia phaeton,avibase-F8A8E284,crifin1,exact
Neochmia temporalis,Neochmia temporalis,avibase-4359B503,rebfir1,exact
Neocossyphus finschi,Stizorhina finschi,avibase-6DD922F2,fifthr1,clements_english
Neocossyphus fraseri,Stizorhina fraseri,avibase-031AC7C9,rufthr1,clements_english
Neocossyphus poensis,Neocossyphus poensis,avibase-0BD37CDF,wtathr1,exact
Neocossyphus rufus,Neocossyphus rufus,avibase-90FDC4CC,rtathr1,exact
Neoctantes niger,Neoctantes niger,avibase-65C3F16E,blabus1,exact
Neomixis striatigula,Neomixis striatigula,avibase-6FD7A5BC,sttjer1,exact
Neomixis tenella,Neomixis tenella,avibase-62D4A4C8,comjer1,exact
Neomorphus geoffroyi,Neomorphus geoffroyi,avibase-28261C35,rvgcuc1,exact
Neomorphus rufipennis,Neomorphus rufipennis,avibase-712BCA85,rwgcuc1,exact
Neopelma aurifrons,Neopelma aurifrons,avibase-5937195C,witman1,exact
Neopelma chrysocephalum,Neopelma chrysocephalum,avibase-CBFD1721,sctman1,exact
Neopelma chrysolophum,Neopelma chrysolophum,avibase-83354540,sdmman1,exact
Neopelma pallescens,Neopelma pallescens,avibase-A0796435,pbtman1,exact
Neopelma sulphureiventer,Neopelma sulphureiventer,avibase-AC2FFCAC,sbtman1,exact
Neophema pulchella,Neophema pulchella,avibase-6F2C5E7B,turpar1,exact
Neopipo cinnamomea,Neopipo cinnamomea,avibase-81362B15,cinmat1,exact
Neothraupis fasciata,Neothraupis fasciata,avibase-218F91B6,whbtan1,exact
Nephelomyias lintoni,Nephelomyias lintoni,avibase-0A2158CA,orbfly1,exact
Nephelomyias pulcher,Nephelomyias pulcher,avibase-BF1FED0E,hanfly1,exact
Nesillas lantzii,Nesillas lantzii,avibase-F530CA35,subbrw1,exact
Nesillas typica,Nesillas typica,avibase-B37EFDE7,malbrw1,exact
Nesoenas mayeri,Nesoenas mayeri,avibase-469B7EC8,pinpig2,exact
Nesoptilotis flavicollis,Nesoptilotis flavicollis,avibase-CAD27557,yethon1,exact
Nesoptilotis leucotis,Nesoptilotis leucotis,avibase-6897E78D,whehon1,exact
Nesospingus speculiferus,Nesospingus speculiferus,avibase-055C562F,purtan1,exact
Nestor meridionalis,Nestor meridionalis,avibase-B6353CFD,nezkak1,exact
Netta rufina,Netta rufina,avibase-3EC2CDA9,recpoc,exact
Nettapus coromandelianus,Nettapus coromandelianus,avibase-90AAE188,copgoo1,exact
Newtonia amphichroa,Newtonia amphichroa,avibase-57F73C4A,darnew1,exact
Newtonia archboldi,Newtonia archboldi,avibase-E4B78086,arcnew1,exact
Newtonia brunneicauda,Newtonia brunneicauda,avibase-4C71BFD5,comnew1,exact
Nicator chloris,Nicator chloris,avibase-6413CE1A,yesnic1,exact
Nicator gularis,Nicator gularis,avibase-7066D2F1,easnic1,exact
Nicator vireo,Nicator vireo,avibase-E386D2EB,yetnic1,exact
Nigrita canicapillus,Nigrita canicapillus,avibase-B15F4C49,gyhneg1,exact
Nilaus afer,Nilaus afer,avibase-967545BC,brubru1,exact
Niltava grandis,Niltava grandis,avibase-75234D1E,larnil1,exact
Niltava macgrigoriae,Niltava macgrigoriae,avibase-AE0A8E40,smanil1,exact
Niltava sundara,Niltava sundara,avibase-7FBCFF87,rubnil1,exact
Niltava vivida,Niltava vivida,avibase-7D6DCAC3,vivnil3,exact
Ninox boobook,Ninox boobook,avibase-82BA5F75,souboo8,exact
Ninox connivens,Ninox connivens,avibase-A2A65F42,barowl1,exact
Ninox ios,Ninox ios,avibase-CF8433FC,cinhao1,exact
Ninox japonica,Ninox japonica,avibase-A6052ECB,norboo1,exact
Ninox novaeseelandiae,Ninox novaeseelandiae,avibase-E8E9C26D,morepo2,exact
Ninox obscura,Ninox obscura,avibase-2EE2D67A,brnhao3,exact
Ninox philippensis,Ninox philippensis,avibase-181430F4,phihao1,exact
Ninox scutulata,Ninox scutulata,avibase-A5AC4024,brnhao1,exact
Ninox strenua,Ninox strenua,avibase-2DF7793A,powowl1,exact
Ninox theomacha,Ninox theomacha,avibase-0EBDC907,junhao1,exact
Nisaetus cirrhatus,Nisaetus cirrhatus,avibase-2C0FA6E3,y00839,exact
Nisaetus nanus,Nisaetus nanus,avibase-42B300D2,walhae1,exact
Nisaetus nipalensis,Nisaetus nipalensis,avibase-9EA9701E,mouhae1,exact
Nonnula brunnea,Nonnula brunnea,avibase-76D78C1C,bronun1,exact
Nonnula frontalis,Nonnula frontalis,avibase-DCC2CCEB,gycnun1,exact
Nonnula rubecula,Nonnula rubecula,avibase-5A555E8C,rubnun1,exact
Nonnula ruficapilla,Nonnula ruficapilla,avibase-C6EC8B37,rucnun1,exact
Northiella haematogaster,Northiella haematogaster,avibase-8AFC47C9,bluebo1,exact
Notharchus hyperrhynchus,Notharchus hyperrhynchus,avibase-6CC108F6,whnpuf2,exact
Notharchus macrorhynchos,Notharchus macrorhynchos,avibase-19CE1F0F,guipuf1,exact
Notharchus ordii,Notharchus ordii,avibase-6CA1819D,brbpuf1,exact
Notharchus pectoralis,Notharchus pectoralis,avibase-E2F43007,blbpuf1,exact
Notharchus swainsoni,Notharchus swainsoni,avibase-5D3D72E1,bubpuf1,exact
Notharchus tectus,Notharchus tectus,avibase-70D5AC76,piepuf1,exact
Nothocercus bonapartei,Nothocercus bonapartei,avibase-66C31E09,higtin1,exact
Nothocercus julius,Nothocercus julius,avibase-5FB99321,tabtin1,exact
Nothocercus nigrocapillus,Nothocercus nigrocapillus,avibase-68E763AE,hootin1,exact
Nothocrax urumutum,Nothocrax urumutum,avibase-B4CC6C9F,noccur1,exact
Nothoprocta cinerascens,Nothoprocta cinerascens,avibase-4C8BCEC2,brutin1,exact
Nothoprocta ornata,Nothoprocta ornata,avibase-286A2FBA,orntin1,exact
Nothoprocta pentlandii,Nothoprocta pentlandii,avibase-7A66539A,andtin1,exact
Nothoprocta perdicaria,Nothoprocta perdicaria,avibase-F900EE88,chitin1,exact
Nothura boraquira,Nothura boraquira,avibase-458340C7,whbnot1,exact
Nothura darwinii,Nothura darwinii,avibase-F7D16275,darnot1,exact
Nothura maculosa,Nothura maculosa,avibase-03C3DDFB,sponot1,exact
Notiomystis cincta,Notiomystis cincta,avibase-8A8E833D,stitch1,exact
Notopholia corusca,Notopholia corusca,avibase-40781028,bbgsta1,exact
Nucifraga caryocatactes,Nucifraga caryocatactes,avibase-D9B001DF,eurnut3,exact
Nucifraga columbiana,Nucifraga columbiana,avibase-D1FC2D6B,clanut,exact
Numenius americanus,Numenius americanus,avibase-5284C27B,lobcur,exact
Numenius arquata,Numenius arquata,avibase-3BB5CBA6,eurcur,exact
Numenius madagascariensis,Numenius madagascariensis,avibase-DAF8F22B,faecur,exact
Numenius minutus,Numenius minutus,avibase-C00E1EB8,litcur,exact
Numenius phaeopus,Numenius phaeopus,avibase-082F3A63,whimbr5,exact
Numenius tahitiensis,Numenius tahitiensis,avibase-2507326E,brtcur,exact
Numida meleagris,Numida meleagris,avibase-1044B438,helgui,exact
Nyctanassa violacea,Nyctanassa violacea,avibase-C6772490,ycnher,exact
Nyctibius aethereus,Nyctibius aethereus,avibase-407292B2,lotpot1,exact
Nyctibius bracteatus,Phyllaemulor bracteatus,avibase-0B46DD95,rufpot1,clements_english
Nyctibius grandis,Nyctibius grandis,avibase-EBEFFDBF,grepot1,exact
Nyctibius griseus,Nyctibius griseus,avibase-7333ADB3,compot1,exact
Nyctibius jamaicensis,Nyctibius jamaicensis,avibase-5F312992,norpot1,exact
Nyctibius leucopterus,Nyctibius leucopterus,avibase-46E2FA49,whwpot1,exact
Nycticorax nycticorax,Nycticorax nycticorax,avibase-6BB94D7E,bcnher,exact
Nyctidromus albicollis,Nyctidromus albicollis,avibase-F2CB69EC,compau,exact
Nyctidromus anthonyi,Nyctidromus anthonyi,avibase-D3D48681,scrnig1,exact
Nyctiphrynus mcleodii,Nyctiphrynus mcleodii,avibase-4175CC34,earpoo1,exact
Nyctiphrynus ocellatus,Nyctiphrynus ocellatus,avibase-F546974F,ocepoo1,exact
Nyctiphrynus rosenbergi,Nyctiphrynus rosenbergi,avibase-A7CDF961,chopoo1,exact
Nyctiphrynus yucatanicus,Nyctiphrynus yucatanicus,avibase-AD1A73F6,yucpoo1,exact
Nyctipolus nigrescens,Nyctipolus nigrescens,avibase-63F4EDD0,blanig1,exact
Nyctiprogne leucopyga,Nyctiprogne leucopyga,avibase-73F8FC01,batnig1,exact
Nyctyornis amictus,Nyctyornis amictus,avibase-793BF787,rbbeat1,exact
Nyctyornis athertoni,Nyctyornis athertoni,avibase-5C15B5FC,bbbeat1,exact
Nymphicus hollandicus,Nymphicus hollandicus,avibase-FDAEA60A,cockat,exact
Nystalus chacuru,Nystalus chacuru,avibase-10A76478,whepuf1,exact
Nystalus maculatus,Nystalus maculatus,avibase-B591C29D,spbpuf1,exact
Nystalus obamai,Nystalus obamai,avibase-012084A9,wespuf1,exact
Nystalus radiatus,Nystalus radiatus,avibase-4B154EA6,barpuf1,exact
Nystalus striolatus,Nystalus striolatus,avibase-427AF246,strpuf1,exact
Ochetorhynchus andaecola,Ochetorhynchus andaecola,avibase-452A3DF7,rocear1,exact
Ochetorhynchus melanurus,Ochetorhynchus melanurus,avibase-C04BE0E8,crachi1,exact
Ochetorhynchus phoenicurus,Ochetorhynchus phoenicurus,avibase-814FF12C,batear1,exact
Ochetorhynchus ruficaudus,Ochetorhynchus ruficaudus,avibase-4E40F359,stbear2,exact
Ochthoeca cinnamomeiventris,Ochthoeca cinnamomeiventris,avibase-5E381EA4,slbcht2,exact
Ochthoeca diadema,Silvicultrix diadema,avibase-D6F1EBE0,yebcht1,clements_english
Ochthoeca fumicolor,Ochthoeca fumicolor,avibase-1FDE49DF,bbctyr1,exact
Ochthoeca jelskii,Silvicultrix jelskii,avibase-0A34575D,jelcht1,clements_english
Ochthoeca leucophrys,Ochthoeca leucophrys,avibase-C0949BA5,wbctyr1,exact
Ochthoeca oenanthoides,Ochthoeca oenanthoides,avibase-9A5ACC7C,dorcht1,exact
Ochthoeca pulchella,Silvicultrix pulchella,avibase-0C04EC23,gobcht1,clements_english
Ochthoeca rufipectoralis,Ochthoeca rufipectoralis,avibase-15FF866A,rbctyr1,exact
Ochthornis littoralis,Ochthornis littoralis,avibase-BFE83634,drwtyr1,exact
Ocreatus underwoodii,Ocreatus underwoodii,avibase-D58511D6,boorat1,exact
Ocyceros birostris,Ocyceros birostris,avibase-FD5AD57F,inghor2,exact
Ocyceros gingalensis,Ocyceros gingalensis,avibase-51D20ACB,ceghor1,exact
Ocyceros griseus,Ocyceros griseus,avibase-2BE24F91,maghor2,exact
Ocyphaps lophotes,Ocyphaps lophotes,avibase-245D312A,crepig1,exact
Odontophorus atrifrons,Odontophorus atrifrons,avibase-C45218DF,bfwqua1,exact
Odontophorus balliviani,Odontophorus balliviani,avibase-80200CD9,sfwqua1,exact
Odontophorus capueira,Odontophorus capueira,avibase-46499ABF,swwqua1,exact
Odontophorus columbianus,Odontophorus columbianus,avibase-062EC06C,venwoq1,exact
Odontophorus erythrops,Odontophorus erythrops,avibase-DCE5A946,rfwqua1,exact
Odontophorus gujanensis,Odontophorus gujanensis,avibase-B41E681C,mawqua1,exact
Odontophorus guttatus,Odontophorus guttatus,avibase-B0E77189,spwqua1,exact
Odontophorus hyperythrus,Odontophorus hyperythrus,avibase-D8BFC2F1,chwqua1,exact
Odontophorus leucolaemus,Odontophorus leucolaemus,avibase-C874DFDD,bbwqua1,exact
Odontophorus melanonotus,Odontophorus melanonotus,avibase-344EF5E2,dbwqua1,exact
Odontophorus melanotis,Odontophorus melanotis,avibase-DE957D9D,bewqua1,exact
Odontophorus speciosus,Odontophorus speciosus,avibase-F761F6C4,rbwqua1,exact
Odontophorus stellatus,Odontophorus stellatus,avibase-B2112708,stwqua1,exact
Odontophorus strophium,Odontophorus strophium,avibase-744EE96B,gowqua1,exact
Odontorchilus branickii,Odontorchilus branickii,avibase-E59FF7D2,gymwre1,exact
Odontorchilus cinereus,Odontorchilus cinereus,avibase-DAD468AA,tobwre1,exact
Oena capensis,Oena capensis,avibase-DDC2CC92,namdov1,exact
Oenanthe deserti,Oenanthe deserti,avibase-078BC0ED,deswhe1,exact
Oenanthe familiaris,Oenanthe familiaris,avibase-CD8DEBE3,famcha1,exact
Oenanthe fusca,Oenanthe fusca,avibase-F8995B0A,indcha1,exact
Oenanthe hispanica,Oenanthe hispanica,avibase-CBB94183,bkewhe1,exact
Oenanthe isabellina,Oenanthe isabellina,avibase-E6C6F746,isawhe1,exact
Oenanthe leucopyga,Oenanthe leucopyga,avibase-CAFA98EE,whtwhe1,exact
Oenanthe leucura,Oenanthe leucura,avibase-1C98EA2F,blawhe1,exact
Oenanthe melanoleuca,Oenanthe melanoleuca,avibase-DF26171F,bkewhe2,exact
Oenanthe melanura,Oenanthe melanura,avibase-10E5B18E,blacks1,exact
Oenanthe oenanthe,Oenanthe oenanthe,avibase-DF526047,norwhe,exact
Oenanthe pileata,Oenanthe pileata,avibase-E6BD3258,capwhe1,exact
Oenanthe pleschanka,Oenanthe pleschanka,avibase-2FB34D83,piewhe1,exact
Oenanthe scotocerca,Oenanthe scotocerca,avibase-DA3F40DB,brtcha1,exact
Ognorhynchus icterotis,Ognorhynchus icterotis,avibase-BCCB23F5,yeepar1,exact
Oncostoma cinereigulare,Oncostoma cinereigulare,avibase-81FE137C,norben1,exact
Oncostoma olivaceum,Oncostoma olivaceum,avibase-709BBA1D,souben1,exact
Oneillornis lunulatus,Oneillornis lunulatus,avibase-C3D6FB50,lunant2,exact
Oneillornis salvini,Oneillornis salvini,avibase-CE51E244,whtant1,exact
Onychognathus morio,Onychognathus morio,avibase-508D5CA2,rewsta1,exact
Onychognathus nabouroup,Onychognathus nabouroup,avibase-975D0D5D,pawsta1,exact
Onychognathus tenuirostris,Onychognathus tenuirostris,avibase-F2C7AA06,slbsta1,exact
Onychognathus tristramii,Onychognathus tristramii,avibase-0EDF9145,trista1,exact
Onychognathus walleri,Onychognathus walleri,avibase-E11D6D66,walsta1,exact
Onychoprion aleuticus,Onychoprion aleuticus,avibase-BEE4F34A,aleter1,exact
Onychoprion anaethetus,Onychoprion anaethetus,avibase-E6518B9D,briter1,exact
Onychoprion fuscatus,Onychoprion fuscatus,avibase-3E7F825D,sooter1,exact
Onychoprion lunatus,Onychoprion lunatus,avibase-1A965D60,gybter1,exact
Onychorhynchus coronatus,Onychorhynchus coronatus,avibase-2A931A37,royfly1,exact
Opisthocomus hoazin,Opisthocomus hoazin,avibase-7E83A1B3,hoatzi1,exact
Oporornis agilis,Oporornis agilis,avibase-0B23929D,conwar,exact
Orchesticus abeillei,Orchesticus abeillei,avibase-B8992864,brotan1,exact
Oreocharis arfaki,Oreocharis arfaki,avibase-7343F8F3,titber1,exact
Oreoica gutturalis,Oreoica gutturalis,avibase-588549DA,crebel1,exact
Oreolais pulcher,Oreolais pulcher,avibase-91FD087B,blcapa2,exact
Oreolais ruwenzorii,Oreolais ruwenzorii,avibase-4016F61E,ruwapa1,exact
Oreomystis bairdi,Oreomystis bairdi,avibase-2CFFFB8A,akikik,exact
Oreophasis derbianus,Oreophasis derbianus,avibase-9584A5CA,horgua1,exact
Oreopholus ruficollis,Oreopholus ruficollis,avibase-C9754B38,tatdot1,exact
Oreopsar bolivianus,Oreopsar bolivianus,avibase-DA3AD600,bolbla1,exact
Oreortyx pictus,Oreortyx pictus,avibase-171E91FF,mouqua,exact
Oreoscoptes montanus,Oreoscoptes montanus,avibase-F6DF700B,sagthr,exact
Oreoscopus gutturalis,Oreoscopus gutturalis,avibase-A902336F,fernwr1,exact
Oreothlypis gutturalis,Oreothlypis gutturalis,avibase-03561EAE,fltwar1,exact
Oreothlypis superciliosa,Oreothlypis superciliosa,avibase-2BC547FD,crcwar,exact
Oreothraupis arremonops,Oreothraupis arremonops,avibase-807C7CA4,tanfin1,exact
Oreotrochilus estella,Oreotrochilus estella,avibase-0DA1CA5D,andhil3,exact
Oressochen jubatus,Neochen jubata,avibase-FA5A25B2,origoo1,clements_english
Oressochen melanopterus,Chloephaga melanoptera,avibase-BB29610F,andgoo1,clements_english
Oriolus auratus,Oriolus auratus,avibase-D4866EAE,afgori2,exact
Oriolus brachyrynchus,Oriolus brachyrynchus,avibase-418C7CCB,wbhori1,exact
Oriolus chinensis,Oriolus chinensis,avibase-CC216A71,blnori1,exact
Oriolus chlorocephalus,Oriolus chlorocephalus,avibase-4321596C,grhori1,exact
Oriolus cruentus,Oriolus cruentus,avibase-556DF2D6,bacori3,exact
Oriolus flavocinctus,Oriolus flavocinctus,avibase-37DF1792,greori1,exact
Oriolus kundoo,Oriolus kundoo,avibase-4C263A0E,ingori1,exact
Oriolus larvatus,Oriolus larvatus,avibase-BE62734A,abhori1,exact
Oriolus monacha,Oriolus monacha,avibase-B6BCAD32,dahori1,exact
Oriolus nigripennis,Oriolus nigripennis,avibase-DBBB162B,blwori1,exact
Oriolus oriolus,Oriolus oriolus,avibase-92A772BB,eugori2,exact
Oriolus percivali,Oriolus percivali,avibase-95A2F6E7,bltori1,exact
Oriolus phaeochromus,Oriolus phaeochromus,avibase-53E4D2F9,halori1,exact
Oriolus sagittatus,Oriolus sagittatus,avibase-068516BB,olbori1,exact
Oriolus steerii,Oriolus steerii,avibase-64FE17FB,phiori1,exact
Oriolus szalayi,Oriolus szalayi,avibase-78DA4BAF,broori1,exact
Oriolus tenuirostris,Oriolus tenuirostris,avibase-4ABC6B29,slbori1,exact
Oriolus traillii,Oriolus traillii,avibase-11093B09,marori2,exact
Oriolus xanthonotus,Oriolus xanthonotus,avibase-8AD3A10D,datori1,exact
Oriolus xanthornus,Oriolus xanthornus,avibase-E931F073,blhori1,exact
Oriturus superciliosus,Oriturus superciliosus,avibase-A0B9829C,strspa1,exact
Ornithion brunneicapillus,Ornithion brunneicapillus,avibase-BF566659,brctyr,exact
Ornithion inerme,Ornithion inerme,avibase-E02C0DF3,whltyr1,exact
Ornithion semiflavum,Ornithion semiflavum,avibase-27D4FC77,yebtyr1,exact
Orochelidon flavipes,Orochelidon flavipes,avibase-863A0FD8,pafswa1,exact
Orochelidon murina,Orochelidon murina,avibase-61CC48FF,brbswa1,exact
Ortalis araucuan,Ortalis araucuan,avibase-7C8C422A,specha2,exact
Ortalis canicollis,Ortalis canicollis,avibase-497B576C,chacha1,exact
Ortalis cinereiceps,Ortalis cinereiceps,avibase-3760C5DC,grhcha1,exact
Ortalis columbiana,Ortalis columbiana,avibase-1F58D15F,colcha1,exact
Ortalis erythroptera,Ortalis erythroptera,avibase-7B8E0E0F,ruhcha1,exact
Ortalis garrula,Ortalis garrula,avibase-B679EB0C,chwcha1,exact
Ortalis guttata,Ortalis guttata,avibase-3BA3E03E,specha3,exact
Ortalis leucogastra,Ortalis leucogastra,avibase-36D6CAB7,whbcha1,exact
Ortalis motmot,Ortalis motmot,avibase-E0BC6A2E,varcha1,exact
Ortalis poliocephala,Ortalis poliocephala,avibase-98FC9EB9,wemcha1,exact
Ortalis ruficauda,Ortalis ruficauda,avibase-E6447877,ruvcha1,exact
Ortalis squamata,Ortalis squamata,avibase-407F8A84,specha4,exact
Ortalis vetula,Ortalis vetula,avibase-F4F49CCB,placha,exact
Ortalis wagleri,Ortalis wagleri,avibase-1C856C25,rubcha1,exact
Orthogonys chloricterus,Orthogonys chloricterus,avibase-C016E9A0,olgtan1,exact
Orthonyx novaeguineae,Orthonyx novaeguineae,avibase-47D76046,norlog1,exact
Orthonyx spaldingii,Orthonyx spaldingii,avibase-A738F49A,chowch1,exact
Orthonyx temminckii,Orthonyx temminckii,avibase-C6BB3E17,soulog1,exact
Orthopsittaca manilatus,Orthopsittaca manilatus,avibase-9A5F4D95,rebmac2,exact
Orthotomus atrogularis,Orthotomus atrogularis,avibase-69618EFB,dantai1,exact
Orthotomus chaktomuk,Orthotomus chaktomuk,avibase-95A9CD5E,camtai1,exact
Orthotomus chloronotus,Orthotomus chloronotus,avibase-8E1757E6,gnbtai1,exact
Orthotomus derbianus,Orthotomus derbianus,avibase-CF23E48F,gybtai1,exact
Orthotomus frontalis,Orthotomus frontalis,avibase-06F95A32,ruftai1,exact
Orthotomus nigriceps,Orthotomus nigriceps,avibase-DD80D268,whbtai1,exact
Orthotomus ruficeps,Orthotomus ruficeps,avibase-6C405431,ashtai1,exact
Orthotomus sepium,Orthotomus sepium,avibase-57FE408F,olbtai1,exact
Orthotomus sericeus,Orthotomus sericeus,avibase-D127FAAF,ruttai1,exact
Orthotomus sutorius,Orthotomus sutorius,avibase-AF5B727B,comtai1,exact
Ortygornis pondicerianus,Ortygornis pondicerianus,avibase-B1C204EC,gryfra,exact
Ortygornis sephaena,Ortygornis sephaena,avibase-8004C7E5,crefra2,exact
Ortygospiza atricollis,Ortygospiza atricollis,avibase-8E5252EB,quailf1,exact
Otidiphaps nobilis,Otidiphaps nobilis,avibase-5C686F54,phepig1,exact
Otocichla mupinensis,Turdus mupinensis,avibase-4435BAA4,chithr2,clements_english
Otus bakkamoena,Otus bakkamoena,avibase-489F3A6A,insowl1,exact
Otus cyprius,Otus cyprius,avibase-616A1359,eursco3,exact
Otus elegans,Otus elegans,avibase-3B290974,ryusco1,exact
Otus lempiji,Otus lempiji,avibase-0C3E5285,susowl2,exact
Otus lettia,Otus lettia,avibase-A2EF15D7,cosowl1,exact
Otus magicus,Otus magicus,avibase-8FE1266A,mosowl1,exact
Otus manadensis,Otus manadensis,avibase-DCE22075,susowl1,exact
Otus mantananensis,Otus mantananensis,avibase-C310E372,masowl2,exact
Otus pamelae,Otus pamelae,avibase-FB19E285,arasco1,exact
Otus rufescens,Otus rufescens,avibase-7380A531,resowl1,exact
Otus rutilus,Otus rutilus,avibase-C1B0BDEA,madsco1,exact
Otus sagittatus,Otus sagittatus,avibase-379A4F94,wfsowl2,exact
Otus scops,Otus scops,avibase-2C7AA154,eursco1,exact
Otus semitorques,Otus semitorques,avibase-BFE3F4EA,jasowl1,exact
Otus senegalensis,Otus senegalensis,avibase-F0AA4FE4,afsowl1,exact
Otus spilocephalus,Otus spilocephalus,avibase-A0AD0888,mosowl2,exact
Otus sunia,Otus sunia,avibase-DD855E67,orsowl,exact
Oxylabes madagascariensis,Oxylabes madagascariensis,avibase-8670BFA8,whtoxy1,exact
Oxyruncus cristatus,Oxyruncus cristatus,avibase-BE501122,sharpb1,exact
Oxyura jamaicensis,Oxyura jamaicensis,avibase-DF1E2A1D,,exact
Pachycare flavogriseum,Pachycare flavogriseum,avibase-082CFCAE,dwawhi1,exact
Pachycephala chlorura,Pachycephala chlorura,avibase-A8630383,necwhi2,exact
Pachycephala cinerea,Pachycephala cinerea,avibase-FDD9B522,manwhi1,exact
Pachycephala flavifrons,Pachycephala flavifrons,avibase-DA48640C,samwhi1,exact
Pachycephala griseonota,Pachycephala griseonota,avibase-01907039,drawhi1,exact
Pachycephala homeyeri,Pachycephala homeyeri,avibase-FB40EA21,whvwhi1,exact
Pachycephala hypoxantha,Pachycephala hypoxantha,avibase-D99B20DF,borwhi1,exact
Pachycephala inornata,Pachycephala inornata,avibase-631D64E0,gilwhi1,exact
Pachycephala lanioides,Pachycephala lanioides,avibase-A6E44BBF,whbwhi2,exact
Pachycephala macrorhyncha,Pachycephala macrorhyncha,avibase-D830B11A,yetwhi1,exact
Pachycephala mentalis,Pachycephala mentalis,avibase-5309CD6A,bkcwhi1,exact
Pachycephala nudigula,Pachycephala nudigula,avibase-EF3BEE97,batwhi1,exact
Pachycephala olivacea,Pachycephala olivacea,avibase-AB08B1DE,oliwhi1,exact
Pachycephala orioloides,Pachycephala orioloides,avibase-5CEC5B70,oriwhi1,exact
Pachycephala pectoralis,Pachycephala pectoralis,avibase-D96B2D74,y01193,exact
Pachycephala philippinensis,Pachycephala philippinensis,avibase-5E75CBEF,yebwhi1,exact
Pachycephala rufiventris,Pachycephala rufiventris,avibase-0ABCDD1C,rufwhi1,exact
Pachycephala schlegelii,Pachycephala schlegelii,avibase-E548C5FC,regwhi1,exact
Pachycephala simplex,Pachycephala simplex,avibase-409B6E6A,grywhi2,exact
Pachycephala soror,Pachycephala soror,avibase-8DA085FD,sclwhi1,exact
Pachycephala sulfuriventer,Pachycephala sulfuriventer,avibase-19C021C4,subwhi1,exact
Pachycephala vitiensis,Pachycephala vitiensis,avibase-782BDEE3,whtwhi1,exact
Pachyphantes superciliosus,Pachyphantes superciliosus,avibase-0405CA69,comwea1,exact
Pachyramphus aglaiae,Pachyramphus aglaiae,avibase-D7CCEB96,rotbec,exact
Pachyramphus albogriseus,Pachyramphus albogriseus,avibase-635B3BEC,bawbec7,exact
Pachyramphus castaneus,Pachyramphus castaneus,avibase-3A6FE3D7,chcbec1,exact
Pachyramphus cinnamomeus,Pachyramphus cinnamomeus,avibase-BBABBA53,cinbec1,exact
Pachyramphus homochrous,Pachyramphus homochrous,avibase-5B66BF7C,oncbec1,exact
Pachyramphus major,Pachyramphus major,avibase-1E00CDF2,grcbec1,exact
Pachyramphus marginatus,Pachyramphus marginatus,avibase-FC849C19,blcbec1,exact
Pachyramphus minor,Pachyramphus minor,avibase-58599303,pitbec1,exact
Pachyramphus niger,Pachyramphus niger,avibase-7D41A02F,jambec1,exact
Pachyramphus polychopterus,Pachyramphus polychopterus,avibase-CE997BBD,whwbec1,exact
Pachyramphus rufus,Pachyramphus rufus,avibase-69D111A7,cinbec2,exact
Pachyramphus surinamus,Pachyramphus surinamus,avibase-14726786,glbbec1,exact
Pachyramphus validus,Pachyramphus validus,avibase-DE6F8886,crebec1,exact
Pachyramphus versicolor,Pachyramphus versicolor,avibase-69B72BD0,barbec1,exact
Pachyramphus viridis,Pachyramphus viridis,avibase-6D956489,grbbec1,exact
Pachysylvia aurantiifrons,Pachysylvia aurantiifrons,avibase-05336066,gofgre1,exact
Pachysylvia decurtata,Pachysylvia decurtata,avibase-58274D5F,lesgre1,exact
Pachysylvia hypoxantha,Pachysylvia hypoxantha,avibase-7FE65F39,ducgre1,exact
Pachysylvia muscicapina,Pachysylvia muscicapina,avibase-66B55F55,bucgre1,exact
Pachysylvia semibrunnea,Pachysylvia semibrunnea,avibase-204918E7,rungre1,exact
Padda oryzivora,Padda oryzivora,avibase-549BEA0C,javspa,exact
Palmeria dolei,Palmeria dolei,avibase-A643D860,crehon,exact
Pampa curvipennis,Pampa curvipennis,avibase-A5502452,wetsab1,exact
Pandion haliaetus,Pandion haliaetus,avibase-1327AC55,osprey,exact
Panterpe insignis,Panterpe insignis,avibase-09E88F83,fithum1,exact
Panurus biarmicus,Panurus biarmicus,avibase-7D59F91D,bearee1,exact
Panyptila sanctihieronymi,Panyptila sanctihieronymi,avibase-88679F12,gstswi1,exact
Parabuteo leucorrhous,Parabuteo leucorrhous,avibase-8C150371,whrhaw1,exact
Parabuteo unicinctus,Parabuteo unicinctus,avibase-FBED1927,hrshaw,exact
Paraclaravis mondetoura,Paraclaravis mondetoura,avibase-B3FE23FB,mcgdov1,exact
Paradisaea minor,Paradisaea minor,avibase-A5CF883E,lbopar1,exact
Paradisaea rubra,Paradisaea rubra,avibase-2215C01D,rbopar2,exact
Paradoxornis flavirostris,Paradoxornis flavirostris,avibase-664698E5,blbpar2,exact
Paradoxornis guttaticollis,Paradoxornis guttaticollis,avibase-C922CECC,spbpar1,exact
Pardalotus punctatus,Pardalotus punctatus,avibase-54C12F34,spopar1,exact
Pardalotus rubricatus,Pardalotus rubricatus,avibase-83FCEF52,rebpar6,exact
Pardalotus striatus,Pardalotus striatus,avibase-747BFF64,strpar1,exact
Pardirallus maculatus,Pardirallus maculatus,avibase-E202D760,sporai,exact
Pardirallus nigricans,Pardirallus nigricans,avibase-01FE1D04,blarai1,exact
Pardirallus sanguinolentus,Pardirallus sanguinolentus,avibase-E20AD288,plurai1,exact
Parkerthraustes humeralis,Parkerthraustes humeralis,avibase-7B2BF947,yesgro2,exact
Parkesia motacilla,Parkesia motacilla,avibase-7AB0F3A4,louwat,exact
Parkesia noveboracensis,Parkesia noveboracensis,avibase-709AF716,norwat,exact
Paroaria capitata,Paroaria capitata,avibase-E7AC0F28,yebcar,exact
Paroaria coronata,Paroaria coronata,avibase-03CE3B88,reccar,exact
Paroaria dominicana,Paroaria dominicana,avibase-37DD749C,reccar2,exact
Paroaria gularis,Paroaria gularis,avibase-5617D13D,reccar4,exact
Paroreomyza montana,Paroreomyza montana,avibase-D94752EA,mauala,exact
Parus cinereus,Parus cinereus,avibase-414DC961,cintit13,exact
Parus major,Parus major,avibase-E15BC0CB,gretit1,exact
Parus minor,Parus cinereus,avibase-414DC961,cintit13,override
Parus monticolus,Parus monticolus,avibase-4E1C5625,grbtit1,exact
Parvipsitta porphyrocephala,Parvipsitta porphyrocephala,avibase-9689E669,puclor1,exact
Parvipsitta pusilla,Parvipsitta pusilla,avibase-3AACCDB1,litlor1,exact
Passer ammodendri,Passer ammodendri,avibase-17AC96E0,saxspa1,exact
Passer cinnamomeus,Passer cinnamomeus,avibase-469D6B56,russpa2,exact
Passer diffusus,Passer diffusus,avibase-7EB3ECC4,sghspa2,exact
Passer domesticus,Passer domesticus,avibase-240E3390,houspa,exact
Passer flaveolus,Passer flaveolus,avibase-AABF0A3A,plbspa1,exact
Passer griseus,Passer griseus,avibase-E10D0809,gyhspa1,exact
Passer hispaniolensis,Passer hispaniolensis,avibase-5A8E09A1,spaspa1,exact
Passer italiae,Passer italiae,avibase-3718C3F9,itaspa1,exact
Passer melanurus,Passer melanurus,avibase-DEE88DF6,capspa1,exact
Passer moabiticus,Passer moabiticus,avibase-7D19D9ED,desspa1,exact
Passer montanus,Passer montanus,avibase-C22FBF8D,eutspa,exact
Passer pyrrhonotus,Passer pyrrhonotus,avibase-E60EFA61,sinspa1,exact
Passer rufocinctus,Passer rufocinctus,avibase-DBAB527C,kerspa2,exact
Passer simplex,Passer simplex,avibase-B4037E8F,desspa3,exact
Passer swainsonii,Passer swainsonii,avibase-F375B25B,swaspa2,exact
Passerculus sandwichensis,Passerculus sandwichensis,avibase-31CE00C7,savspa,exact
Passerella iliaca,Passerella iliaca,avibase-3A7B1F59,foxspa,exact
Passerina amoena,Passerina amoena,avibase-9F67F3AF,lazbun,exact
Passerina caerulea,Passerina caerulea,avibase-A7A75EA1,blugrb1,exact
Passerina ciris,Passerina ciris,avibase-0BDB87DE,paibun,exact
Passerina cyanea,Passerina cyanea,avibase-043F337A,indbun,exact
Passerina leclancherii,Passerina leclancherii,avibase-FCD5D1E4,orbbun1,exact
Passerina rositae,Passerina rositae,avibase-00634D72,robbun1,exact
Passerina versicolor,Passerina versicolor,avibase-1680EFDE,varbun,exact
Pastor roseus,Pastor roseus,avibase-24208346,rossta2,exact
Patagioenas araucana,Patagioenas araucana,avibase-2BD38691,chipig2,exact
Patagioenas cayennensis,Patagioenas cayennensis,avibase-A8908194,pavpig2,exact
Patagioenas corensis,Patagioenas corensis,avibase-A87AEB78,baepig2,exact
Patagioenas fasciata,Patagioenas fasciata,avibase-31ACA998,batpig1,exact
Patagioenas flavirostris,Patagioenas flavirostris,avibase-F8174D40,rebpig1,exact
Patagioenas goodsoni,Patagioenas goodsoni,avibase-A057002F,duspig2,exact
Patagioenas leucocephala,Patagioenas leucocephala,avibase-5F571C8A,whcpig2,exact
Patagioenas maculosa,Patagioenas maculosa,avibase-346FC22F,spwpig3,exact
Patagioenas nigrirostris,Patagioenas nigrirostris,avibase-1D706BD0,shbpig,exact
Patagioenas picazuro,Patagioenas picazuro,avibase-C7405D19,picpig2,exact
Patagioenas plumbea,Patagioenas plumbea,avibase-CD161B09,plupig2,exact
Patagioenas speciosa,Patagioenas speciosa,avibase-3EAF0903,scapig2,exact
Patagioenas squamosa,Patagioenas squamosa,avibase-D15BB73D,scnpig1,exact
Patagioenas subvinacea,Patagioenas subvinacea,avibase-F4F72BD9,rudpig,exact
Patagona gigas,Patagona gigas,avibase-59067C71,giahum1,exact
Pauxi pauxi,Pauxi pauxi,avibase-04689F34,helcur1,exact
Pavo cristatus,Pavo cristatus,avibase-A8C34DC9,compea,exact
Pelargopsis amauroptera,Pelargopsis amauroptera,avibase-19C28D92,bnwkin1,exact
Pelargopsis capensis,Pelargopsis capensis,avibase-2B0E883A,stbkin1,exact
Pelecanus conspicillatus,Pelecanus conspicillatus,avibase-507E4975,auspel1,exact
Pelecanus erythrorhynchos,Pelecanus erythrorhynchos,avibase-866903B9,amwpel,exact
Pelecanus occidentalis,Pelecanus occidentalis,avibase-F59AB6B3,brnpel,exact
Pellorneum albiventre,Pellorneum albiventre,avibase-E91198DD,sptbab1,exact
Pellorneum bicolor,Pellorneum bicolor,avibase-D4A0A875,ferbab1,exact
Pellorneum capistratum,Pellorneum capistratum,avibase-492BAC9A,bkcbab2,exact
Pellorneum celebense,Pellorneum celebense,avibase-F876CBEE,sulbab1,exact
Pellorneum fuscocapillus,Pellorneum fuscocapillus,avibase-17132E4C,bncbab1,exact
Pellorneum malaccense,Pellorneum malaccense,avibase-BF150AB3,shtbab1,exact
Pellorneum palustre,Pellorneum palustre,avibase-A9D2D8D4,marbab2,exact
Pellorneum pyrrogenys,Pellorneum pyrrogenys,avibase-0CA4E55F,tembab1,exact
Pellorneum rostratum,Pellorneum rostratum,avibase-F13200CB,whcbab1,exact
Pellorneum ruficeps,Pellorneum ruficeps,avibase-D6800997,putbab1,exact
Pellorneum tickelli,Pellorneum tickelli,avibase-F013EAF4,bubbab1,exact
Peltops montanus,Peltops montanus,avibase-E9C26F0E,moupel1,exact
Penelope albipennis,Penelope albipennis,avibase-D10D229A,whwgua1,exact
Penelope argyrotis,Penelope argyrotis,avibase-540D21F5,batgua1,exact
Penelope barbata,Penelope barbata,avibase-89605A18,beagua1,exact
Penelope dabbenei,Penelope dabbenei,avibase-D3E64B50,refgua1,exact
Penelope jacquacu,Penelope jacquacu,avibase-1D1EDAF0,spigua1,exact
Penelope marail,Penelope marail,avibase-B08C691D,margua1,exact
Penelope montagnii,Penelope montagnii,avibase-6CF279AC,andgua1,exact
Penelope obscura,Penelope obscura,avibase-BF379105,dulgua1,exact
Penelope perspicax,Penelope perspicax,avibase-2296FCC4,caugua1,exact
Penelope purpurascens,Penelope purpurascens,avibase-01A38979,cregua1,exact
Penelope superciliaris,Penelope superciliaris,avibase-28799734,rumgua1,exact
Penelopides affinis,Penelopides affinis,avibase-12D638FA,minhor1,exact
Penelopina nigra,Penelopina nigra,avibase-E627D25F,higgua1,exact
Peneothello cyanus,Melanodryas cyanus,avibase-D9B11F63,bugrob1,clements_english
Peneothello sigillata,Melanodryas sigillata,avibase-456CEEC0,whwrob2,clements_english
Percnostola arenarum,Percnostola arenarum,avibase-83E8F82F,allant1,exact
Percnostola rufifrons,Percnostola rufifrons,avibase-B8FE31D0,blhant3,exact
Perdicula argoondah,Perdicula argoondah,avibase-177160F1,robqua1,exact
Perdicula asiatica,Perdicula asiatica,avibase-32413666,jubqua1,exact
Perdicula erythrorhyncha,Perdicula erythrorhyncha,avibase-8E9DF823,pabqua1,exact
Perdix perdix,Perdix perdix,avibase-C013A20E,grypar,exact
Pericrocotus cantonensis,Pericrocotus cantonensis,avibase-150830DD,brrmin1,exact
Pericrocotus cinnamomeus,Pericrocotus cinnamomeus,avibase-B5C1302B,smamin1,exact
Pericrocotus divaricatus,Pericrocotus divaricatus,avibase-622DB161,ashmin1,exact
Pericrocotus erythropygius,Pericrocotus erythropygius,avibase-47EBC51F,whbmin3,exact
Pericrocotus ethologus,Pericrocotus ethologus,avibase-8F319AD8,lotmin1,exact
Pericrocotus flammeus,Pericrocotus flammeus,avibase-7F97F882,,exact
Pericrocotus solaris,Pericrocotus solaris,avibase-A3538EDB,gycmin1,exact
Pericrocotus tegimae,Pericrocotus tegimae,avibase-EB0A9E59,ryumin1,exact
Periparus ater,Periparus ater,avibase-166CD440,coatit2,exact
Periparus elegans,Periparus elegans,avibase-EF7D309C,eletit2,exact
Periparus rubidiventris,Periparus rubidiventris,avibase-D5567296,ruvtit2,exact
Periparus rufonuchalis,Periparus rufonuchalis,avibase-59DFB1CC,bkbtit2,exact
Periparus venustulus,Periparus venustulus,avibase-219D942F,yebtit4,exact
Periporphyrus erythromelas,Periporphyrus erythromelas,avibase-34DC985D,rabgro1,exact
Perisoreus canadensis,Perisoreus canadensis,avibase-69A6E32F,gryjay,exact
Perisoreus infaustus,Perisoreus infaustus,avibase-43E62467,sibjay1,exact
Perissocephalus tricolor,Perissocephalus tricolor,avibase-5E05CF2C,capuch1,exact
Pernis apivorus,Pernis apivorus,avibase-ED5A7E8F,euhbuz1,exact
Pernis ptilorhynchus,Pernis ptilorhynchus,avibase-1192205B,orihob2,exact
Petrochelidon ariel,Petrochelidon ariel,avibase-7FB74396,faimar2,exact
Petrochelidon fluvicola,Petrochelidon fluvicola,avibase-A4062482,sttswa2,exact
Petrochelidon fulva,Petrochelidon fulva,avibase-79A1EDEC,cavswa,exact
Petrochelidon nigricans,Petrochelidon nigricans,avibase-CF1BEA6B,tremar2,exact
Petrochelidon pyrrhonota,Petrochelidon pyrrhonota,avibase-F5C181CA,cliswa,exact
Petrochelidon spilodera,Petrochelidon spilodera,avibase-7D1AE743,soaswa2,exact
Petroica australis,Petroica australis,avibase-658EF0D7,nezrob3,exact
Petroica boodang,Petroica boodang,avibase-082099D1,scarob2,exact
Petroica goodenovii,Petroica goodenovii,avibase-A70DE4FC,recrob1,exact
Petroica longipes,Petroica longipes,avibase-1E93BEE8,nezrob2,exact
Petroica macrocephala,Petroica macrocephala,avibase-E0027EC9,tomtit1,exact
Petroica phoenicea,Petroica phoenicea,avibase-D3766504,flarob1,exact
Petroica pusilla,Petroica pusilla,avibase-7F84E3A3,pacrob1,exact
Petroica rodinogaster,Petroica rodinogaster,avibase-517E978A,pinrob1,exact
Petroica rosea,Petroica rosea,avibase-8CB75D93,rosrob1,exact
Petronia petronia,Petronia petronia,avibase-F8748F12,rocpet1,exact
Peucaea aestivalis,Peucaea aestivalis,avibase-DAD22BB6,bacspa,exact
Peucaea botterii,Peucaea botterii,avibase-F4C9CD76,botspa,exact
Peucaea carpalis,Peucaea carpalis,avibase-FC84F301,ruwspa,exact
Peucaea cassinii,Peucaea cassinii,avibase-B58AFD6E,casspa,exact
Peucaea humeralis,Peucaea humeralis,avibase-97A80683,blcspa1,exact
Peucaea mystacalis,Peucaea mystacalis,avibase-08253F98,brispa1,exact
Peucaea ruficauda,Peucaea ruficauda,avibase-B0C2CA36,sthspa1,exact
Peucaea sumichrasti,Peucaea sumichrasti,avibase-97AF502B,citspa1,exact
Peucedramus taeniatus,Peucedramus taeniatus,avibase-9D945327,oliwar,exact
Pezopetes capitalis,Pezopetes capitalis,avibase-EF23B33C,laffin1,exact
Pezoporus wallicus,Pezoporus wallicus,avibase-50C8A5CF,gropar1,exact
Phacellodomus dorsalis,Phacellodomus dorsalis,avibase-EC7D724B,chbtho1,exact
Phacellodomus erythrophthalmus,Phacellodomus erythrophthalmus,avibase-E1BA166E,oretho1,exact
Phacellodomus ferrugineigula,Phacellodomus ferrugineigula,avibase-829AE151,orbtho1,exact
Phacellodomus maculipectus,Phacellodomus maculipectus,avibase-59CA2B1D,spbtho1,exact
Phacellodomus ruber,Phacellodomus ruber,avibase-ABE64671,gretho2,exact
Phacellodomus rufifrons,Phacellodomus rufifrons,avibase-189CA0ED,ruftho1,exact
Phacellodomus sibilatrix,Phacellodomus sibilatrix,avibase-01BB9F45,littho1,exact
Phacellodomus striaticeps,Phacellodomus striaticeps,avibase-1C846670,stftho1,exact
Phacellodomus striaticollis,Phacellodomus striaticollis,avibase-4DF195DB,frbtho1,exact
Phaenicophaeus sumatranus,Phaenicophaeus sumatranus,avibase-104B295D,chbmal1,exact
Phaenicophaeus tristis,Phaenicophaeus tristis,avibase-147BEFCD,grbmal1,exact
Phaenicophaeus viridirostris,Phaenicophaeus viridirostris,avibase-6E40B45B,blfmal1,exact
Phaenicophilus palmarum,Phaenicophilus palmarum,avibase-0979B6B9,bcptan1,exact
Phaenostictus mcleannani,Phaenostictus mcleannani,avibase-C2AB74DB,oceant1,exact
Phaeochroa cuvierii,Phaeochroa cuvierii,avibase-058A126E,scbhum1,exact
Phaeomyias murina,Nesotriccus murinus,avibase-17E6282F,y01204,clements_english
Phaethon aethereus,Phaethon aethereus,avibase-7EE005BD,rebtro,exact
Phaethon lepturus,Phaethon lepturus,avibase-1D07B501,whttro,exact
Phaethon rubricauda,Phaethon rubricauda,avibase-C412CD62,rettro,exact
Phaethornis atrimentalis,Phaethornis atrimentalis,avibase-BF1FDF21,bkther1,exact
Phaethornis bourcieri,Phaethornis bourcieri,avibase-D666062A,stbher1,exact
Phaethornis eurynome,Phaethornis eurynome,avibase-8AB95776,scther1,exact
Phaethornis griseogularis,Phaethornis griseogularis,avibase-72304E21,gycher1,exact
Phaethornis guy,Phaethornis guy,avibase-5C47DAE8,greher1,exact
Phaethornis hispidus,Phaethornis hispidus,avibase-2FA996CE,whbher1,exact
Phaethornis longirostris,Phaethornis longirostris,avibase-E2EAB55E,lobher,exact
Phaethornis longuemareus,Phaethornis longuemareus,avibase-95CAE4C3,lither2,exact
Phaethornis malaris,Phaethornis malaris,avibase-97C2A2A4,grbher1,exact
Phaethornis nattereri,Phaethornis nattereri,avibase-9397CA04,cither1,exact
Phaethornis pretrei,Phaethornis pretrei,avibase-3338E424,plaher1,exact
Phaethornis ruber,Phaethornis ruber,avibase-1EAB2C48,redher1,exact
Phaethornis rupurumii,Phaethornis rupurumii,avibase-D7585C3D,stther1,exact
Phaethornis squalidus,Phaethornis squalidus,avibase-B9A214AC,duther1,exact
Phaethornis striigularis,Phaethornis striigularis,avibase-2FF56FC2,stther2,exact
Phaethornis superciliosus,Phaethornis superciliosus,avibase-0F0B7973,lother1,exact
Phaethornis syrmatophorus,Phaethornis syrmatophorus,avibase-F8E58273,tabher1,exact
Phaethornis yaruqui,Phaethornis yaruqui,avibase-0D34BFF1,whwher1,exact
Phaetusa simplex,Phaetusa simplex,avibase-C3C30D03,labter1,exact
Phainopepla nitens,Phainopepla nitens,avibase-BD929CBC,phaino,exact
Phalacrocorax carbo,Phalacrocorax carbo,avibase-3DF5C587,grecor,exact
Phalaenoptilus nuttallii,Phalaenoptilus nuttallii,avibase-D621FFC6,compoo,exact
Phalaropus fulicarius,Phalaropus fulicarius,avibase-18A19380,redpha1,exact
Phalaropus lobatus,Phalaropus lobatus,avibase-E6F3BA54,renpha,exact
Phalaropus tricolor,Phalaropus tricolor,avibase-667C6969,wilpha,exact
Phapitreron amethystinus,Phapitreron amethystinus,avibase-B1A4331C,amedov1,exact
Phapitreron leucotis,Phapitreron leucotis,avibase-0F267A15,whedov1,exact
Phaps chalcoptera,Phaps chalcoptera,avibase-8D30DDA6,combro1,exact
Phaps elegans,Phaps elegans,avibase-020BE546,brubro1,exact
Pharomachrus antisianus,Pharomachrus antisianus,avibase-A968CFA7,creque1,exact
Pharomachrus auriceps,Pharomachrus auriceps,avibase-A9525D74,gohque1,exact
Pharomachrus fulgidus,Pharomachrus fulgidus,avibase-A3896AE9,whtque1,exact
Pharomachrus mocinno,Pharomachrus mocinno,avibase-1F414281,resque1,exact
Pharomachrus pavoninus,Pharomachrus pavoninus,avibase-3CCFE7C8,pavque1,exact
Phasianus colchicus,Phasianus colchicus,avibase-2FA39DCD,rinphe1,exact
Phedina borbonica,Phedina borbonica,avibase-6C7BEEC6,masmar1,exact
Phegornis mitchellii,Phegornis mitchellii,avibase-0BFE075B,diaplo1,exact
Phelpsia inornata,Phelpsia inornata,avibase-A9828586,whbfly1,exact
Pheucticus aureoventris,Pheucticus aureoventris,avibase-488CD1D8,blbgro2,exact
Pheucticus chrysogaster,Pheucticus chrysogaster,avibase-B653A80B,gobgro1,exact
Pheucticus chrysopeplus,Pheucticus chrysopeplus,avibase-F600592A,yelgro,exact
Pheucticus ludovicianus,Pheucticus ludovicianus,avibase-7C2FCB13,robgro,exact
Pheucticus melanocephalus,Pheucticus melanocephalus,avibase-824361E5,bkhgro,exact
Pheucticus tibialis,Pheucticus tibialis,avibase-88213AF2,bltgro1,exact
Pheugopedius atrogularis,Pheugopedius atrogularis,avibase-2258FAE9,bltwre1,exact
Pheugopedius coraya,Pheugopedius coraya,avibase-FB669B0D,corwre1,exact
Pheugopedius eisenmanni,Pheugopedius eisenmanni,avibase-09EBF75E,incwre1,exact
Pheugopedius euophrys,Pheugopedius euophrys,avibase-B24D2A00,pltwre1,exact
Pheugopedius fasciatoventris,Pheugopedius fasciatoventris,avibase-9335AB39,blbwre1,exact
Pheugopedius felix,Pheugopedius felix,avibase-5F71C217,hapwre1,exact
Pheugopedius genibarbis,Pheugopedius genibarbis,avibase-5D5C6D51,mouwre2,exact
Pheugopedius maculipectus,Pheugopedius maculipectus,avibase-18253ACC,spbwre1,exact
Pheugopedius mystacalis,Pheugopedius mystacalis,avibase-A5AADBF7,whiwre1,exact
Pheugopedius rutilus,Pheugopedius rutilus,avibase-13450F63,rubwre1,exact
Pheugopedius sclateri,Pheugopedius sclateri,avibase-1FA5276E,spbwre2,exact
Pheugopedius spadix,Pheugopedius spadix,avibase-123847EA,sohwre1,exact
Philemon buceroides,Philemon buceroides,avibase-9EDE54C8,helfri1,exact
Philemon citreogularis,Philemon citreogularis,avibase-A8A2AE86,litfri1,exact
Philemon corniculatus,Philemon corniculatus,avibase-6AD860B6,noifri1,exact
Philentoma pyrhoptera,Philentoma pyrhoptera,avibase-B4722276,ruwphi2,exact
Philentoma velata,Philentoma velata,avibase-5D96E28C,mabphi2,exact
Philepitta schlegeli,Philepitta schlegeli,avibase-C0927887,schasi1,exact
Philesturnus rufusater,Philesturnus rufusater,avibase-431D32F7,saddle2,exact
Philetairus socius,Philetairus socius,avibase-7799DC8B,socwea1,exact
Philortyx fasciatus,Philortyx fasciatus,avibase-4DE41E52,banqua1,exact
Philydor atricapillus,Philydor atricapillus,avibase-1BE0A8B1,bcfgle1,exact
Philydor erythrocercum,Neophilydor erythrocercum,avibase-D4E8559F,rurfog1,clements_english
Philydor fuscipenne,Neophilydor fuscipenne,avibase-C1A0DE39,swfgle,clements_english
Philydor pyrrhodes,Philydor pyrrhodes,avibase-0ADC0218,crfgle1,exact
Phimosus infuscatus,Phimosus infuscatus,avibase-89289A1D,bafibi1,exact
Phlegopsis erythroptera,Phlegopsis erythroptera,avibase-17870D49,rwbeye1,exact
Phlegopsis nigromaculata,Phlegopsis nigromaculata,avibase-6FC078E5,bsbeye1,exact
Phleocryptes melanops,Phleocryptes melanops,avibase-769104DC,wrlrus1,exact
Phlogophilus hemileucurus,Phlogophilus hemileucurus,avibase-F231A8EA,ecupie1,exact
Phodilus assimilis,Phodilus assimilis,avibase-D5D7DE60,srlbao1,exact
Phodilus badius,Phodilus badius,avibase-F14E4D45,orbowl1,exact
Phoebastria immutabilis,Phoebastria immutabilis,avibase-98FB6D4B,layalb,exact
Phoebastria nigripes,Phoebastria nigripes,avibase-EE8ECB1D,bkfalb,exact
Phoenicircus carnifex,Phoenicircus carnifex,avibase-8AA20D56,gurcot1,exact
Phoenicircus nigricollis,Phoenicircus nigricollis,avibase-34A7416A,bnrcot1,exact
Phoeniconaias minor,Phoeniconaias minor,avibase-B06A9079,lesfla1,exact
Phoenicoparrus andinus,Phoenicoparrus andinus,avibase-F85B3F92,andfla2,exact
Phoenicoparrus jamesi,Phoenicoparrus jamesi,avibase-5E41A832,jamfla1,exact
Phoenicopterus chilensis,Phoenicopterus chilensis,avibase-4F28673C,chifla1,exact
Phoenicopterus roseus,Phoenicopterus roseus,avibase-0F9B5174,grefla3,exact
Phoenicopterus ruber,Phoenicopterus ruber,avibase-E3FF6313,grefla2,exact
Phoeniculus bollei,Phoeniculus bollei,avibase-D1FFB474,whhwoo1,exact
Phoeniculus purpureus,Phoeniculus purpureus,avibase-28CACA8F,grewoo2,exact
Phoenicurus auroreus,Phoenicurus auroreus,avibase-E859E499,daured1,exact
Phoenicurus frontalis,Phoenicurus frontalis,avibase-F6732792,blfred1,exact
Phoenicurus fuliginosus,Phoenicurus fuliginosus,avibase-1850B440,plured1,exact
Phoenicurus hodgsoni,Phoenicurus hodgsoni,avibase-015533E2,hodred1,exact
Phoenicurus leucocephalus,Phoenicurus leucocephalus,avibase-D2E75830,whcred1,exact
Phoenicurus moussieri,Phoenicurus moussieri,avibase-7A8D10C0,moured1,exact
Phoenicurus ochruros,Phoenicurus ochruros,avibase-612B5C24,blared1,exact
Phoenicurus phoenicurus,Phoenicurus phoenicurus,avibase-06DD9D95,comred2,exact
Pholia sharpii,Pholia sharpii,avibase-D6F2837E,shasta2,exact
Phonygammus keraudrenii,Phonygammus keraudrenii,avibase-2B543348,truman1,exact
Phragmacia substriata,Phragmacia substriata,avibase-23670191,nampri1,exact
Phrygilus atriceps,Phrygilus atriceps,avibase-EFF9D06A,bhsfin1,exact
Phrygilus gayi,Phrygilus gayi,avibase-453C47FD,gyhsif1,exact
Phrygilus patagonicus,Phrygilus patagonicus,avibase-107D1380,pasfin1,exact
Phylidonyris niger,Phylidonyris niger,avibase-F7513719,whchon2,exact
Phylidonyris novaehollandiae,Phylidonyris novaehollandiae,avibase-DF9A1A25,nehhon2,exact
Phylidonyris pyrrhopterus,Phylidonyris pyrrhopterus,avibase-220D80CB,crehon2,exact
Phyllastrephus cabanisi,Phyllastrephus cabanisi,avibase-24F71192,cabgre1,exact
Phyllastrephus cerviniventris,Phyllastrephus cerviniventris,avibase-7CE29E0E,gyogre1,exact
Phyllastrephus fischeri,Phyllastrephus fischeri,avibase-2DA2C52F,fisgre1,exact
Phyllastrephus flavostriatus,Phyllastrephus flavostriatus,avibase-651384DF,yesbul1,exact
Phyllastrephus strepitans,Phyllastrephus strepitans,avibase-29820AD9,norbro1,exact
Phyllastrephus terrestris,Phyllastrephus terrestris,avibase-07FD1D4C,terbro1,exact
Phyllergates cucullatus,Phyllergates cucullatus,avibase-39C48CCA,moutai2,exact
Phyllergates heterolaemus,Phyllergates heterolaemus,avibase-CB0748F4,ruhtai2,exact
Phyllolais pulchella,Phyllolais pulchella,avibase-DFC5A27D,bubwar2,exact
Phyllomyias burmeisteri,Acrochordopus burmeisteri,avibase-F61CF239,roltyr3,clements_english
Phyllomyias cinereiceps,Tyranniscus cinereiceps,avibase-68EA03E8,ashtyr1,clements_english
Phyllomyias fasciatus,Phyllomyias fasciatus,avibase-EAD28B9F,platyr2,exact
Phyllomyias griseiceps,Phyllomyias griseiceps,avibase-54373895,sohtyr1,exact
Phyllomyias griseocapilla,Phyllomyias griseocapilla,avibase-4EE55690,gyctyr1,exact
Phyllomyias nigrocapillus,Tyranniscus nigrocapillus,avibase-52BBDAD6,blctyr1,clements_english
Phyllomyias plumbeiceps,Phyllomyias plumbeiceps,avibase-9501B20C,plctyr1,exact
Phyllomyias sclateri,Phyllomyias sclateri,avibase-0C78B9BD,scltyr1,exact
Phyllomyias uropygialis,Tyranniscus uropygialis,avibase-CE406BCB,tartyr1,clements_english
Phyllomyias virescens,Phyllomyias virescens,avibase-EF42C6C6,gretyr1,exact
Phylloscartes ceciliae,Phylloscartes ceciliae,avibase-E7BECBF1,alatyr1,exact
Phylloscartes eximius,Pogonotriccus eximius,avibase-D1765326,sobtyr2,clements_english
Phylloscartes gualaquizae,Phylloscartes gualaquizae,avibase-4618EFE9,ecutyr1,exact
Phylloscartes kronei,Phylloscartes kronei,avibase-97DCD1A5,restyr1,exact
Phylloscartes lanyoni,Pogonotriccus lanyoni,avibase-565C6A2F,anbtyr1,clements_english
Phylloscartes ophthalmicus,Pogonotriccus ophthalmicus,avibase-060A7FB7,mfbtyr1,clements_english
Phylloscartes oustaleti,Phylloscartes oustaleti,avibase-32A18E56,oustyr1,exact
Phylloscartes parkeri,Phylloscartes parkeri,avibase-00DDD5CE,ciftyr1,exact
Phylloscartes poecilotis,Pogonotriccus poecilotis,avibase-0FE016C3,vabtyr1,clements_english
Phylloscartes roquettei,Phylloscartes roquettei,avibase-34B5008C,migtyr1,exact
Phylloscartes superciliaris,Phylloscartes superciliaris,avibase-DD6FEA78,rubtyr1,exact
Phylloscartes sylviolus,Phylloscartes sylviolus,avibase-478AB66D,bartyr1,exact
Phylloscartes ventralis,Phylloscartes ventralis,avibase-C5957BA1,moctyr2,exact
Phylloscartes virescens,Phylloscartes virescens,avibase-D7F10E84,olgtyr1,exact
Phylloscopus affinis,Phylloscopus affinis,avibase-E0C31BA6,y00989,exact
Phylloscopus armandii,Phylloscopus armandii,avibase-B763DEC5,yeswar1,exact
Phylloscopus bonelli,Phylloscopus bonelli,avibase-C00674ED,webwar1,exact
Phylloscopus borealis,Phylloscopus borealis,avibase-ECFC7E6C,arcwar1,exact
Phylloscopus borealoides,Phylloscopus borealoides,avibase-21AA0D1D,salwar1,exact
Phylloscopus budongoensis,Phylloscopus budongoensis,avibase-132E0773,ugawow1,exact
Phylloscopus burkii,Phylloscopus burkii,avibase-D83BD358,goswar1,exact
Phylloscopus calciatilis,Phylloscopus calciatilis,avibase-C24A5DDC,limlew1,exact
Phylloscopus cantator,Phylloscopus cantator,avibase-758EC511,yevwar1,exact
Phylloscopus castaniceps,Phylloscopus castaniceps,avibase-F1DD5495,chcwar2,exact
Phylloscopus chloronotus,Phylloscopus chloronotus,avibase-5D488808,parwar1,exact
Phylloscopus claudiae,Phylloscopus claudiae,avibase-0B7734A6,clalew1,exact
Phylloscopus collybita,Phylloscopus collybita,avibase-F9F4B04D,comchi1,exact
Phylloscopus coronatus,Phylloscopus coronatus,avibase-2D272F5A,eacwar1,exact
Phylloscopus emeiensis,Phylloscopus emeiensis,avibase-FFD86E74,emlwar1,exact
Phylloscopus examinandus,Phylloscopus examinandus,avibase-CF467708,arcwar2,exact
Phylloscopus forresti,Phylloscopus forresti,avibase-75889921,siclew1,exact
Phylloscopus fuligiventer,Phylloscopus fuligiventer,avibase-54BE5060,smowar1,exact
Phylloscopus fuscatus,Phylloscopus fuscatus,avibase-96819591,duswar,exact
Phylloscopus goodsoni,Phylloscopus goodsoni,avibase-C1BD4698,harlew1,exact
Phylloscopus grammiceps,Phylloscopus grammiceps,avibase-D3BF3262,sunwar1,exact
Phylloscopus griseolus,Phylloscopus griseolus,avibase-37DD095F,subwar2,exact
Phylloscopus humei,Phylloscopus humei,avibase-BC391A83,humwar1,exact
Phylloscopus ibericus,Phylloscopus ibericus,avibase-12EE678E,ibechi2,exact
Phylloscopus ijimae,Phylloscopus ijimae,avibase-87D743DD,ijlwar1,exact
Phylloscopus inornatus,Phylloscopus inornatus,avibase-0C120038,yebwar3,exact
Phylloscopus intensior,Phylloscopus intensior,avibase-81E5B0CF,davlew1,exact
Phylloscopus intermedius,Phylloscopus intermedius,avibase-1B17E3C3,whswar1,exact
Phylloscopus kansuensis,Phylloscopus kansuensis,avibase-D234BA9D,ganlew1,exact
Phylloscopus maculipennis,Phylloscopus maculipennis,avibase-E3DFBF9B,astwar2,exact
Phylloscopus magnirostris,Phylloscopus magnirostris,avibase-C31573A5,lblwar1,exact
Phylloscopus montis,Phylloscopus montis,avibase-1AFEC004,yebwar2,exact
Phylloscopus neglectus,Phylloscopus neglectus,avibase-116192F7,pllwar2,exact
Phylloscopus nitidus,Phylloscopus nitidus,avibase-3542C46B,grnwar1,exact
Phylloscopus occipitalis,Phylloscopus occipitalis,avibase-9517BF86,weclew1,exact
Phylloscopus ogilviegranti,Phylloscopus ogilviegranti,avibase-36A98202,klolew1,exact
Phylloscopus olivaceus,Phylloscopus olivaceus,avibase-A80ACEA2,phlwar1,exact
Phylloscopus omeiensis,Phylloscopus omeiensis,avibase-86B50297,marwar4,exact
Phylloscopus orientalis,Phylloscopus orientalis,avibase-666F9FC9,eabwar1,exact
Phylloscopus plumbeitarsus,Phylloscopus plumbeitarsus,avibase-38C788AE,grewar2,exact
Phylloscopus poliocephalus,Phylloscopus poliocephalus,avibase-E786627E,islwar1,exact
Phylloscopus poliogenys,Phylloscopus poliogenys,avibase-C8AB31F2,gycwar2,exact
Phylloscopus proregulus,Phylloscopus proregulus,avibase-943E36CA,palwar5,exact
Phylloscopus pulcher,Phylloscopus pulcher,avibase-56F0521E,bubwar1,exact
Phylloscopus reguloides,Phylloscopus reguloides,avibase-1219F329,blylew1,exact
Phylloscopus ruficapilla,Phylloscopus ruficapilla,avibase-F6B77E64,yetwow1,exact
Phylloscopus sarasinorum,Phylloscopus sarasinorum,avibase-AB9B9FEF,sulwar3,exact
Phylloscopus schwarzi,Phylloscopus schwarzi,avibase-9A536399,radwar1,exact
Phylloscopus sibilatrix,Phylloscopus sibilatrix,avibase-572C4C7F,woowar,exact
Phylloscopus sindianus,Phylloscopus sindianus,avibase-F05BA180,mouchi2,exact
Phylloscopus soror,Phylloscopus soror,avibase-65EA17D9,pltwar1,exact
Phylloscopus subaffinis,Phylloscopus subaffinis,avibase-CACE0EBE,butwar1,exact
Phylloscopus subviridis,Phylloscopus subviridis,avibase-3827F740,brlwar1,exact
Phylloscopus tenellipes,Phylloscopus tenellipes,avibase-D0FA2385,pllwar1,exact
Phylloscopus tephrocephalus,Phylloscopus tephrocephalus,avibase-5ED14FEA,gycwar1,exact
Phylloscopus trivirgatus,Phylloscopus trivirgatus,avibase-729B0E98,mouwar2,exact
Phylloscopus trochiloides,Phylloscopus trochiloides,avibase-23EF1BD9,grewar3,exact
Phylloscopus trochilus,Phylloscopus trochilus,avibase-88F4B969,wlwwar,exact
Phylloscopus tytleri,Phylloscopus tytleri,avibase-EA9942E7,tylwar1,exact
Phylloscopus umbrovirens,Phylloscopus umbrovirens,avibase-E22B8495,brwwar1,exact
Phylloscopus valentini,Phylloscopus valentini,avibase-6A26566D,biawar1,exact
Phylloscopus whistleri,Phylloscopus whistleri,avibase-6011D298,whiwar2,exact
Phylloscopus xanthodryas,Phylloscopus xanthodryas,avibase-C794AF7E,arcwar3,exact
Phylloscopus xanthoschistos,Phylloscopus xanthoschistos,avibase-AA897420,gyhwar2,exact
Phylloscopus yunnanensis,Phylloscopus yunnanensis,avibase-5A696583,chilew1,exact
Phytotoma raimondii,Phytotoma raimondii,avibase-0251A809,perpla1,exact
Phytotoma rara,Phytotoma rara,avibase-D0CCD452,rutpla1,exact
Phytotoma rutila,Phytotoma rutila,avibase-D4C50D3B,whtpla1,exact
Piaya cayana,Piaya cayana,avibase-F549E115,squcuc1,exact
Piaya melanogaster,Piaya melanogaster,avibase-1AE8B7CD,blbcuc1,exact
Pica bottanensis,Pica bottanensis,avibase-44F22552,eurmag6,exact
Pica hudsonia,Pica hudsonia,avibase-640D71AA,bkbmag1,exact
Pica nuttalli,Pica nuttallii,avibase-538A9CA7,yebmag,clements_english
Pica pica,Pica pica,avibase-FBBBA943,eurmag1,exact
Pica serica,Pica serica,avibase-7D3B961F,orimag1,exact
Picoides arcticus,Picoides arcticus,avibase-6BDADC9C,bkbwoo,exact
Picoides dorsalis,Picoides dorsalis,avibase-6D2680D0,attwoo1,exact
Picoides tridactylus,Picoides tridactylus,avibase-05B8A4F1,ettwoo1,exact
Piculus aurulentus,Piculus aurulentus,avibase-00CCDD79,whbwoo7,exact
Piculus callopterus,Piculus callopterus,avibase-5C2BF5D0,stcwoo1,exact
Piculus chrysochloros,Piculus chrysochloros,avibase-3EB825D5,gogwoo1,exact
Piculus flavigula,Piculus flavigula,avibase-7DC1431E,yetwoo1,exact
Piculus leucolaemus,Piculus leucolaemus,avibase-B18AF355,whtwoo2,exact
Picumnus albosquamatus,Picumnus albosquamatus,avibase-5725BD3D,whwpic1,exact
Picumnus aurifrons,Picumnus aurifrons,avibase-5095CDB1,babpic1,exact
Picumnus cinnamomeus,Picumnus cinnamomeus,avibase-5945045B,chepic1,exact
Picumnus cirratus,Picumnus cirratus,avibase-81D359BF,whbpic1,exact
Picumnus dorbignyanus,Picumnus dorbignyanus,avibase-4E4CAAFD,ocepic2,exact
Picumnus exilis,Picumnus exilis,avibase-8D12FB60,gospic1,exact
Picumnus granadensis,Picumnus granadensis,avibase-2A87E89C,grapic1,exact
Picumnus innominatus,Picumnus innominatus,avibase-2458C837,spepic1,exact
Picumnus lafresnayi,Picumnus lafresnayi,avibase-53386238,lafpic1,exact
Picumnus limae,Picumnus limae,avibase-73288CF7,ochpic1,exact
Picumnus nebulosus,Picumnus nebulosus,avibase-2F1E9B61,motpic1,exact
Picumnus olivaceus,Picumnus olivaceus,avibase-B190788A,olipic1,exact
Picumnus pygmaeus,Picumnus pygmaeus,avibase-13CA5483,spopic1,exact
Picumnus rufiventris,Picumnus rufiventris,avibase-15C88984,rubpic1,exact
Picumnus sclateri,Picumnus sclateri,avibase-1C0BC077,ecupic1,exact
Picumnus spilogaster,Picumnus spilogaster,avibase-58A28C6E,whbpic2,exact
Picumnus squamulatus,Picumnus squamulatus,avibase-7C5E211B,scapic1,exact
Picumnus temminckii,Picumnus temminckii,avibase-52B00F21,occpic1,exact
Picus awokera,Picus awokera,avibase-F60C59CD,japwoo1,exact
Picus canus,Picus canus,avibase-BC863B3A,gyfwoo1,exact
Picus chlorolophus,Picus chlorolophus,avibase-E9C639F2,lesyel1,exact
Picus erythropygius,Picus erythropygius,avibase-12CA8603,blhwoo1,exact
Picus puniceus,Picus puniceus,avibase-3425FAE7,crwwoo1,exact
Picus sharpei,Picus sharpei,avibase-3D0793B8,grnwoo3,exact
Picus squamatus,Picus squamatus,avibase-886871E9,scbwoo1,exact
Picus vaillantii,Picus vaillantii,avibase-42CF31E9,levwoo1,exact
Picus viridis,Picus viridis,avibase-A01014FF,eugwoo2,exact
Picus vittatus,Picus vittatus,avibase-6808E3D4,lacwoo1,exact
Picus xanthopygaeus,Picus xanthopygaeus,avibase-8B89B332,sttwoo1,exact
Pinicola enucleator,Pinicola enucleator,avibase-83AC4DAD,pingro,exact
Pionites leucogaster,Pionites leucogaster,avibase-7FEDAAAB,whbpar1,exact
Pionites melanocephalus,Pionites melanocephalus,avibase-C0827011,blhpar4,exact
Pionopsitta pileata,Pionopsitta pileata,avibase-7E10A5B9,recpar3,exact
Pionus chalcopterus,Pionus chalcopterus,avibase-3B0B6BD9,brwpar1,exact
Pionus fuscus,Pionus fuscus,avibase-1A87E3A9,duspar1,exact
Pionus maximiliani,Pionus maximiliani,avibase-FAC09D76,schpar1,exact
Pionus menstruus,Pionus menstruus,avibase-FF68945E,blhpar1,exact
Pionus senilis,Pionus senilis,avibase-F1202D11,whcpar,exact
Pionus sordidus,Pionus sordidus,avibase-7BAAE4E3,rebpar2,exact
Pionus tumultuosus,Pionus tumultuosus,avibase-93DC24A5,spfpar1,exact
Pipile cujubi,Pipile cujubi,avibase-B261EA96,rtpgua1,exact
Pipile cumanensis,Pipile cumanensis,avibase-0440B291,butpig1,exact
Pipilo chlorurus,Pipilo chlorurus,avibase-45D829B3,gnttow,exact
Pipilo erythrophthalmus,Pipilo erythrophthalmus,avibase-6090278A,eastow,exact
Pipilo maculatus,Pipilo maculatus,avibase-58E25701,spotow,exact
Pipilo ocai,Pipilo ocai,avibase-3900E731,coltow1,exact
Pipra aureola,Pipra aureola,avibase-DD78BCB6,crhman1,exact
Pipra fasciicauda,Pipra fasciicauda,avibase-8FB9A452,batman1,exact
Pipra filicauda,Pipra filicauda,avibase-3B5C0E15,witman2,exact
Pipraeidea melanonota,Pipraeidea melanonota,avibase-F403E113,fabtan1,exact
Pipreola arcuata,Pipreola arcuata,avibase-492611EA,barfru1,exact
Pipreola aureopectus,Pipreola aureopectus,avibase-BD7AF085,gobfru1,exact
Pipreola formosa,Pipreola formosa,avibase-B8C056DE,hanfru1,exact
Pipreola frontalis,Pipreola frontalis,avibase-A8BF2A45,scbfru1,exact
Pipreola intermedia,Pipreola intermedia,avibase-CE224C6D,batfru1,exact
Pipreola jucunda,Pipreola jucunda,avibase-3793CD75,orbfru1,exact
Pipreola lubomirskii,Pipreola lubomirskii,avibase-2B9CF96A,blcfru1,exact
Pipreola riefferii,Pipreola riefferii,avibase-FCFD1688,gabfru1,exact
Pipreola whitelyi,Pipreola whitelyi,avibase-145B20DB,rebfru1,exact
Piprites chloris,Piprites chloris,avibase-74EC83F7,wibpip1,exact
Piprites griseiceps,Piprites griseiceps,avibase-8CED4737,grhpip1,exact
Piprites pileata,Piprites pileata,avibase-680DC17D,bkcpip1,exact
Piranga bidentata,Piranga bidentata,avibase-3C3C23CA,flctan,exact
Piranga erythrocephala,Piranga erythrocephala,avibase-26AED277,rehtan1,exact
Piranga flava,Piranga flava,avibase-083E787F,heptan,exact
Piranga leucoptera,Piranga leucoptera,avibase-CA0D68AE,whwtan1,exact
Piranga ludoviciana,Piranga ludoviciana,avibase-0ADA5F17,westan,exact
Piranga olivacea,Piranga olivacea,avibase-42101632,scatan,exact
Piranga roseogularis,Piranga roseogularis,avibase-34CA36B2,rottan1,exact
Piranga rubra,Piranga rubra,avibase-891798D9,sumtan,exact
Piranga rubriceps,Piranga rubriceps,avibase-0830FB52,rehtan2,exact
Pitangus lictor,Philohydor lictor,avibase-5B0BE8AD,leskis1,clements_english
Pitangus sulphuratus,Pitangus sulphuratus,avibase-9C883C7B,grekis,exact
Pithecophaga jefferyi,Pithecophaga jefferyi,avibase-B3B046EC,grpeag1,exact
Pithys albifrons,Pithys albifrons,avibase-A7350D05,whpant1,exact
Pitohui kirhocephalus,Pitohui kirhocephalus,avibase-AAB44A3F,varpit2,exact
Pitta brachyura,Pitta brachyura,avibase-DE63114F,indpit1,exact
Pitta elegans,Pitta elegans,avibase-1267C963,elepit7,exact
Pitta maxima,Pitta maxima,avibase-1F85F07D,ivbpit1,exact
Pitta megarhyncha,Pitta megarhyncha,avibase-B882013B,manpit1,exact
Pitta moluccensis,Pitta moluccensis,avibase-AA127B89,blwpit1,exact
Pitta nympha,Pitta nympha,avibase-0ECBA406,faipit1,exact
Pitta sordida,Pitta sordida,avibase-7205A703,wehpit1,exact
Pitta steerii,Pitta steerii,avibase-7B5AEE20,azbpit1,exact
Pitta versicolor,Pitta versicolor,avibase-1A23027E,noipit1,exact
Pittasoma michleri,Pittasoma michleri,avibase-DC49C290,blcant1,exact
Pittasoma rufopileatum,Pittasoma rufopileatum,avibase-98B2F147,rucant3,exact
Pityriasis gymnocephala,Pityriasis gymnocephala,avibase-5B196640,borbri1,exact
Platalea ajaja,Platalea ajaja,avibase-70924157,rosspo1,exact
Platalea leucorodia,Platalea leucorodia,avibase-A0A584C1,eurspo1,exact
Platycercus adscitus,Platycercus adscitus,avibase-CEF31CF5,pahros1,exact
Platycercus caledonicus,Platycercus caledonicus,avibase-DCC3878A,greros2,exact
Platycercus elegans,Platycercus elegans,avibase-C343ED67,criros2,exact
Platycercus eximius,Platycercus eximius,avibase-69F0C9FF,easros1,exact
Platylophus galericulatus,Platylophus galericulatus,avibase-0C6B4B57,crejay1,exact
Platyrinchus cancrominus,Platyrinchus cancrominus,avibase-BEA50A11,sttspa1,exact
Platyrinchus coronatus,Platyrinchus coronatus,avibase-E411C4C0,gocspa1,exact
Platyrinchus flavigularis,Platyrinchus flavigularis,avibase-DF470AA2,yetspa1,exact
Platyrinchus leucoryphus,Platyrinchus leucoryphus,avibase-55B471DF,ruwspa1,exact
Platyrinchus mystaceus,Platyrinchus mystaceus,avibase-F0BFC39B,whtspa1,exact
Platyrinchus platyrhynchos,Platyrinchus platyrhynchos,avibase-5A40987F,whcspa1,exact
Platyrinchus saturatus,Platyrinchus saturatus,avibase-38DF7456,cicspa1,exact
Platysmurus leucopterus,Platysmurus leucopterus,avibase-26DBCCE0,blkmag1,exact
Platysteira blissetti,Platysteira blissetti,avibase-5369EE11,rcweye1,exact
Platysteira castanea,Dyaphorophyia castanea,avibase-8D562259,chweye1,clements_english
Platysteira concreta,Platysteira concreta,avibase-3B66D504,ybweye1,exact
Platysteira cyanea,Platysteira cyanea,avibase-E15225F1,btweye2,exact
Platysteira peltata,Platysteira peltata,avibase-16935B44,btweye1,exact
Plectorhyncha lanceolata,Plectorhyncha lanceolata,avibase-37E7828E,strhon1,exact
Plectrophenax hyperboreus,Plectrophenax hyperboreus,avibase-85BA79C0,mckbun,exact
Plectrophenax nivalis,Plectrophenax nivalis,avibase-9BEBC025,snobun,exact
Plegadis chihi,Plegadis chihi,avibase-FD2B0309,whfibi,exact
Plegadis falcinellus,Plegadis falcinellus,avibase-D4540F88,gloibi,exact
Plegadis ridgwayi,Plegadis ridgwayi,avibase-A3ED02A0,punibi1,exact
Plocepasser mahali,Plocepasser mahali,avibase-94C71DF6,wbswea1,exact
Plocepasser superciliosus,Plocepasser superciliosus,avibase-2C504059,ccswea1,exact
Ploceus baglafecht,Ploceus baglafecht,avibase-BE1FE156,bagwea1,exact
Ploceus bicolor,Ploceus bicolor,avibase-70312286,forwea1,exact
Ploceus capensis,Ploceus capensis,avibase-9526D2F3,capwea1,exact
Ploceus cucullatus,Ploceus cucullatus,avibase-E8AA9E1C,vilwea1,exact
Ploceus galbula,Ploceus galbula,avibase-9F7489D0,ruewea1,exact
Ploceus hypoxanthus,Ploceus hypoxanthus,avibase-1203E244,asgwea2,exact
Ploceus intermedius,Ploceus intermedius,avibase-E069A0BB,lesmaw1,exact
Ploceus jacksoni,Ploceus jacksoni,avibase-DF0759C0,gobwea1,exact
Ploceus luteolus,Ploceus luteolus,avibase-1373D324,litwea1,exact
Ploceus manyar,Ploceus manyar,avibase-29FF745B,strwea2,exact
Ploceus melanocephalus,Ploceus melanocephalus,avibase-19D053B3,blhwea1,exact
Ploceus nelicourvi,Ploceus nelicourvi,avibase-263E6762,nelwea1,exact
Ploceus nigerrimus,Ploceus nigerrimus,avibase-20D915AD,viewea3,exact
Ploceus nigricollis,Ploceus nigricollis,avibase-55997100,bknwea2,exact
Ploceus ocularis,Ploceus ocularis,avibase-CA4839B2,spewea1,exact
Ploceus philippinus,Ploceus philippinus,avibase-03DE2091,baywea1,exact
Ploceus sakalava,Ploceus sakalava,avibase-E979E67D,sakwea1,exact
Ploceus spekei,Ploceus spekei,avibase-4DC2B23C,spewea2,exact
Ploceus subaureus,Ploceus subaureus,avibase-86BEAFA6,afgwea1,exact
Ploceus velatus,Ploceus velatus,avibase-A36C5049,afmwea,exact
Ploceus vitellinus,Ploceus vitellinus,avibase-FC6C191F,vimwea1,exact
Ploceus xanthops,Ploceus xanthops,avibase-2D86B0D2,hogwea1,exact
Ploceus xanthopterus,Ploceus xanthopterus,avibase-E72166BD,sbtwea1,exact
Pluvialis apricaria,Pluvialis apricaria,avibase-25A20BA6,eugplo,exact
Pluvialis dominica,Pluvialis dominica,avibase-2143A852,amgplo,exact
Pluvialis fulva,Pluvialis fulva,avibase-07C11CF3,pagplo,exact
Pluvialis squatarola,Pluvialis squatarola,avibase-27903EF7,bkbplo,exact
Pnoepyga albiventer,Pnoepyga albiventer,avibase-8E94E596,scbcup3,exact
Pnoepyga formosana,Pnoepyga formosana,avibase-61908368,taiwrb1,exact
Pnoepyga immaculata,Pnoepyga immaculata,avibase-F2E7531F,immwrb1,exact
Pnoepyga pusilla,Pnoepyga pusilla,avibase-EBDB2EF8,pywbab1,exact
Podargus ocellatus,Podargus ocellatus,avibase-A9003A7B,marfro1,exact
Podargus strigoides,Podargus strigoides,avibase-8500F130,tawfro1,exact
Podiceps auritus,Podiceps auritus,avibase-018B3169,horgre,exact
Podiceps cristatus,Podiceps cristatus,avibase-8F269702,grcgre1,exact
Podiceps gallardoi,Podiceps gallardoi,avibase-A17592A3,hoogre1,exact
Podiceps grisegena,Podiceps grisegena,avibase-1CBD2CED,rengre,exact
Podiceps major,Podiceps major,avibase-EA53492B,gregre1,exact
Podiceps nigricollis,Podiceps nigricollis,avibase-32DCEC14,eargre,exact
Podiceps occipitalis,Podiceps occipitalis,avibase-C0F86DA2,silgre1,exact
Podilymbus podiceps,Podilymbus podiceps,avibase-9A8E55D0,pibgre,exact
Podoces hendersoni,Podoces hendersoni,avibase-AF49B4CF,mogjay1,exact
Poecile atricapillus,Poecile atricapillus,avibase-B1F0CC82,bkcchi,exact
Poecile carolinensis,Poecile carolinensis,avibase-F941AAD3,carchi,exact
Poecile cinctus,Poecile cinctus,avibase-67504FA2,gyhchi,exact
Poecile gambeli,Poecile gambeli,avibase-DE0971C1,mouchi,exact
Poecile hudsonicus,Poecile hudsonicus,avibase-68887DE7,borchi2,exact
Poecile lugubris,Poecile lugubris,avibase-CEC34DA4,somtit3,exact
Poecile montanus,Poecile montanus,avibase-F963401E,wiltit1,exact
Poecile palustris,Poecile palustris,avibase-523763E5,martit2,exact
Poecile rufescens,Poecile rufescens,avibase-FF592882,chbchi,exact
Poecile sclateri,Poecile sclateri,avibase-E0270E9E,mexchi,exact
Poecile weigoldicus,Poecile weigoldicus,avibase-F87BD3E7,sictit1,exact
Poecilodryas hypoleuca,Poecilodryas hypoleuca,avibase-A4623B67,blsrob2,exact
Poecilostreptus cabanisi,Poecilostreptus cabanisi,avibase-62E26A11,azrtan1,exact
Poecilostreptus palmeri,Poecilostreptus palmeri,avibase-8298ABC5,gagtan1,exact
Poecilotriccus albifacies,Poecilotriccus albifacies,avibase-4BEBB090,wcttyr1,exact
Poecilotriccus calopterus,Poecilotriccus calopterus,avibase-A4A6DEC1,gowtof1,exact
Poecilotriccus capitalis,Poecilotriccus capitalis,avibase-978B53CA,bawtyr1,exact
Poecilotriccus fumifrons,Poecilotriccus fumifrons,avibase-7B80B483,smftof1,exact
Poecilotriccus latirostris,Poecilotriccus latirostris,avibase-106B40D1,ruftof1,exact
Poecilotriccus luluae,Poecilotriccus luluae,avibase-DB8D17D3,johtot1,exact
Poecilotriccus plumbeiceps,Poecilotriccus plumbeiceps,avibase-712D944F,ocftof1,exact
Poecilotriccus ruficeps,Poecilotriccus ruficeps,avibase-E353EA71,rcttyr1,exact
Poecilotriccus russatus,Poecilotriccus russatus,avibase-E847F0D4,rudtof1,exact
Poecilotriccus sylvia,Poecilotriccus sylvia,avibase-579EA7EA,shtfly1,exact
Pogoniulus atroflavus,Pogoniulus atroflavus,avibase-90373466,rertin1,exact
Pogoniulus bilineatus,Pogoniulus bilineatus,avibase-7749C92B,yertin1,exact
Pogoniulus chrysoconus,Pogoniulus chrysoconus,avibase-2F467821,yeftin1,exact
Pogoniulus leucomystax,Pogoniulus leucomystax,avibase-7BEB0003,moutin1,exact
Pogoniulus pusillus,Pogoniulus pusillus,avibase-073ECE32,reftin4,exact
Pogoniulus scolopaceus,Pogoniulus scolopaceus,avibase-EEA161A8,spetin1,exact
Pogoniulus simplex,Pogoniulus simplex,avibase-5238FF10,gretin2,exact
Pogoniulus subsulphureus,Pogoniulus subsulphureus,avibase-523991EF,yettin1,exact
Pogonocichla stellata,Pogonocichla stellata,avibase-230A0342,whsrob1,exact
Poicephalus cryptoxanthus,Poicephalus cryptoxanthus,avibase-4A039821,brhpar2,exact
Poicephalus fuscicollis,Poicephalus fuscicollis,avibase-0EB10DB3,brnpar1,exact
Poicephalus meyeri,Poicephalus meyeri,avibase-0ECD9D58,meypar1,exact
Poicephalus robustus,Poicephalus robustus,avibase-2F4B17A7,bnnpar2,exact
Poicephalus rufiventris,Poicephalus rufiventris,avibase-69661C7D,rebpar1,exact
Poicephalus senegalus,Poicephalus senegalus,avibase-D7F9C6B5,senpar,exact
Poliocrania exsul,Poliocrania exsul,avibase-B61DB943,chbant1,exact
Poliolimnas cinereus,Poliolimnas cinereus,avibase-498A4369,whbcra1,exact
Polioptila albiloris,Polioptila albiloris,avibase-50735F3E,whlgna2,exact
Polioptila bilineata,Polioptila bilineata,avibase-70A56DCB,trogna2,exact
Polioptila caerulea,Polioptila caerulea,avibase-A15C5071,buggna,exact
Polioptila californica,Polioptila californica,avibase-A0015FD7,calgna,exact
Polioptila dumicola,Polioptila dumicola,avibase-B47F0D81,masgna1,exact
Polioptila lactea,Polioptila lactea,avibase-CB41276B,crbgna1,exact
Polioptila lembeyei,Polioptila lembeyei,avibase-70D28286,cubgna1,exact
Polioptila melanura,Polioptila melanura,avibase-C05CE29C,bktgna,exact
Polioptila nigriceps,Polioptila nigriceps,avibase-A6C81FC1,bkcgna,exact
Polioptila plumbea,Polioptila plumbea,avibase-8412E21B,trogna1,exact
Polioptila schistaceigula,Polioptila schistaceigula,avibase-07742DD4,sltgna1,exact
Polyboroides typus,Polyboroides typus,avibase-C505EA72,afhhaw1,exact
Polyerata amabilis,Polyerata amabilis,avibase-98B261C6,blchum1,exact
Polyerata decora,Polyerata decora,avibase-F3516A3B,chahum1,exact
Polyplectron bicalcaratum,Polyplectron bicalcaratum,avibase-824E5471,grypep2,exact
Polyplectron chalcurum,Polyplectron chalcurum,avibase-BC793E06,btpphe1,exact
Polyplectron germaini,Polyplectron germaini,avibase-9BB6A6B4,gepphe1,exact
Polyplectron malacense,Polyplectron malacense,avibase-DBFC1B0C,mapphe1,exact
Polystictus pectoralis,Polystictus pectoralis,avibase-5439BFE4,beatac1,exact
Polystictus superciliaris,Polystictus superciliaris,avibase-AECDB141,gybtac1,exact
Polytelis anthopeplus,Polytelis anthopeplus,avibase-6F2B75C0,regpar1,exact
Polytelis swainsonii,Polytelis swainsonii,avibase-CF255B3F,suppar1,exact
Polytmus guainumbi,Polytmus guainumbi,avibase-D78E94DF,whtgol1,exact
Polytmus theresiae,Polytmus theresiae,avibase-5CA2331E,grtgol1,exact
Pomatorhinus ferruginosus,Pomatorhinus ferruginosus,avibase-67CF1812,cobscb1,exact
Pomatorhinus horsfieldii,Pomatorhinus horsfieldii,avibase-212FC793,insbab1,exact
Pomatorhinus melanurus,Pomatorhinus melanurus,avibase-8E59544F,srlscb1,exact
Pomatorhinus montanus,Pomatorhinus montanus,avibase-D51463C5,chbscb1,exact
Pomatorhinus musicus,Pomatorhinus musicus,avibase-A37AFA6B,taiscb1,exact
Pomatorhinus ochraceiceps,Pomatorhinus ochraceiceps,avibase-37488194,rbsbab1,exact
Pomatorhinus ruficollis,Pomatorhinus ruficollis,avibase-52B6BCA0,sbsbab3,exact
Pomatorhinus schisticeps,Pomatorhinus schisticeps,avibase-E2E9A295,wbsbab1,exact
Pomatorhinus superciliaris,Pomatorhinus superciliaris,avibase-F2705CFE,sbsbab1,exact
Pomatostomus ruficeps,Pomatostomus ruficeps,avibase-3931158F,chcbab2,exact
Pomatostomus superciliosus,Pomatostomus superciliosus,avibase-F21DB41D,whbbab3,exact
Pomatostomus temporalis,Pomatostomus temporalis,avibase-B783AA95,gycbab1,exact
Poodytes gramineus,Poodytes gramineus,avibase-297C0D49,litgra1,exact
Poodytes punctatus,Poodytes punctatus,avibase-8D80B965,fernbi1,exact
Pooecetes gramineus,Pooecetes gramineus,avibase-3647E146,vesspa,exact
Poospiza nigrorufa,Poospiza nigrorufa,avibase-6166BBAF,barwaf1,exact
Porphyrio flavirostris,Porphyrio flavirostris,avibase-1CE84B66,azugal1,exact
Porphyrio martinica,Porphyrio martinica,avibase-72A4F8EB,purgal2,exact
Porphyrio porphyrio,Porphyrio porphyrio,avibase-AC1E791E,purswa,exact
Porphyriops melanops,Porphyriops melanops,avibase-43AF4EA8,spfgal1,exact
Porzana carolina,Porzana carolina,avibase-2CC21529,sora,exact
Porzana porzana,Porzana porzana,avibase-460708F9,spocra1,exact
Porzana spiloptera,Laterallus spiloptera,avibase-AB374CD7,dowcra1,clements_english
Premnoplex brunnescens,Premnoplex brunnescens,avibase-B023E378,spobar1,exact
Premnornis guttuliger,Premnornis guttuliger,avibase-039C6E39,ruwbar1,exact
Primolius auricollis,Primolius auricollis,avibase-50E2CC40,yecmac,exact
Primolius couloni,Primolius couloni,avibase-5162EBDF,buhmac1,exact
Primolius maracana,Primolius maracana,avibase-A6B715E5,buwmac1,exact
Prinia atrogularis,Prinia atrogularis,avibase-9A72741D,hilpri1,exact
Prinia bairdii,Prinia bairdii,avibase-C54D2FEE,banpri1,exact
Prinia buchanani,Prinia buchanani,avibase-AC892456,rufpri2,exact
Prinia crinigera,Prinia crinigera,avibase-FD81168B,strpri2,exact
Prinia erythroptera,Prinia erythroptera,avibase-C67FD539,rewpri1,exact
Prinia familiaris,Prinia familiaris,avibase-49F183EA,bawpri1,exact
Prinia flavicans,Prinia flavicans,avibase-10988568,blcpri1,exact
Prinia flaviventris,Prinia flaviventris,avibase-3673189E,yebpri1,exact
Prinia gracilis,Prinia gracilis,avibase-0FB5894F,grapri1,exact
Prinia hodgsonii,Prinia hodgsonii,avibase-C29B19D7,gybpri1,exact
Prinia hypoxantha,Prinia hypoxantha,avibase-36261312,drapri1,exact
Prinia inornata,Prinia inornata,avibase-465145E5,plapri1,exact
Prinia lepida,Prinia lepida,avibase-8C3D3992,delpri1,exact
Prinia maculosa,Prinia maculosa,avibase-4CDA27A3,karpri1,exact
Prinia polychroa,Prinia polychroa,avibase-E6FA239A,bropri1,exact
Prinia rufescens,Prinia rufescens,avibase-892900C9,rufpri1,exact
Prinia rufifrons,Prinia rufifrons,avibase-D8177CEC,refwar2,exact
Prinia socialis,Prinia socialis,avibase-0E6F19BB,ashpri1,exact
Prinia striata,Prinia striata,avibase-76B7FC0A,strpri8,exact
Prinia subflava,Prinia subflava,avibase-63F72CA7,tafpri1,exact
Prinia superciliaris,Prinia superciliaris,avibase-9F434A62,hilpri2,exact
Prinia sylvatica,Prinia sylvatica,avibase-7939B436,junpri1,exact
Prionochilus maculatus,Prionochilus maculatus,avibase-8387A208,yebflo2,exact
Prionochilus thoracicus,Prionochilus thoracicus,avibase-A6B4FA85,scbflo2,exact
Prionochilus xanthopygius,Prionochilus xanthopygius,avibase-9C17341F,yerflo1,exact
Prionops plumatus,Prionops plumatus,avibase-3996ECD0,whihel1,exact
Prionops retzii,Prionops retzii,avibase-5B9EA71C,rethel1,exact
Priotelus roseigaster,Priotelus roseigaster,avibase-D0BAA2BA,histro1,exact
Priotelus temnurus,Priotelus temnurus,avibase-0FB04758,cubtro1,exact
Probosciger aterrimus,Probosciger aterrimus,avibase-ADC0F261,palcoc1,exact
Procarduelis nipalensis,Procarduelis nipalensis,avibase-9058051F,dabros1,exact
Procnias albus,Procnias albus,avibase-756A7501,whibel2,exact
Procnias averano,Procnias averano,avibase-C5682CE4,beabel1,exact
Procnias nudicollis,Procnias nudicollis,avibase-B5B626C7,batbel1,exact
Procnias tricarunculatus,Procnias tricarunculatus,avibase-7818C61C,thwbel,exact
Progne chalybea,Progne chalybea,avibase-ECA64B18,gybmar,exact
Progne elegans,Progne elegans,avibase-AF527712,soumar,exact
Progne subis,Progne subis,avibase-ACB9D1C6,purmar,exact
Progne tapera,Progne tapera,avibase-9BC43968,brcmar1,exact
Promerops cafer,Promerops cafer,avibase-AEE09552,capsug1,exact
Prosopeia personata,Prosopeia personata,avibase-727125B5,maspar2,exact
Prosopeia tabuensis,Prosopeia tabuensis,avibase-EDBDE745,respar1,exact
Prosthemadera novaeseelandiae,Prosthemadera novaeseelandiae,avibase-0A0D3BB9,tui1,exact
Protonotaria citrea,Protonotaria citrea,avibase-4D08EE7E,prowar,exact
Prunella collaris,Prunella collaris,avibase-A783468F,alpacc1,exact
Prunella fulvescens,Prunella fulvescens,avibase-AEBE407C,broacc1,exact
Prunella modularis,Prunella modularis,avibase-26530C86,dunnoc1,exact
Prunella montanella,Prunella montanella,avibase-D3220040,sibacc,exact
Prunella ocularis,Prunella ocularis,avibase-1518EDFA,radacc2,exact
Prunella rubeculoides,Prunella rubeculoides,avibase-0158561B,robacc1,exact
Prunella strophiata,Prunella strophiata,avibase-68193296,rubacc1,exact
Psalidoprocne pristoptera,Psalidoprocne pristoptera,avibase-4AC57370,blksaw1,exact
Psaltriparus minimus,Psaltriparus minimus,avibase-AE37ED4D,bushti,exact
Psarisomus dalhousiae,Psarisomus dalhousiae,avibase-63944E03,lotbro1,exact
Psarocolius angustifrons,Psarocolius angustifrons,avibase-A7ED11A4,ruboro1,exact
Psarocolius atrovirens,Psarocolius atrovirens,avibase-9EAB043D,dugoro1,exact
Psarocolius bifasciatus,Psarocolius bifasciatus,avibase-F1A7591B,olioro1,exact
Psarocolius decumanus,Psarocolius decumanus,avibase-509940AF,creoro1,exact
Psarocolius montezuma,Psarocolius montezuma,avibase-156BF650,monoro1,exact
Psarocolius viridis,Psarocolius viridis,avibase-FC234BA1,greoro1,exact
Psarocolius wagleri,Psarocolius wagleri,avibase-0B4AD6B3,chhoro1,exact
Psephotus haematonotus,Psephotus haematonotus,avibase-D50BD34B,rerpar1,exact
Psephotus varius,Psephotellus varius,avibase-E3EDF6CC,mulpar1,clements_english
Pseudasthenes humicola,Pseudasthenes humicola,avibase-036BA013,dutcan1,exact
Pseudastur albicollis,Pseudastur albicollis,avibase-E35448DE,whihaw1,exact
Pseudastur occidentalis,Pseudastur occidentalis,avibase-D0723571,gybhaw2,exact
Pseudelaenia leucospodia,Pseudelaenia leucospodia,avibase-C4148CBF,gawtyr2,exact
Pseudeos cardinalis,Chalcopsitta cardinalis,avibase-E8C9F4D3,carlor1,clements_english
Pseudibis papillosa,Pseudibis papillosa,avibase-2B954EC3,renibi1,exact
Pseudocolaptes boissonneautii,Pseudocolaptes boissonneautii,avibase-0898B91B,strtuf1,exact
Pseudocolaptes lawrencii,Pseudocolaptes lawrencii,avibase-74CEB92D,buftuf1,exact
Pseudocolopteryx citreola,Pseudocolopteryx citreola,avibase-74F4A6E7,ticdor1,exact
Pseudocolopteryx dinelliana,Pseudocolopteryx dinelliana,avibase-5366CBA4,dindor2,exact
Pseudocolopteryx flaviventris,Pseudocolopteryx flaviventris,avibase-F9F05396,wardor1,exact
Pseudocolopteryx sclateri,Pseudocolopteryx sclateri,avibase-1CE408B6,credor1,exact
Pseudoleistes guirahuro,Pseudoleistes guirahuro,avibase-45D8B6C5,yermar1,exact
Pseudoleistes virescens,Pseudoleistes virescens,avibase-947E1C04,baymar1,exact
Pseudonestor xanthophrys,Pseudonestor xanthophrys,avibase-99A702C3,maupar,exact
Pseudonigrita arnaudi,Pseudonigrita arnaudi,avibase-573C3683,gyhsow1,exact
Pseudopipra pipra,Pseudopipra pipra,avibase-1C833562,whcman2,exact
Pseudopodoces humilis,Pseudopodoces humilis,avibase-BDA1AC35,grotit1,exact
Pseudorectes ferrugineus,Pseudorectes ferrugineus,avibase-FF953F55,ruspit1,exact
Pseudoseisura cristata,Pseudoseisura cristata,avibase-E8FD1B6C,caacac1,exact
Pseudoseisura gutturalis,Pseudoseisura gutturalis,avibase-07FFE945,whtcac2,exact
Pseudoseisura lophotes,Pseudoseisura lophotes,avibase-68D2CBF4,brncac1,exact
Pseudoseisura unirufa,Pseudoseisura unirufa,avibase-3E35CEA4,rufcac2,exact
Pseudospingus verticalis,Pseudospingus verticalis,avibase-8260C80A,blhhem1,exact
Pseudotriccus pelzelni,Pseudotriccus pelzelni,avibase-257BC6C6,boptyr1,exact
Pseudotriccus ruficeps,Pseudotriccus ruficeps,avibase-C727EA6A,rhptyr1,exact
Psilopogon annamensis,Psilopogon annamensis,avibase-5F832168,indbar1,exact
Psilopogon armillaris,Psilopogon armillaris,avibase-1DDCF3CB,flfbar1,exact
Psilopogon asiaticus,Psilopogon asiaticus,avibase-229575C0,bltbar2,exact
Psilopogon auricularis,Psilopogon auricularis,avibase-95D08E4C,gotbar3,exact
Psilopogon australis,Psilopogon australis,avibase-4192820D,litbar1,exact
Psilopogon chrysopogon,Psilopogon chrysopogon,avibase-FA4F17DB,gowbar2,exact
Psilopogon corvinus,Psilopogon corvinus,avibase-2A5A8428,brtbar1,exact
Psilopogon duvaucelii,Psilopogon duvaucelii,avibase-EE82B503,buebar2,exact
Psilopogon eximius,Psilopogon eximius,avibase-8B3434B9,borbar1,exact
Psilopogon faber,Psilopogon faber,avibase-FF5877D7,chibar1,exact
Psilopogon faiostrictus,Psilopogon faiostrictus,avibase-A233028E,grebar3,exact
Psilopogon flavifrons,Psilopogon flavifrons,avibase-FBFB6ED7,yefbar1,exact
Psilopogon franklinii,Psilopogon franklinii,avibase-BB0C3E76,gotbar2,exact
Psilopogon haemacephalus,Psilopogon haemacephalus,avibase-2B7AC50E,copbar1,exact
Psilopogon henricii,Psilopogon henricii,avibase-E4B545F5,yecbar1,exact
Psilopogon incognitus,Psilopogon incognitus,avibase-0A563359,moubar2,exact
Psilopogon lagrandieri,Psilopogon lagrandieri,avibase-EB2B281D,revbar1,exact
Psilopogon lineatus,Psilopogon lineatus,avibase-4EBAE936,linbar1,exact
Psilopogon malabaricus,Psilopogon malabaricus,avibase-1E095819,crfbar1,exact
Psilopogon monticola,Psilopogon monticola,avibase-67B5D4C8,moubar1,exact
Psilopogon mystacophanos,Psilopogon mystacophanos,avibase-85DECE79,retbar1,exact
Psilopogon nuchalis,Psilopogon nuchalis,avibase-244D5336,taibar2,exact
Psilopogon oorti,Psilopogon oorti,avibase-ED45D950,blbbar5,exact
Psilopogon pulcherrimus,Psilopogon pulcherrimus,avibase-6F858890,gonbar1,exact
Psilopogon pyrolophus,Psilopogon pyrolophus,avibase-9769A702,fitbar1,exact
Psilopogon rafflesii,Psilopogon rafflesii,avibase-39972C74,recbar1,exact
Psilopogon rubricapillus,Psilopogon rubricapillus,avibase-476E767B,crfbar3,exact
Psilopogon virens,Psilopogon virens,avibase-F5636BF7,grebar1,exact
Psilopogon viridis,Psilopogon viridis,avibase-EAE4A304,whcbar1,exact
Psilopogon zeylanicus,Psilopogon zeylanicus,avibase-15471F21,brhbar1,exact
Psilopsiagon aurifrons,Psilopsiagon aurifrons,avibase-AE9BD88B,moupar2,exact
Psilopsiagon aymara,Psilopsiagon aymara,avibase-2F6F57F8,gyhpar1,exact
Psilorhamphus guttatus,Psilorhamphus guttatus,avibase-24664381,spobam1,exact
Psilorhinus morio,Cyanocorax morio,avibase-AD6BFD7E,brnjay,clements_english
Psiloscops flammeolus,Psiloscops flammeolus,avibase-1BF907B6,flaowl,exact
Psittacara erythrogenys,Psittacara erythrogenys,avibase-12E354E2,rempar,exact
Psittacara finschi,Psittacara finschi,avibase-BB1BD713,crfpar,exact
Psittacara holochlorus,Psittacara holochlorus,avibase-67D6698A,grnpar,exact
Psittacara leucophthalmus,Psittacara leucophthalmus,avibase-53A45E87,whepar2,exact
Psittacara mitratus,Psittacara mitratus,avibase-8DE71518,mitpar,exact
Psittacara strenuus,Psittacara strenuus,avibase-5871A963,pacpar1,exact
Psittacara wagleri,Psittacara wagleri,avibase-8B1CF9DF,scfpar2,exact
Psittacula alexandri,Psittacula alexandri,avibase-AC2576A1,rebpar4,exact
Psittacula calthrapae,Psittacula calthrapae,avibase-DB5ABCFC,laypar1,exact
Psittacula columboides,Psittacula columboides,avibase-378A591F,malpar1,exact
Psittacula cyanocephala,Psittacula cyanocephala,avibase-109000B4,plhpar1,exact
Psittacula eques,Psittacula eques,avibase-69F1E2FC,maupar1,exact
Psittacula eupatria,Psittacula eupatria,avibase-1021FA92,alepar2,exact
Psittacula finschii,Psittacula finschii,avibase-A72667DF,gyhpar2,exact
Psittacula himalayana,Psittacula himalayana,avibase-5D7421A0,slhpar1,exact
Psittacula krameri,Psittacula krameri,avibase-6B1CFC3C,rorpar,exact
Psittacula longicauda,Psittacula longicauda,avibase-39960EAB,lotpar2,exact
Psittacus erithacus,Psittacus erithacus,avibase-A20878F0,grepar,exact
Psittinus cyanurus,Psittinus cyanurus,avibase-DD93ECEA,blrpar1,exact
Psittiparus gularis,Paradoxornis gularis,avibase-4D6EE0EA,gyhpar3,clements_english
Psophia crepitans,Psophia crepitans,avibase-C7C6DD9A,gywtru1,exact
Psophia leucoptera,Psophia leucoptera,avibase-C59A3228,pawtru2,exact
Psophia viridis,Psophia viridis,avibase-A4CEB29F,dawtru1,exact
Psophocichla litsitsirupa,Turdus litsitsirupa,avibase-8C5759C5,grothr1,clements_english
Psophodes cristatus,Psophodes cristatus,avibase-8D83C373,chiwed2,exact
Psophodes nigrogularis,Psophodes nigrogularis,avibase-D57E208D,weswhi1,exact
Psophodes occidentalis,Psophodes occidentalis,avibase-9FC806EE,chiwed1,exact
Psophodes olivaceus,Psophodes olivaceus,avibase-79107CE6,easwhi1,exact
Pteridophora alberti,Pteridophora alberti,avibase-299479DE,kospar1,exact
Pternistis adspersus,Pternistis adspersus,avibase-9E356E43,rebfra1,exact
Pternistis afer,Pternistis afer,avibase-5FA94F66,renfra1,exact
Pternistis ahantensis,Pternistis ahantensis,avibase-CA53B18D,ahafra2,exact
Pternistis bicalcaratus,Pternistis bicalcaratus,avibase-D8267ADE,dosfra2,exact
Pternistis capensis,Pternistis capensis,avibase-6405CD29,capfra2,exact
Pternistis erckelii,Pternistis erckelii,avibase-6C4A6597,ercfra,exact
Pternistis hildebrandti,Pternistis hildebrandti,avibase-F5A73AAA,hilfra2,exact
Pternistis leucoscepus,Pternistis leucoscepus,avibase-90AFDF9E,yenspu1,exact
Pternistis natalensis,Pternistis natalensis,avibase-A7002FF6,natfra2,exact
Pternistis squamatus,Pternistis squamatus,avibase-1B11690B,scafra2,exact
Pternistis swainsonii,Pternistis swainsonii,avibase-721FFBD4,swafra2,exact
Pterocles alchata,Pterocles alchata,avibase-493C4CF8,pitsan1,exact
Pterocles exustus,Pterocles exustus,avibase-F5DE9155,chbsan,exact
Pterocles namaqua,Pterocles namaqua,avibase-AAEF597A,namsan1,exact
Pterocles orientalis,Pterocles orientalis,avibase-06B41945,blbsan1,exact
Pterocles senegallus,Pterocles senegallus,avibase-942BC618,sposan1,exact
Pterodroma cervicalis,Pterodroma cervicalis,avibase-96DC9DCD,,exact
Pterodroma cookii,Pterodroma cookii,avibase-5C61DD1B,coopet,exact
Pterodroma externa,Pterodroma externa,avibase-DC2BA23B,jufpet,exact
Pterodroma hypoleuca,Pterodroma hypoleuca,avibase-C69447E2,bonpet,exact
Pterodroma inexpectata,Pterodroma inexpectata,avibase-B829AC03,motpet,exact
Pterodroma madeira,Pterodroma madeira,avibase-A6EA486B,madpet,exact
Pterodroma neglecta,Pterodroma neglecta,avibase-889232C7,kerpet,exact
Pterodroma nigripennis,Pterodroma nigripennis,avibase-AE186136,bkwpet,exact
Pterodroma phaeopygia,Pterodroma phaeopygia,avibase-0DF68A87,galpet,exact
Pterodroma sandwichensis,Pterodroma sandwichensis,avibase-E4AFFBF2,hawpet1,exact
Pteroglossus aracari,Pteroglossus aracari,avibase-D153FC18,blnara1,exact
Pteroglossus azara,Pteroglossus azara,avibase-E8654FA3,ivbara1,exact
Pteroglossus bailloni,Pteroglossus bailloni,avibase-13435110,saftou2,exact
Pteroglossus beauharnaisii,Pteroglossus beauharnaisii,avibase-C98EC8FF,cucara1,exact
Pteroglossus bitorquatus,Pteroglossus bitorquatus,avibase-ECBCE9EB,renara1,exact
Pteroglossus castanotis,Pteroglossus castanotis,avibase-76642513,cheara1,exact
Pteroglossus frantzii,Pteroglossus frantzii,avibase-9230DF7D,fibara1,exact
Pteroglossus inscriptus,Pteroglossus inscriptus,avibase-1B7DFB64,letara1,exact
Pteroglossus pluricinctus,Pteroglossus pluricinctus,avibase-6D83E2D8,mabara1,exact
Pteroglossus torquatus,Pteroglossus torquatus,avibase-542B4FCB,colara2,exact
Pteroptochos castaneus,Pteroptochos castaneus,avibase-A52EC941,cthhue1,exact
Pteroptochos megapodius,Pteroptochos megapodius,avibase-8DA1575F,moutur1,exact
Pteroptochos tarnii,Pteroptochos tarnii,avibase-FDE3FE01,bthhue1,exact
Pterorhinus albogularis,Pterorhinus albogularis,avibase-D5C979A6,whtlau1,exact
Pterorhinus berthemyi,Pterorhinus berthemyi,avibase-329039A2,buflau1,exact
Pterorhinus chinensis,Pterorhinus chinensis,avibase-48A456CC,bltlau1,exact
Pterorhinus davidi,Pterorhinus davidi,avibase-ECB9A862,pedlau1,exact
Pterorhinus delesserti,Pterorhinus delesserti,avibase-96A465BE,wynlau1,exact
Pterorhinus mitratus,Pterorhinus mitratus,avibase-6E91359B,chclau3,exact
Pterorhinus pectoralis,Pterorhinus pectoralis,avibase-75BA8D16,gnlthr,exact
Pterorhinus perspicillatus,Pterorhinus perspicillatus,avibase-8FD7181A,maslau1,exact
Pterorhinus poecilorhynchus,Pterorhinus poecilorhynchus,avibase-799CD8D0,ruslau1,exact
Pterorhinus ruficollis,Pterorhinus ruficollis,avibase-0DBAC9AF,runlau1,exact
Pterorhinus sannio,Pterorhinus sannio,avibase-2A59B27F,whblau1,exact
Pterorhinus treacheri,Pterorhinus treacheri,avibase-36545FD3,chhlau1,exact
Pteruthius aeralatus,Pteruthius aeralatus,avibase-4C6B41B3,whbshb1,exact
Pteruthius intermedius,Pteruthius intermedius,avibase-0037A14F,clishb1,exact
Pteruthius melanotis,Pteruthius melanotis,avibase-17DB8BA0,besbab1,exact
Pteruthius rufiventer,Pteruthius rufiventer,avibase-484E9B46,bhsbab1,exact
Pteruthius xanthochlorus,Pteruthius xanthochlorus,avibase-00C6FC90,grsbab1,exact
Ptilinopus iozonus,Ptilinopus iozonus,avibase-91B85A8E,obfdov1,exact
Ptilinopus magnificus,Megaloprepia magnifica,avibase-1A279952,wofdov1,clements_english
Ptilinopus melanospilus,Ptilinopus melanospilus,avibase-0DF234C1,bknfrd1,exact
Ptilinopus occipitalis,Ramphiculus occipitalis,avibase-23DE9E3D,ybfdov2,clements_english
Ptilinopus pelewensis,Ptilinopus pelewensis,avibase-A87BEC71,pafdov1,exact
Ptilinopus porphyraceus,Ptilinopus porphyraceus,avibase-A68B6F81,ccfdov1,exact
Ptilinopus regina,Ptilinopus regina,avibase-3EC888E4,rcfdov1,exact
Ptilinopus rivoli,Ptilinopus rivoli,avibase-98F7FF1F,whbfrd1,exact
Ptilinopus solomonensis,Ptilinopus solomonensis,avibase-C15DD431,yebfrd2,exact
Ptilinopus superbus,Ptilinopus superbus,avibase-D3E75FB4,sufdov1,exact
Ptilinopus viridis,Ptilinopus viridis,avibase-49DBBA0C,cbfdov1,exact
Ptiliogonys caudatus,Ptiliogonys caudatus,avibase-12D30D1A,ltsfly1,exact
Ptiliogonys cinereus,Ptiliogonys cinereus,avibase-18003191,grsfly1,exact
Ptilocichla falcata,Ptilocichla falcata,avibase-E86FF436,fawbab1,exact
Ptilocichla leucogrammica,Ptilocichla leucogrammica,avibase-84D17453,bowbab1,exact
Ptilocichla mindanensis,Ptilocichla mindanensis,avibase-E056E59C,stwbab2,exact
Ptilonorhynchus violaceus,Ptilonorhynchus violaceus,avibase-5CF4CE65,satbow1,exact
Ptilopachus petrosus,Ptilopachus petrosus,avibase-57B05159,stopar1,exact
Ptiloprora guisei,Ptiloprora guisei,avibase-08196575,rubhon1,exact
Ptiloprora perstriata,Ptiloprora perstriata,avibase-93334974,blbhon1,exact
Ptilopsis leucotis,Ptilopsis leucotis,avibase-E561A180,nwfowl1,exact
Ptiloris magnificus,Ptiloris magnificus,avibase-D3B4EDA8,magrif3,exact
Ptiloris paradiseus,Ptiloris paradiseus,avibase-612E3B48,parrif1,exact
Ptiloris victoriae,Ptiloris victoriae,avibase-A19AD1E4,vicrif1,exact
Ptilorrhoa caerulescens,Ptilorrhoa caerulescens,avibase-4A699D18,blujeb1,exact
Ptilorrhoa castanonota,Ptilorrhoa castanonota,avibase-BF8E5A32,cbjbab1,exact
Ptilorrhoa leucosticta,Ptilorrhoa leucosticta,avibase-219E9D2D,spjbab1,exact
Ptilostomus afer,Ptilostomus afer,avibase-4C35510F,piapia1,exact
Ptilotula fusca,Ptilotula fusca,avibase-34CC9FA8,fushon1,exact
Ptilotula ornata,Ptilotula ornata,avibase-E03A81FF,yephon1,exact
Ptilotula penicillata,Ptilotula penicillata,avibase-CE7BDFB9,whphon1,exact
Ptiloxena atroviolacea,Ptiloxena atroviolacea,avibase-5716ACB7,cubbla,exact
Ptyonoprogne concolor,Ptyonoprogne concolor,avibase-1DF380FB,duscrm1,exact
Ptyonoprogne fuligula,Ptyonoprogne fuligula,avibase-21E0ADE5,rocmar5,exact
Ptyonoprogne rupestris,Ptyonoprogne rupestris,avibase-6F2AF9D0,eurcrm1,exact
Pucrasia macrolopha,Pucrasia macrolopha,avibase-6383E214,kokphe1,exact
Puffinus bailloni,Puffinus bailloni,avibase-6DA05B66,troshe5,exact
Puffinus nativitatis,Puffinus nativitatis,avibase-EBFA76B4,chrshe,exact
Puffinus newelli,Puffinus newelli,avibase-445A0B00,towshe2,exact
Puffinus puffinus,Puffinus puffinus,avibase-5AEDC002,manshe,exact
Pulsatrix koeniswaldiana,Pulsatrix koeniswaldiana,avibase-6DC70EF3,tabowl1,exact
Pulsatrix melanota,Pulsatrix melanota,avibase-AEE70B31,babowl1,exact
Pulsatrix perspicillata,Pulsatrix perspicillata,avibase-BA3C3A5C,speowl1,exact
Purnella albifrons,Purnella albifrons,avibase-D1C0ED04,whfhon1,exact
Purpureicephalus spurius,Purpureicephalus spurius,avibase-3E2C25E8,recpar1,exact
Pycnonotus aurigaster,Pycnonotus aurigaster,avibase-E28751A7,sohbul1,exact
Pycnonotus barbatus,Pycnonotus barbatus,avibase-6ABDB635,combul2,exact
Pycnonotus brunneus,Pycnonotus brunneus,avibase-9B937C26,reebul1,exact
Pycnonotus cafer,Pycnonotus cafer,avibase-95F3F185,revbul,exact
Pycnonotus capensis,Pycnonotus capensis,avibase-6234824B,capbul1,exact
Pycnonotus conradi,Pycnonotus conradi,avibase-E5A86DFA,stebul2,exact
Pycnonotus finlaysoni,Pycnonotus finlaysoni,avibase-249A8210,sttbul3,exact
Pycnonotus flavescens,Pycnonotus flavescens,avibase-9F6CB52D,flabul1,exact
Pycnonotus goiavier,Pycnonotus goiavier,avibase-E6413C7F,yevbul1,exact
Pycnonotus jocosus,Pycnonotus jocosus,avibase-F9E37510,rewbul,exact
Pycnonotus leucogenys,Pycnonotus leucogenys,avibase-A1DD797F,whcbul2,exact
Pycnonotus leucotis,Pycnonotus leucotis,avibase-4A85D701,whebul1,exact
Pycnonotus luteolus,Pycnonotus luteolus,avibase-587EC0C3,whbbul2,exact
Pycnonotus nigricans,Pycnonotus nigricans,avibase-9EF3E079,blfbul1,exact
Pycnonotus plumosus,Pycnonotus plumosus,avibase-09CBDAE2,olwbul1,exact
Pycnonotus simplex,Pycnonotus simplex,avibase-12679AF2,crvbul1,exact
Pycnonotus sinensis,Pycnonotus sinensis,avibase-BB5650EB,livbul1,exact
Pycnonotus striatus,Alcurus striatus,avibase-AF1E4A9B,strbul2,clements_english
Pycnonotus taivanus,Pycnonotus taivanus,avibase-A7C19329,stybul1,exact
Pycnonotus xantholaemus,Pycnonotus xantholaemus,avibase-12D2FAB5,yetbul1,exact
Pycnonotus xanthopygos,Pycnonotus xanthopygos,avibase-24B66475,whsbul1,exact
Pycnonotus xanthorrhous,Pycnonotus xanthorrhous,avibase-0604A8C5,brbbul1,exact
Pycnonotus zeylanicus,Pycnonotus zeylanicus,avibase-6116C5B3,sthbul1,exact
Pycnoptilus floccosus,Pycnoptilus floccosus,avibase-F16E99A0,pilotb1,exact
Pygarrhichas albogularis,Pygarrhichas albogularis,avibase-E2B6B39E,whttre2,exact
Pygiptila stellaris,Pygiptila stellaris,avibase-E57EE0ED,spwant2,exact
Pygochelidon cyanoleuca,Pygochelidon cyanoleuca,avibase-DFFD116E,bawswa1,exact
Pygoscelis adeliae,Pygoscelis adeliae,avibase-4A947BE7,adepen1,exact
Pygoscelis antarcticus,Pygoscelis antarcticus,avibase-75B943A3,chipen2,exact
Pygoscelis papua,Pygoscelis papua,avibase-F2B3BF2A,genpen1,exact
Pyriglena atra,Pyriglena atra,avibase-0ED689BD,fbfeye1,exact
Pyriglena leuconota,Pyriglena leuconota,avibase-83A1319F,eaafie1,exact
Pyriglena leucoptera,Pyriglena leucoptera,avibase-95AE2108,wsfeye1,exact
Pyriglena maura,Pyriglena maura,avibase-2438D789,wesfie1,exact
Pyrilia barrabandi,Pyrilia barrabandi,avibase-05B5B7D0,orcpar2,exact
Pyrilia caica,Pyrilia caica,avibase-33487D8B,caipar2,exact
Pyrilia haematotis,Pyrilia haematotis,avibase-B197D2D1,brhpar1,exact
Pyrilia pulchra,Pyrilia pulchra,avibase-4FD2C88E,rofpar2,exact
Pyrilia pyrilia,Pyrilia pyrilia,avibase-3F7F7C19,sahpar1,exact
Pyrocephalus rubinus,Pyrocephalus rubinus,avibase-1456993D,verfly,exact
Pyroderus scutatus,Pyroderus scutatus,avibase-50B7979C,rerfru1,exact
Pyrope pyrope,Pyrope pyrope,avibase-7161C811,fiediu1,exact
Pyrrhocorax graculus,Pyrrhocorax graculus,avibase-45B512E2,yebcho1,exact
Pyrrhocorax pyrrhocorax,Pyrrhocorax pyrrhocorax,avibase-18D2C42A,rebcho1,exact
Pyrrholaemus brunneus,Pyrrholaemus brunneus,avibase-AFAD2F60,redthr1,exact
Pyrrholaemus sagittatus,Pyrrholaemus sagittatus,avibase-A68B1787,spewar3,exact
Pyrrhomyias cinnamomeus,Pyrrhomyias cinnamomeus,avibase-370FEC50,cinfly2,exact
Pyrrhula erythaca,Pyrrhula erythaca,avibase-1C8E0DB2,gyhbul2,exact
Pyrrhula nipalensis,Pyrrhula nipalensis,avibase-964205CA,brobul1,exact
Pyrrhula pyrrhula,Pyrrhula pyrrhula,avibase-24764DC7,eurbul,exact
Pyrrhura albipectus,Pyrrhura albipectus,avibase-832FDAFE,whnpar1,exact
Pyrrhura amazonum,Pyrrhura amazonum,avibase-A950292F,sanpar2,exact
Pyrrhura calliptera,Pyrrhura calliptera,avibase-4F34A55C,brbpar2,exact
Pyrrhura cruentata,Pyrrhura cruentata,avibase-9DA59151,bltpar2,exact
Pyrrhura frontalis,Pyrrhura frontalis,avibase-B24FFE53,mabpar,exact
Pyrrhura hoematotis,Pyrrhura hoematotis,avibase-3CACB009,reepar1,exact
Pyrrhura hoffmanni,Pyrrhura hoffmanni,avibase-854F3163,suwpar1,exact
Pyrrhura leucotis,Pyrrhura leucotis,avibase-007B7943,mafpar3,exact
Pyrrhura melanura,Pyrrhura melanura,avibase-EE73418A,matpar2,exact
Pyrrhura molinae,Pyrrhura molinae,avibase-31679C53,gncpar,exact
Pyrrhura orcesi,Pyrrhura orcesi,avibase-9C41D7C0,elopar1,exact
Pyrrhura perlata,Pyrrhura perlata,avibase-E93BACCC,crbpar1,exact
Pyrrhura picta,Pyrrhura picta,avibase-BDCBDAC0,paipar2,exact
Pyrrhura rhodocephala,Pyrrhura rhodocephala,avibase-B59DC31F,rohpar1,exact
Pyrrhura roseifrons,Pyrrhura roseifrons,avibase-49E8DCEF,rofpar3,exact
Pyrrhura rupicola,Pyrrhura rupicola,avibase-B3FCD547,blcpar1,exact
Pyrrhura viridicata,Pyrrhura viridicata,avibase-2997FB71,sampar1,exact
Pytilia melba,Pytilia melba,avibase-01A3BE3C,grwpyt1,exact
Quelea quelea,Quelea quelea,avibase-2B6DE136,rebque1,exact
Querula purpurata,Querula purpurata,avibase-183649E5,putfru1,exact
Quiscalus lugubris,Quiscalus lugubris,avibase-159FB51C,cargra1,exact
Quiscalus major,Quiscalus major,avibase-EF47E15D,botgra,exact
Quiscalus mexicanus,Quiscalus mexicanus,avibase-5CBA3391,grtgra,exact
Quiscalus nicaraguensis,Quiscalus nicaraguensis,avibase-D1DD7CD0,nicgra1,exact
Quiscalus niger,Quiscalus niger,avibase-E941AD9F,gragra1,exact
Quiscalus quiscula,Quiscalus quiscula,avibase-8BBB3255,comgra,exact
Radjah radjah,Radjah radjah,avibase-13B373F3,radshe1,exact
Rallina eurizonoides,Rallina eurizonoides,avibase-B056B57C,sllcra1,exact
Rallina fasciata,Rallina fasciata,avibase-1DFAA1B7,relcra1,exact
Rallina tricolor,Rallina tricolor,avibase-EBD8C251,rencra1,exact
Rallus antarcticus,Rallus antarcticus,avibase-3DA5C1B9,ausrai1,exact
Rallus aquaticus,Rallus aquaticus,avibase-DE1D2DF4,watrai1,exact
Rallus caerulescens,Rallus caerulescens,avibase-5B443EDE,afrrai1,exact
Rallus crepitans,Rallus crepitans,avibase-E893F98D,clarai11,exact
Rallus elegans,Rallus elegans,avibase-0BB84341,kinrai4,exact
Rallus indicus,Rallus indicus,avibase-ACD9E3E1,bncrai1,exact
Rallus limicola,Rallus limicola,avibase-87705CC4,virrai,exact
Rallus longirostris,Rallus longirostris,avibase-89DB7F74,manrai1,exact
Rallus obsoletus,Rallus obsoletus,avibase-4185F617,ridrai1,exact
Rallus semiplumbeus,Rallus semiplumbeus,avibase-64D0CACB,bograi1,exact
Rallus tenuirostris,Rallus tenuirostris,avibase-8C41ABD3,kinrai2,exact
Ramphastos ambiguus,Ramphastos ambiguus,avibase-7C99DFAB,bkmtou1,exact
Ramphastos brevis,Ramphastos brevis,avibase-D332D1C1,chotou1,exact
Ramphastos dicolorus,Ramphastos dicolorus,avibase-6BACED1E,rebtou2,exact
Ramphastos sulfuratus,Ramphastos sulfuratus,avibase-BB0FBBA4,kebtou1,exact
Ramphastos toco,Ramphastos toco,avibase-D42641C0,toctou1,exact
Ramphastos tucanus,Ramphastos tucanus,avibase-04EDD122,whttou1,exact
Ramphastos vitellinus,Ramphastos vitellinus,avibase-5C18D846,chbtou1,exact
Ramphocaenus melanurus,Ramphocaenus melanurus,avibase-32BF3F02,lobgna5,exact
Ramphocaenus sticturus,Ramphocaenus sticturus,avibase-7113E393,lobgna4,exact
Ramphocelus bresilius,Ramphocelus bresilia,avibase-99CA86E3,bratan1,clements_english
Ramphocelus carbo,Ramphocelus carbo,avibase-EF01FD76,sibtan2,exact
Ramphocelus dimidiatus,Ramphocelus dimidiatus,avibase-32121D98,crbtan1,exact
Ramphocelus flammigerus,Ramphocelus flammigerus,avibase-BCF7B722,flrtan1,exact
Ramphocelus melanogaster,Ramphocelus melanogaster,avibase-FECD4A7C,bkbtan1,exact
Ramphocelus nigrogularis,Ramphocelus nigrogularis,avibase-73179694,mactan1,exact
Ramphocelus passerinii,Ramphocelus passerinii,avibase-CF8B8AB4,y00599,exact
Ramphocelus sanguinolentus,Ramphocelus sanguinolentus,avibase-690C5AB4,crctan1,exact
Ramphodon naevius,Ramphodon naevius,avibase-4CAAC972,sabher1,exact
Ramphomicron microrhynchum,Ramphomicron microrhynchum,avibase-B2CD184B,pubtho1,exact
Ramphotrigon flammulatum,Ramphotrigon flammulatum,avibase-E8E65DD3,flafly1,exact
Ramphotrigon fuscicauda,Ramphotrigon fuscicauda,avibase-872F0AA9,dutfla1,exact
Ramphotrigon megacephalum,Ramphotrigon megacephalum,avibase-3955CDE6,lahfla2,exact
Ramphotrigon ruficauda,Ramphotrigon ruficauda,avibase-2197445D,rutfla1,exact
Ramsayornis modestus,Ramsayornis modestus,avibase-8C34DEDF,brbhon1,exact
Rauenia bonariensis,Rauenia bonariensis,avibase-A27159CD,baytan3,exact
Recurvirostra americana,Recurvirostra americana,avibase-8EB0C1FA,ameavo,exact
Recurvirostra andina,Recurvirostra andina,avibase-30CBE57B,andavo1,exact
Recurvirostra avosetta,Recurvirostra avosetta,avibase-C73ED2F5,pieavo1,exact
Regulus goodfellowi,Regulus goodfellowi,avibase-367F4CFC,flamec1,exact
Regulus ignicapilla,Regulus ignicapilla,avibase-85B03849,firecr1,exact
Regulus madeirensis,Regulus madeirensis,avibase-C92557B8,firecr3,exact
Regulus regulus,Regulus regulus,avibase-1C51C109,goldcr1,exact
Regulus satrapa,Regulus satrapa,avibase-154BCCAE,gockin,exact
Reinwardtipicus validus,Chrysocolaptes validus,avibase-05714481,orbwoo1,clements_english
Reinwardtoena reinwardti,Reinwardtoena reinwardti,avibase-DA7BFF77,grcdov2,exact
Remiz consobrinus,Remiz consobrinus,avibase-6D6870E3,chptit1,exact
Remiz coronatus,Remiz coronatus,avibase-454B9078,wcptit1,exact
Remiz pendulinus,Remiz pendulinus,avibase-F81EB049,euptit1,exact
Rhabdotorrhinus corrugatus,Rhabdotorrhinus corrugatus,avibase-9C62A324,wrihor1,exact
Rhabdotorrhinus exarhatus,Rhabdotorrhinus exarhatus,avibase-C0BD105F,sulhor1,exact
Rhaphidura leucopygialis,Rhaphidura leucopygialis,avibase-737C55FF,sirnee1,exact
Rhea americana,Rhea americana,avibase-00986B24,grerhe1,exact
Rhegmatorhina cristata,Rhegmatorhina cristata,avibase-4CFC491A,chcant1,exact
Rhegmatorhina gymnops,Rhegmatorhina gymnops,avibase-B02C4DCC,baeant1,exact
Rhegmatorhina hoffmannsi,Rhegmatorhina hoffmannsi,avibase-219B34AC,whbant5,exact
Rhegmatorhina melanosticta,Rhegmatorhina melanosticta,avibase-64B07D94,hacant1,exact
Rhinocrypta lanceolata,Rhinocrypta lanceolata,avibase-415E16C9,cregal1,exact
Rhinopomastus cyanomelas,Rhinopomastus cyanomelas,avibase-B0DD1318,cosbil1,exact
Rhinortha chlorophaea,Rhinortha chlorophaea,avibase-75CE1C40,rafmal1,exact
Rhipidura albicollis,Rhipidura albicollis,avibase-F2074D00,whtfan1,exact
Rhipidura albiscapa,Rhipidura albiscapa,avibase-A98285EB,gryfan1,exact
Rhipidura albogularis,Rhipidura albogularis,avibase-E12FE273,spbfan1,exact
Rhipidura albolimbata,Rhipidura albolimbata,avibase-56F40883,frifan1,exact
Rhipidura atra,Rhipidura atra,avibase-4A8F6276,blafan1,exact
Rhipidura aureola,Rhipidura aureola,avibase-DB7261E9,whbfan2,exact
Rhipidura brachyrhyncha,Rhipidura brachyrhyncha,avibase-24B205AA,dimfan1,exact
Rhipidura cyaniceps,Rhipidura cyaniceps,avibase-3A07746B,blhfan1,exact
Rhipidura dryas,Rhipidura dryas,avibase-11A12252,arafan1,exact
Rhipidura fuliginosa,Rhipidura fuliginosa,avibase-ACD8630F,nezfan1,exact
Rhipidura javanica,Rhipidura javanica,avibase-75B49C25,piefan1,exact
Rhipidura leucophrys,Rhipidura leucophrys,avibase-F65B55BD,wilwag1,exact
Rhipidura leucothorax,Rhipidura leucothorax,avibase-9A6974DC,wbtfan1,exact
Rhipidura maculipectus,Rhipidura maculipectus,avibase-4EB50482,bltfan1,exact
Rhipidura nigritorquis,Rhipidura nigritorquis,avibase-7EAC662D,phipif1,exact
Rhipidura perlata,Rhipidura perlata,avibase-B5A920A2,spofan1,exact
Rhipidura rufifrons,Rhipidura rufifrons,avibase-731A6E5C,ruffan13,exact
Rhipidura rufiventris,Rhipidura rufiventris,avibase-E16560EF,norfan1,exact
Rhipidura teysmanni,Rhipidura teysmanni,avibase-2291DE46,rubfan2,exact
Rhipidura threnothorax,Rhipidura threnothorax,avibase-EF534053,sotfan1,exact
Rhipidura verreauxi,Rhipidura verreauxi,avibase-61824029,strfan5,exact
Rhodinocichla rosea,Rhodinocichla rosea,avibase-358DFBA2,rottan2,exact
Rhodophoneus cruentus,Rhodophoneus cruentus,avibase-8B8AC14A,ropbus1,exact
Rhodospingus cruentus,Rhodospingus cruentus,avibase-4ED9C1DB,crbfin1,exact
Rhodospiza obsoleta,Rhodospiza obsoleta,avibase-FA269911,desfin2,exact
Rhodostethia rosea,Rhodostethia rosea,avibase-4CD353D2,rosgul,exact
Rhodothraupis celaeno,Periporphyrus celaeno,avibase-CCDEDA82,crcgro,clements_english
Rhopias gularis,Rhopias gularis,avibase-C040B92F,sttant1,exact
Rhopophilus pekinensis,Rhopophilus pekinensis,avibase-4AEBE232,beibab1,exact
Rhopornis ardesiacus,Rhopornis ardesiacus,avibase-48150C82,sleant1,exact
Rhopospina alaudina,Rhopospina alaudina,avibase-41CB1805,btsfin1,exact
Rhopospina caerulescens,Rhopospina caerulescens,avibase-17B1CAD5,blufin1,exact
Rhopospina fruticeti,Rhopospina fruticeti,avibase-F3A048A6,mosfin1,exact
Rhynchocyclus brevirostris,Rhynchocyclus brevirostris,avibase-25B7AC2F,eyrfla1,exact
Rhynchocyclus olivaceus,Rhynchocyclus olivaceus,avibase-5BC79C41,olifla3,exact
Rhynchophanes mccownii,Rhynchophanes mccownii,avibase-61E5A0E3,mcclon,exact
Rhynchopsitta pachyrhyncha,Rhynchopsitta pachyrhyncha,avibase-6D621EA2,thbpar,exact
Rhynchopsitta terrisi,Rhynchopsitta terrisi,avibase-277579A3,mafpar1,exact
Rhynchortyx cinctus,Rhynchortyx cinctus,avibase-8A792FFC,tafqua1,exact
Rhynchospiza stolzmanni,Rhynchospiza stolzmanni,avibase-735C98C3,tumspa1,exact
Rhynchospiza strigiceps,Rhynchospiza strigiceps,avibase-4B40EAFD,stcspa3,exact
Rhynchotus rufescens,Rhynchotus rufescens,avibase-C141F60A,rewtin1,exact
Rhynochetos jubatus,Rhynochetos jubatus,avibase-227D77FB,kagu1,exact
Rhyticeros cassidix,Rhyticeros cassidix,avibase-A535F76B,knohor1,exact
Rhyticeros plicatus,Rhyticeros plicatus,avibase-524408DF,blyhor1,exact
Rhyticeros undulatus,Rhyticeros undulatus,avibase-3C98DDBC,wrehor1,exact
Rhytipterna holerythra,Rhytipterna holerythra,avibase-229BCEE1,rufmou1,exact
Rhytipterna immunda,Rhytipterna immunda,avibase-540609E5,pabmou1,exact
Rhytipterna simplex,Rhytipterna simplex,avibase-DB5BFD24,gramou1,exact
Riparia chinensis,Riparia chinensis,avibase-D0222DB9,gytmar1,exact
Riparia diluta,Riparia diluta,avibase-A9A9E1D1,pasmar1,exact
Riparia paludicola,Riparia paludicola,avibase-D2854489,plamar1,exact
Riparia riparia,Riparia riparia,avibase-94A1C447,banswa,exact
Rissa tridactyla,Rissa tridactyla,avibase-FB4D08F0,bklkit,exact
Rollulus rouloul,Rollulus rouloul,avibase-90324456,crepar1,exact
Roraimia adusta,Roraimia adusta,avibase-82F19E61,rorbar1,exact
Rostratula benghalensis,Rostratula benghalensis,avibase-7516E687,grpsni1,exact
Rostrhamus sociabilis,Rostrhamus sociabilis,avibase-6E4430A8,snakit,exact
Rubigula erythropthalmos,Rubigula erythropthalmos,avibase-01D478BD,spebul1,exact
Rubigula flaviventris,Rubigula flaviventris,avibase-F517B7FD,blcbul2,exact
Rubigula gularis,Rubigula gularis,avibase-442951D4,bkcbul1,exact
Rupicola peruvianus,Rupicola peruvianus,avibase-33440684,andcot1,exact
Rupicola rupicola,Rupicola rupicola,avibase-F792ED35,gcoroc1,exact
Rupornis magnirostris,Rupornis magnirostris,avibase-C39CC0F2,roahaw,exact
Rynchops niger,Rynchops niger,avibase-88AB027C,blkski,exact
Sakesphorus canadensis,Sakesphorus canadensis,avibase-7608AA0E,bkcant2,exact
Sakesphorus cristatus,Sakesphoroides cristatus,avibase-72E82D9C,sicant1,clements_english
Sakesphorus luctuosus,Sakesphorus luctuosus,avibase-CFAC40E2,gloant1,exact
Salpinctes obsoletus,Salpinctes obsoletus,avibase-76DF73A9,rocwre,exact
Salpornis salvadori,Salpornis salvadori,avibase-A51A5F84,spocre2,exact
Saltator albicollis,Saltator albicollis,avibase-D09BB873,leasal1,exact
Saltator atriceps,Saltator atriceps,avibase-9B7AF035,blhsal1,exact
Saltator atripennis,Saltator atripennis,avibase-A51E5593,blwsal1,exact
Saltator aurantiirostris,Saltator aurantiirostris,avibase-1ED1A93B,gobsal1,exact
Saltator cinctus,Saltator cinctus,avibase-9FDD77B5,massal1,exact
Saltator coerulescens,Saltator coerulescens,avibase-6D75BBB8,grasal3,exact
Saltator fuliginosus,Saltator fuliginosus,avibase-14767432,bltgro2,exact
Saltator grandis,Saltator grandis,avibase-6CE7B032,grasal2,exact
Saltator grossus,Saltator grossus,avibase-1D797D4D,slcgro1,exact
Saltator maxillosus,Saltator maxillosus,avibase-D9CE1DC4,thbsal1,exact
Saltator maximus,Saltator maximus,avibase-8A80DE66,butsal1,exact
Saltator nigriceps,Saltator nigriceps,avibase-9F5FFC0A,blcsal1,exact
Saltator olivascens,Saltator olivascens,avibase-BBCAE2A7,grasal4,exact
Saltator orenocensis,Saltator orenocensis,avibase-4D6CD9F6,orisal1,exact
Saltator similis,Saltator similis,avibase-2CF9456D,grwsal1,exact
Saltator striatipectus,Saltator striatipectus,avibase-4875898E,strsal1,exact
Saltatricula atricollis,Saltatricula atricollis,avibase-A291AF06,bltsal1,exact
Saltatricula multicolor,Saltatricula multicolor,avibase-5F1BAE11,mccfin1,exact
Sapayoa aenigma,Sapayoa aenigma,avibase-D2A3B070,sapayo1,exact
Sappho sparganurus,Sappho sparganurus,avibase-66F7D229,retcom1,exact
Sarcops calvus,Sarcops calvus,avibase-25C10A1A,coleto1,exact
Sarothrura elegans,Sarothrura elegans,avibase-E75BA92C,busflu1,exact
Sarothrura insularis,Sarothrura insularis,avibase-258E8923,madflu1,exact
Sarothrura pulchra,Sarothrura pulchra,avibase-6EF64F69,whsflu1,exact
Sarothrura rufa,Sarothrura rufa,avibase-10B56544,recflu1,exact
Sasia abnormis,Sasia abnormis,avibase-3E246B6D,rufpic1,exact
Sasia ochracea,Sasia ochracea,avibase-E577AC45,whbpic3,exact
Saucerottia beryllina,Saucerottia beryllina,avibase-EDCAC4EA,berhum,exact
Saucerottia cyanocephala,Saucerottia cyanocephala,avibase-822E745E,azchum1,exact
Saucerottia tobaci,Saucerottia tobaci,avibase-8FBB6521,corhum1,exact
Saundersilarus saundersi,Saundersilarus saundersi,avibase-88BBD516,saugul2,exact
Saxicola caprata,Saxicola caprata,avibase-A64A1FA2,piebus1,exact
Saxicola ferreus,Saxicola ferreus,avibase-1580864C,grybus1,exact
Saxicola maurus,Saxicola maurus,avibase-3380CFC5,y00427,exact
Saxicola rubetra,Saxicola rubetra,avibase-A0EDAEA2,whinch1,exact
Saxicola rubicola,Saxicola rubicola,avibase-0EA8F8B9,stonec4,exact
Saxicola torquatus,Saxicola torquatus,avibase-CF2E9674,afrsto1,exact
Sayornis nigricans,Sayornis nigricans,avibase-B182DED2,blkpho,exact
Sayornis phoebe,Sayornis phoebe,avibase-62CA2AF8,easpho,exact
Sayornis saya,Sayornis saya,avibase-28669A3D,saypho,exact
Scelorchilus albicollis,Scelorchilus albicollis,avibase-4B0B1BC4,whttap1,exact
Scelorchilus rubecula,Scelorchilus rubecula,avibase-23178B5E,chutap1,exact
Scenopoeetes dentirostris,Scenopoeetes dentirostris,avibase-BE1B01A5,tobcat2,exact
Schetba rufa,Schetba rufa,avibase-6814C645,rufvan1,exact
Schiffornis aenea,Schiffornis aenea,avibase-9A159343,thlsch8,exact
Schiffornis major,Schiffornis major,avibase-FDC79991,varsch1,exact
Schiffornis olivacea,Schiffornis olivacea,avibase-5CA8A372,thlsch7,exact
Schiffornis stenorhyncha,Schiffornis stenorhyncha,avibase-32718B62,thlsch4,exact
Schiffornis turdina,Schiffornis turdina,avibase-D54C8603,thlsch3,exact
Schiffornis veraepacis,Schiffornis veraepacis,avibase-BB758322,thlsch2,exact
Schiffornis virescens,Schiffornis virescens,avibase-DC638A66,gresch2,exact
Schistes geoffroyi,Schistes geoffroyi,avibase-1638D555,webhum1,exact
Schistochlamys melanopis,Schistochlamys melanopis,avibase-C78F3803,blftan1,exact
Schistochlamys ruficapillus,Schistochlamys ruficapillus,avibase-6241BAEB,cintan1,exact
Schoenicola platyurus,Schoenicola platyurus,avibase-63CBD04F,brtgra2,exact
Schoenicola striatus,Schoenicola striatus,avibase-F0EECB8B,brigra2,exact
Schoeniophylax phryganophilus,Schoeniophylax phryganophilus,avibase-A5F1822E,chospi2,exact
Schoeniparus brunneus,Schoeniparus brunneus,avibase-22849F1D,dusful1,exact
Schoeniparus castaneceps,Schoeniparus castaneceps,avibase-31A8AC8C,ruwful1,exact
Schoeniparus cinereus,Schoeniparus cinereus,avibase-5DC957D6,yetful1,exact
Schoeniparus dubius,Schoeniparus dubius,avibase-D581A297,rucful1,exact
Schoeniparus rufogularis,Schoeniparus rufogularis,avibase-D3441B7C,rutful1,exact
Sciaphylax castanea,Sciaphylax castanea,avibase-30B38306,zimant1,exact
Sciaphylax hemimelaena,Sciaphylax hemimelaena,avibase-34774DAD,chtant2,exact
Sclateria naevia,Sclateria naevia,avibase-54F437ED,silant1,exact
Scleroptila afra,Scleroptila afra,avibase-21616639,gywfra1,exact
Scleroptila gutturalis,Scleroptila gutturalis,avibase-8E833C63,orrfra2,exact
Scleroptila levaillantii,Scleroptila levaillantii,avibase-B49935ED,rewfra2,exact
Scleroptila shelleyi,Scleroptila shelleyi,avibase-A15F6836,shefra1,exact
Sclerurus albigularis,Sclerurus albigularis,avibase-217490B5,grtlea1,exact
Sclerurus caudacutus,Sclerurus caudacutus,avibase-68408033,bltlea1,exact
Sclerurus guatemalensis,Sclerurus guatemalensis,avibase-8A2B456C,sctlea1,exact
Sclerurus mexicanus,Sclerurus mexicanus,avibase-179D87DA,tatlea1,exact
Sclerurus obscurior,Sclerurus obscurior,avibase-561897FD,soalea1,exact
Sclerurus rufigularis,Sclerurus rufigularis,avibase-A085AD13,shblea1,exact
Sclerurus scansor,Sclerurus scansor,avibase-4EE931C8,rublea1,exact
Scolopax bukidnonensis,Scolopax bukidnonensis,avibase-EC0ADB10,bukwoo1,exact
Scolopax minor,Scolopax minor,avibase-F4829920,amewoo,exact
Scolopax rusticola,Scolopax rusticola,avibase-BFE14290,eurwoo,exact
Scopus umbretta,Scopus umbretta,avibase-FC10F6ED,hamerk1,exact
Scotocerca inquieta,Scotocerca inquieta,avibase-FCF07F05,stswar1,exact
Scytalopus acutirostris,Scytalopus acutirostris,avibase-D682226D,tsctap1,exact
Scytalopus affinis,Scytalopus affinis,avibase-FF55AC93,anctap1,exact
Scytalopus altirostris,Scytalopus altirostris,avibase-B8AB1214,nebtap1,exact
Scytalopus alvarezlopezi,Scytalopus alvarezlopezi,avibase-01280CF8,alptap1,exact
Scytalopus androstictus,Scytalopus androstictus,avibase-898BB818,partap4,exact
Scytalopus argentifrons,Scytalopus argentifrons,avibase-BFDA7B0D,siftap1,exact
Scytalopus atratus,Scytalopus atratus,avibase-7CD6AF48,whctap1,exact
Scytalopus bolivianus,Scytalopus bolivianus,avibase-0475179F,boltap1,exact
Scytalopus canus,Scytalopus canus,avibase-71CF5120,partap1,exact
Scytalopus caracae,Scytalopus caracae,avibase-1B7E55DC,cartap1,exact
Scytalopus chocoensis,Scytalopus chocoensis,avibase-7011CE6F,chotap1,exact
Scytalopus diamantinensis,Scytalopus diamantinensis,avibase-D72E1392,diatap2,exact
Scytalopus femoralis,Scytalopus femoralis,avibase-FAEB87F2,ruvtap1,exact
Scytalopus frankeae,Scytalopus frankeae,avibase-25B56CA4,miltap1,exact
Scytalopus fuscus,Scytalopus fuscus,avibase-03E291EF,dustap1,exact
Scytalopus griseicollis,Scytalopus griseicollis,avibase-34FF09E8,mattap1,exact
Scytalopus intermedius,Scytalopus intermedius,avibase-87F84A30,blatap2,exact
Scytalopus iraiensis,Scytalopus iraiensis,avibase-CC049017,martap1,exact
Scytalopus latebricola,Scytalopus latebricola,avibase-04128FC4,brrtap1,exact
Scytalopus latrans,Scytalopus latrans,avibase-058E0536,blatap1,exact
Scytalopus macropus,Scytalopus macropus,avibase-23300330,laftap1,exact
Scytalopus magellanicus,Scytalopus magellanicus,avibase-3B642DBA,magtap1,exact
Scytalopus meridanus,Scytalopus meridanus,avibase-CAA64CEB,mertap1,exact
Scytalopus micropterus,Scytalopus micropterus,avibase-5C045427,lottap1,exact
Scytalopus novacapitalis,Scytalopus novacapitalis,avibase-31C66B1A,bratap1,exact
Scytalopus opacus,Scytalopus opacus,avibase-ACAF6D0D,partap2,exact
Scytalopus pachecoi,Scytalopus pachecoi,avibase-977B33F3,platap1,exact
Scytalopus parkeri,Scytalopus parkeri,avibase-0F024845,chutap2,exact
Scytalopus parvirostris,Scytalopus parvirostris,avibase-461C14CE,tritap1,exact
Scytalopus perijanus,Scytalopus perijanus,avibase-C98B9363,pertap1,exact
Scytalopus petrophilus,Scytalopus petrophilus,avibase-71C03400,roctap1,exact
Scytalopus robbinsi,Scytalopus robbinsi,avibase-ADF01DB1,ecutap1,exact
Scytalopus rodriguezi,Scytalopus rodriguezi,avibase-44F1FA5E,upmtap1,exact
Scytalopus sanctaemartae,Scytalopus sanctaemartae,avibase-86FEE4EB,samtap1,exact
Scytalopus schulenbergi,Scytalopus schulenbergi,avibase-F5C3CDC0,diatap1,exact
Scytalopus simonsi,Scytalopus simonsi,avibase-7401CD82,puntap1,exact
Scytalopus speluncae,Scytalopus speluncae,avibase-4A5821A9,moctap1,exact
Scytalopus spillmanni,Scytalopus spillmanni,avibase-20768B0C,spitap2,exact
Scytalopus stilesi,Scytalopus stilesi,avibase-477071F7,stitap1,exact
Scytalopus superciliaris,Scytalopus superciliaris,avibase-5D26DC42,whbtap2,exact
Scytalopus unicolor,Scytalopus unicolor,avibase-F38472F6,unitap1,exact
Scytalopus urubambae,Scytalopus urubambae,avibase-4C306ABA,viltap1,exact
Scytalopus vicinior,Scytalopus vicinior,avibase-8F3F25DF,nartap2,exact
Scytalopus zimmeri,Scytalopus zimmeri,avibase-24F39183,zimtap1,exact
Scythrops novaehollandiae,Scythrops novaehollandiae,avibase-D9638667,chbcuc2,exact
Seiurus aurocapilla,Seiurus aurocapilla,avibase-CEA5B6AA,ovenbi1,exact
Selasphorus calliope,Selasphorus calliope,avibase-5816834E,calhum,exact
Selasphorus ellioti,Selasphorus ellioti,avibase-A5C2B7FB,withum1,exact
Selasphorus heloisa,Selasphorus heloisa,avibase-FDB8FCFF,bumhum,exact
Selasphorus platycercus,Selasphorus platycercus,avibase-AFBD5A5F,brthum,exact
Selasphorus rufus,Selasphorus rufus,avibase-1E1B6D19,rufhum,exact
Selasphorus sasin,Selasphorus sasin,avibase-C25794D5,allhum,exact
Selenidera gouldii,Selenidera gouldii,avibase-39C1655E,goutou1,exact
Selenidera maculirostris,Selenidera maculirostris,avibase-F0C12CF9,spbtou1,exact
Selenidera piperivora,Selenidera piperivora,avibase-92FB567F,guitou1,exact
Selenidera reinwardtii,Selenidera reinwardtii,avibase-6AAA6132,goctou1,exact
Selenidera spectabilis,Selenidera spectabilis,avibase-ABE76F69,yeetou1,exact
Seleucidis melanoleucus,Seleucidis melanoleucus,avibase-0EB8052B,twwbop1,exact
Semioptera wallacii,Semioptera wallacii,avibase-5B56D6BE,walsta2,exact
Semnornis frantzii,Semnornis frantzii,avibase-B27828B0,prbbar1,exact
Semnornis ramphastinus,Semnornis ramphastinus,avibase-0283EBE3,toubar1,exact
Sephanoides sephaniodes,Sephanoides sephaniodes,avibase-F9E46CF4,grbfir1,exact
Sericornis citreogularis,Neosericornis citreogularis,avibase-D51A7B9A,yetscr1,clements_english
Sericornis frontalis,Sericornis frontalis,avibase-28FE48D9,whbscr1,exact
Sericornis humilis,Sericornis humilis,avibase-C9FE7134,tasscr1,exact
Sericornis magnirostra,Sericornis magnirostra,avibase-6ECFB133,labscr2,exact
Sericornis papuensis,Aethomyias papuensis,avibase-25F21608,papscr1,clements_english
Sericossypha albocristata,Sericossypha albocristata,avibase-961A51A7,whctan1,exact
Serilophus lunatus,Serilophus lunatus,avibase-9CF3D96B,sibbro3,exact
Serinus alario,Serinus alario,avibase-CA9E354B,bkhcan2,exact
Serinus canaria,Serinus canaria,avibase-191B68BC,comcan,exact
Serinus canicollis,Serinus canicollis,avibase-E6C3FA67,capcan1,exact
Serinus flavivertex,Serinus flavivertex,avibase-DCFFEEC1,yeccan1,exact
Serinus pusillus,Serinus pusillus,avibase-FB1C44D5,fifser1,exact
Serinus serinus,Serinus serinus,avibase-C3227709,eurser1,exact
Serpophaga cinerea,Serpophaga cinerea,avibase-F42A1296,tortyr1,exact
Serpophaga griseicapilla,Serpophaga griseicapilla,avibase-F0D27274,gyctyr2,exact
Serpophaga hypoleuca,Serpophaga hypoleuca,avibase-9132B347,rivtyr1,exact
Serpophaga nigricans,Serpophaga nigricans,avibase-73946059,sootyr1,exact
Serpophaga subcristata,Serpophaga subcristata,avibase-CD09F29F,y01036,exact
Setopagis parvula,Setopagis parvula,avibase-A1EEC8FF,litnig1,exact
Setophaga adelaidae,Setophaga adelaidae,avibase-43F4D735,adewar1,exact
Setophaga americana,Setophaga americana,avibase-41062654,norpar,exact
Setophaga caerulescens,Setophaga caerulescens,avibase-67B455A7,btbwar,exact
Setophaga castanea,Setophaga castanea,avibase-10C601D3,babwar,exact
Setophaga cerulea,Setophaga cerulea,avibase-D00EC2C9,cerwar,exact
Setophaga chrysoparia,Setophaga chrysoparia,avibase-8A35BFD6,gchwar,exact
Setophaga citrina,Setophaga citrina,avibase-15EB3000,hoowar,exact
Setophaga coronata,Setophaga coronata,avibase-BC5A9498,yerwar,exact
Setophaga discolor,Setophaga discolor,avibase-E36325FA,prawar,exact
Setophaga dominica,Setophaga dominica,avibase-136451CF,yetwar,exact
Setophaga fusca,Setophaga fusca,avibase-4168AF09,bkbwar,exact
Setophaga graciae,Setophaga graciae,avibase-946DCF53,grawar,exact
Setophaga kirtlandii,Setophaga kirtlandii,avibase-B9A2B7CC,kirwar,exact
Setophaga magnolia,Setophaga magnolia,avibase-1E82CE1E,magwar,exact
Setophaga nigrescens,Setophaga nigrescens,avibase-6B7A93C5,btywar,exact
Setophaga occidentalis,Setophaga occidentalis,avibase-0EB07C12,herwar,exact
Setophaga palmarum,Setophaga palmarum,avibase-4AAEF549,palwar,exact
Setophaga pensylvanica,Setophaga pensylvanica,avibase-7AB1229B,chswar,exact
Setophaga petechia,Setophaga petechia,avibase-6C439FF4,manwar1,exact
Setophaga pinus,Setophaga pinus,avibase-6283E61E,pinwar,exact
Setophaga pitiayumi,Setophaga pitiayumi,avibase-4926BC8C,tropar,exact
Setophaga pityophila,Setophaga pityophila,avibase-45C2A0F6,olcwar1,exact
Setophaga ruticilla,Setophaga ruticilla,avibase-BED38F50,amered,exact
Setophaga striata,Setophaga striata,avibase-544A5E6B,bkpwar,exact
Setophaga tigrina,Setophaga tigrina,avibase-DB20CB6B,camwar,exact
Setophaga townsendi,Setophaga townsendi,avibase-F6C6C3F7,towwar,exact
Setophaga virens,Setophaga virens,avibase-9FFEDE99,btnwar,exact
Sheppardia gunningi,Sheppardia gunningi,avibase-3E4783BA,eacaka1,exact
Sheppardia sharpei,Sheppardia sharpei,avibase-9B35BE95,shaaka1,exact
Sholicola albiventris,Sholicola albiventris,avibase-76F3C885,whbsho3,exact
Sholicola major,Sholicola major,avibase-26F04AA3,whbsho1,exact
Sialia currucoides,Sialia currucoides,avibase-97B870B4,moublu,exact
Sialia mexicana,Sialia mexicana,avibase-AC2B812A,wesblu,exact
Sialia sialis,Sialia sialis,avibase-A8347C7D,easblu,exact
Sicalis auriventris,Sicalis auriventris,avibase-3CBC7FE3,gryfin2,exact
Sicalis citrina,Sicalis citrina,avibase-961B34B3,styfin1,exact
Sicalis flaveola,Sicalis flaveola,avibase-A5AA0BEC,saffin,exact
Sicalis lebruni,Sicalis lebruni,avibase-CB25EECF,payfin1,exact
Sicalis luteocephala,Sicalis luteocephala,avibase-89CEC2C1,chyfin1,exact
Sicalis luteola,Sicalis luteola,avibase-85C6D2E5,gryfin1,exact
Sicalis olivascens,Sicalis olivascens,avibase-26760B15,gryfin3,exact
Sicalis uropygialis,Sicalis uropygialis,avibase-D2F4DBA5,bryfin1,exact
Sinosuthora webbiana,Suthora webbiana,avibase-32709919,vitpar1,clements_english
Siphonorhis brewsteri,Siphonorhis brewsteri,avibase-5E7F4216,leapau1,exact
Sipia berlepschi,Sipia berlepschi,avibase-C68B58B6,sttant3,exact
Sipia laemosticta,Sipia laemosticta,avibase-0145FE4C,dumant1,exact
Sipia nigricauda,Sipia nigricauda,avibase-48C31429,esmant1,exact
Sipia palliata,Sipia palliata,avibase-E492E478,dumant3,exact
Sirystes albocinereus,Sirystes albocinereus,avibase-524DE233,whrsir1,exact
Sirystes albogriseus,Sirystes albogriseus,avibase-33EB2398,siryst3,exact
Sirystes sibilator,Sirystes sibilator,avibase-BC92F381,sibsir1,exact
Sitta canadensis,Sitta canadensis,avibase-0716A71C,rebnut,exact
Sitta carolinensis,Sitta carolinensis,avibase-19CCBBD2,whbnut,exact
Sitta cinnamoventris,Sitta cinnamoventris,avibase-DB238042,chbnut3,exact
Sitta europaea,Sitta europaea,avibase-9C2B53A0,eurnut2,exact
Sitta frontalis,Sitta frontalis,avibase-7A91853C,vefnut1,exact
Sitta himalayensis,Sitta himalayensis,avibase-26FFF238,whtnut1,exact
Sitta krueperi,Sitta krueperi,avibase-E29D7FB9,krunut1,exact
Sitta magna,Sitta magna,avibase-C71B1D8A,gianut1,exact
Sitta nagaensis,Sitta nagaensis,avibase-12968248,chvnut1,exact
Sitta neumayer,Sitta neumayer,avibase-C37C527F,rocnut1,exact
Sitta pusilla,Sitta pusilla,avibase-AD7F307B,bnhnut,exact
Sitta pygmaea,Sitta pygmaea,avibase-BD0914CB,pygnut,exact
Sitta tephronota,Sitta tephronota,avibase-102758DF,pernut1,exact
Sitta villosa,Sitta villosa,avibase-CEB2041A,snbnut1,exact
Sitta whiteheadi,Sitta whiteheadi,avibase-7FD1FB23,cornut1,exact
Sitta yunnanensis,Sitta yunnanensis,avibase-103FF2D9,yunnut1,exact
Sittasomus griseicapillus,Sittasomus griseicapillus,avibase-5DE4409C,oliwoo1,exact
Sittiparus castaneoventris,Sittiparus castaneoventris,avibase-73CC2EE9,vartit3,exact
Sittiparus owstoni,Sittiparus owstoni,avibase-3A79F96B,vartit4,exact
Sittiparus varius,Sittiparus varius,avibase-B061340F,vartit1,exact
Smicrornis brevirostris,Smicrornis brevirostris,avibase-4568006A,weebil1,exact
Smithornis capensis,Smithornis capensis,avibase-9EE216F9,afrbro1,exact
Smithornis rufolateralis,Smithornis rufolateralis,avibase-1F662597,rusbro1,exact
Snowornis subalaris,Snowornis subalaris,avibase-413E0E1A,gytpih1,exact
Somateria mollissima,Somateria mollissima,avibase-B77377EE,comeid,exact
Somateria spectabilis,Somateria spectabilis,avibase-F3D74914,kineid,exact
Spartonoica maluroides,Spartonoica maluroides,avibase-38B193CE,bcwspi1,exact
Spatula clypeata,Spatula clypeata,avibase-ED4CE8E7,norsho,exact
Spatula cyanoptera,Spatula cyanoptera,avibase-0E599E6C,cintea,exact
Spatula discors,Spatula discors,avibase-90E2543E,buwtea,exact
Spatula platalea,Spatula platalea,avibase-CEFACC86,redsho1,exact
Spatula puna,Spatula puna,avibase-86B0BAFA,puntea1,exact
Spatula querquedula,Spatula querquedula,avibase-F577BA0F,gargan,exact
Spelaeornis caudatus,Spelaeornis caudatus,avibase-18E871A3,rtwbab1,exact
Spelaeornis oatesi,Spelaeornis oatesi,avibase-0C4E399F,chhwrb1,exact
Spelaeornis troglodytoides,Spelaeornis troglodytoides,avibase-D7BB497E,bwwbab1,exact
Spermestes cucullata,Spermestes cucullata,avibase-142E4CB7,broman1,exact
Spermophaga haematina,Spermophaga haematina,avibase-3817DA4A,wesblu1,exact
Sphecotheres vieilloti,Sphecotheres vieilloti,avibase-DAC824A4,ausfig1,exact
Spheniscus demersus,Spheniscus demersus,avibase-9B183BDD,jacpen1,exact
Spheniscus magellanicus,Spheniscus magellanicus,avibase-3B4B29E0,magpen1,exact
Sphenoeacus afer,Sphenoeacus afer,avibase-8EE724E4,capgra1,exact
Sphenopsis frontalis,Sphenopsis frontalis,avibase-0539220A,olehem1,exact
Sphenopsis melanotis,Sphenopsis melanotis,avibase-2F027A59,bkehem2,exact
Sphyrapicus nuchalis,Sphyrapicus nuchalis,avibase-20F4B01D,rensap,exact
Sphyrapicus ruber,Sphyrapicus ruber,avibase-52F63879,rebsap,exact
Sphyrapicus thyroideus,Sphyrapicus thyroideus,avibase-28A4DA76,wilsap,exact
Sphyrapicus varius,Sphyrapicus varius,avibase-9BE68BD3,yebsap,exact
Spiloptila clamans,Spiloptila clamans,avibase-2A88D0BC,crilon1,exact
Spilornis cheela,Spilornis cheela,avibase-3EEEE78A,crseag1,exact
Spilornis holospilus,Spilornis holospilus,avibase-B7C2D213,phseag1,exact
Spindalis zena,Spindalis zena,avibase-AA587D5F,wesspi,exact
Spinus atratus,Spinus atratus,avibase-2124235E,blasis1,exact
Spinus barbatus,Spinus barbatus,avibase-AE31F0F3,blcsis2,exact
Spinus crassirostris,Spinus crassirostris,avibase-9B6C51A1,thbsis1,exact
Spinus cucullatus,Spinus cucullatus,avibase-8B583CC8,redsis1,exact
Spinus lawrencei,Spinus lawrencei,avibase-C27D9E26,lawgol,exact
Spinus magellanicus,Spinus magellanicus,avibase-77CB59D7,hoosis1,exact
Spinus notatus,Spinus notatus,avibase-47188991,blhsis1,exact
Spinus olivaceus,Spinus olivaceus,avibase-01BC8E6F,olisis1,exact
Spinus pinus,Spinus pinus,avibase-B48335B1,pinsis,exact
Spinus psaltria,Spinus psaltria,avibase-CD5C21CA,lesgol,exact
Spinus spinescens,Spinus spinescens,avibase-56FF55E5,andsis1,exact
Spinus spinus,Spinus spinus,avibase-9820CECA,eursis,exact
Spinus tristis,Spinus tristis,avibase-C9ABA616,amegfi,exact
Spinus xanthogastrus,Spinus xanthogastrus,avibase-8E56A1C6,yebsis1,exact
Spiza americana,Spiza americana,avibase-592E58CE,dickci,exact
Spizaetus isidori,Spizaetus isidori,avibase-D31EE719,baceag2,exact
Spizaetus melanoleucus,Spizaetus melanoleucus,avibase-9131A970,bawhae1,exact
Spizaetus ornatus,Spizaetus ornatus,avibase-EA4FB522,orheag1,exact
Spizaetus tyrannus,Spizaetus tyrannus,avibase-7680293A,blheag1,exact
Spizella atrogularis,Spizella atrogularis,avibase-ECC32BD0,bkcspa,exact
Spizella breweri,Spizella breweri,avibase-29967541,brespa,exact
Spizella pallida,Spizella pallida,avibase-486265CF,clcspa,exact
Spizella passerina,Spizella passerina,avibase-37E9CCDA,chispa,exact
Spizella pusilla,Spizella pusilla,avibase-E23F6DE0,fiespa,exact
Spizella wortheni,Spizella wortheni,avibase-3B25CBE3,worspa,exact
Spizelloides arborea,Spizelloides arborea,avibase-2A86F9C9,amtspa,exact
Spiziapteryx circumcincta,Spiziapteryx circumcincta,avibase-0CB76DBD,spwfal2,exact
Spizixos canifrons,Spizixos canifrons,avibase-10F913B3,crefin1,exact
Spizixos semitorques,Spizixos semitorques,avibase-40F3B30B,colfin1,exact
Spodiopsar cineraceus,Spodiopsar cineraceus,avibase-632ACC15,whcsta1,exact
Spodiopsar sericeus,Spodiopsar sericeus,avibase-8E1A6EB9,rebsta1,exact
Spodiornis rusticus,Haplospiza rustica,avibase-48CC8086,slafin1,clements_english
Sporathraupis cyanocephala,Sporathraupis cyanocephala,avibase-E97657AA,blctan2,exact
Sporophila albogularis,Sporophila albogularis,avibase-19BA6768,whtsee1,exact
Sporophila angolensis,Sporophila angolensis,avibase-8F23E84F,cbsfin,exact
Sporophila atrirostris,Sporophila atrirostris,avibase-D57B98B9,bbsfin1,exact
Sporophila bouvreuil,Sporophila bouvreuil,avibase-8A6216CA,capsee1,exact
Sporophila bouvronides,Sporophila bouvronides,avibase-CF81E248,lessee2,exact
Sporophila caerulescens,Sporophila caerulescens,avibase-0BCC3F94,docsee1,exact
Sporophila castaneiventris,Sporophila castaneiventris,avibase-96F2444F,chbsee1,exact
Sporophila cinnamomea,Sporophila cinnamomea,avibase-11F5B941,chesee1,exact
Sporophila collaris,Sporophila collaris,avibase-CA248006,rucsee1,exact
Sporophila corvina,Sporophila corvina,avibase-53BF86BF,varsee3,exact
Sporophila crassirostris,Sporophila crassirostris,avibase-2824A1D9,lbsfin1,exact
Sporophila falcirostris,Sporophila falcirostris,avibase-334CD1D7,temsee1,exact
Sporophila fringilloides,Sporophila fringilloides,avibase-233E719A,whnsee1,exact
Sporophila frontalis,Sporophila frontalis,avibase-3B38D8C5,bufsee1,exact
Sporophila funerea,Sporophila funerea,avibase-64EDEAE0,tbsfin1,exact
Sporophila hypochroma,Sporophila hypochroma,avibase-026B8797,rursee1,exact
Sporophila hypoxantha,Sporophila hypoxantha,avibase-57E2CEDC,tabsee1,exact
Sporophila intermedia,Sporophila intermedia,avibase-1F11E4F1,grysee1,exact
Sporophila leucoptera,Sporophila leucoptera,avibase-D5AA8D6D,whbsee1,exact
Sporophila lineola,Sporophila lineola,avibase-7B104DA6,linsee1,exact
Sporophila luctuosa,Sporophila luctuosa,avibase-F17ED91C,bawsee1,exact
Sporophila minuta,Sporophila minuta,avibase-96944A78,rubsee1,exact
Sporophila morelleti,Sporophila morelleti,avibase-7ADA5AD0,whcsee1,exact
Sporophila nigricollis,Sporophila nigricollis,avibase-52DEFF09,yebsee1,exact
Sporophila nuttingi,Sporophila nuttingi,avibase-3AAEDDCF,nisfin1,exact
Sporophila palustris,Sporophila palustris,avibase-141E0EB0,marsee1,exact
Sporophila peruviana,Sporophila peruviana,avibase-6725A42C,pabsee1,exact
Sporophila pileata,Sporophila pileata,avibase-4240E96E,pebsee1,exact
Sporophila plumbea,Sporophila plumbea,avibase-1AA93871,plusee1,exact
Sporophila ruficollis,Sporophila ruficollis,avibase-E5123580,datsee1,exact
Sporophila schistacea,Sporophila schistacea,avibase-6DA5E4F4,slcsee1,exact
Sporophila simplex,Sporophila simplex,avibase-233F1B30,drasee1,exact
Sporophila telasco,Sporophila telasco,avibase-F00E876B,chtsee1,exact
Sporophila torqueola,Sporophila torqueola,avibase-B720B375,whcsee2,exact
Sporopipes frontalis,Sporopipes frontalis,avibase-C90890A3,spfwea1,exact
Sporopipes squamifrons,Sporopipes squamifrons,avibase-49802951,scawea1,exact
Stachyris maculata,Stachyris maculata,avibase-4F128303,chrbab1,exact
Stachyris nigriceps,Stachyris nigriceps,avibase-D58D57B3,gytbab1,exact
Stachyris nigricollis,Stachyris nigricollis,avibase-5B383BC6,bltbab1,exact
Stachyris poliocephala,Stachyris poliocephala,avibase-65635086,gyhbab1,exact
Stachyris strialata,Stachyris strialata,avibase-464EC010,spnbab1,exact
Stachyris thoracica,Stachyris thoracica,avibase-1E93233E,whbbab1,exact
Stactolaema leucotis,Stactolaema leucotis,avibase-6C81D39B,whebar1,exact
Stactolaema olivacea,Cryptolybia olivacea,avibase-4568986F,grebar2,clements_english
Stagonopleura bella,Stagonopleura bella,avibase-82ABFD7F,beafir1,exact
Staphida torqueola,Staphida torqueola,avibase-18E06178,indyuh1,exact
Steatornis caripensis,Steatornis caripensis,avibase-A820F165,oilbir1,exact
Stelgidillas gracilirostris,Stelgidillas gracilirostris,avibase-5D82C13B,slbgre1,exact
Stelgidopteryx ruficollis,Stelgidopteryx ruficollis,avibase-EE5B7812,srwswa1,exact
Stelgidopteryx serripennis,Stelgidopteryx serripennis,avibase-2C1981BB,nrwswa,exact
Stenostira scita,Stenostira scita,avibase-D6F5D224,faifly1,exact
Stephanoaetus coronatus,Stephanoaetus coronatus,avibase-1E3B3515,crheag1,exact
Stephanophorus diadematus,Stephanophorus diadematus,avibase-F57B8D02,diatan1,exact
Stephanoxis lalandi,Stephanoxis lalandi,avibase-C9F9F99A,plover3,exact
Stephanoxis loddigesii,Stephanoxis loddigesii,avibase-C85BE5CC,plover4,exact
Stercorarius antarcticus,Stercorarius antarcticus,avibase-4D5D2BC3,brnsku3,exact
Stercorarius longicaudus,Stercorarius longicaudus,avibase-1D446440,lotjae,exact
Stercorarius maccormicki,Stercorarius maccormicki,avibase-7D1A9D5C,sopsku1,exact
Stercorarius parasiticus,Stercorarius parasiticus,avibase-39086887,parjae,exact
Stercorarius pomarinus,Stercorarius pomarinus,avibase-7CB8F5B7,pomjae,exact
Stercorarius skua,Stercorarius skua,avibase-BB041C6E,gresku1,exact
Sterna aurantia,Sterna aurantia,avibase-A874F334,rivter1,exact
Sterna dougallii,Sterna dougallii,avibase-74236837,roster,exact
Sterna forsteri,Sterna forsteri,avibase-D13B9122,forter,exact
Sterna hirundinacea,Sterna hirundinacea,avibase-ECAE1DA1,soater1,exact
Sterna hirundo,Sterna hirundo,avibase-4D2FF6F1,comter,exact
Sterna paradisaea,Sterna paradisaea,avibase-BDC5CF80,arcter,exact
Sterna repressa,Sterna repressa,avibase-CF5C013D,whcter1,exact
Sterna striata,Sterna striata,avibase-E1F9123B,whfter1,exact
Sterna sumatrana,Sterna sumatrana,avibase-9D6704AC,blnter1,exact
Sterna trudeaui,Sterna trudeaui,avibase-98FBF9CA,truter,exact
Sterna vittata,Sterna vittata,avibase-E9C409B5,antter1,exact
Sternula albifrons,Sternula albifrons,avibase-17310BF0,litter1,exact
Sternula antillarum,Sternula antillarum,avibase-BE78E765,leater1,exact
Sternula saundersi,Sternula saundersi,avibase-4B21F4D8,sauter2,exact
Sternula superciliaris,Sternula superciliaris,avibase-8B4BBC2A,yebter2,exact
Stigmatura budytoides,Stigmatura budytoides,avibase-DF576ACA,grwtyr1,exact
Stigmatura napensis,Stigmatura napensis,avibase-7D568545,lewtyr1,exact
Stilpnia cayana,Stilpnia cayana,avibase-D9A843C8,bubtan2,exact
Stilpnia cyanicollis,Stilpnia cyanicollis,avibase-98A16735,blntan1,exact
Stilpnia cyanoptera,Stilpnia cyanoptera,avibase-F9C4B045,bkhtan1,exact
Stilpnia heinei,Stilpnia heinei,avibase-41A0DB76,blctan1,exact
Stilpnia larvata,Stilpnia larvata,avibase-C8C30E94,gohtan1,exact
Stilpnia nigrocincta,Stilpnia nigrocincta,avibase-76F91EB1,mastan1,exact
Stilpnia peruviana,Stilpnia peruviana,avibase-806ABB29,blbtan1,exact
Stilpnia preciosa,Stilpnia preciosa,avibase-4DD0A2FD,chbtan1,exact
Stilpnia vitriolina,Stilpnia vitriolina,avibase-A7B6279C,scrtan1,exact
Stiphrornis erythrothorax,Stiphrornis erythrothorax,avibase-0DD78D2A,obfrob1,exact
Stipiturus malachurus,Stipiturus malachurus,avibase-5C9D20AA,souemu1,exact
Stizoptera bichenovii,Stizoptera bichenovii,avibase-4DF9C4F6,dobfin1,exact
Stomiopera unicolor,Stomiopera unicolor,avibase-EC322B71,whghon1,exact
Strepera fuliginosa,Strepera fuliginosa,avibase-7FF38E73,blacur2,exact
Strepera graculina,Strepera graculina,avibase-B39778F8,piecur1,exact
Strepera versicolor,Strepera versicolor,avibase-B7717F2A,grycur1,exact
Streptopelia capicola,Streptopelia capicola,avibase-AB937AEB,rindov,exact
Streptopelia chinensis,Spilopelia chinensis,avibase-C8EF4F36,spodov,clements_english
Streptopelia decaocto,Streptopelia decaocto,avibase-0C1EFC9B,eucdov,exact
Streptopelia decipiens,Streptopelia decipiens,avibase-70BD722B,afmdov1,exact
Streptopelia lugens,Streptopelia lugens,avibase-8770C6A7,dutdov1,exact
Streptopelia orientalis,Streptopelia orientalis,avibase-6658BAC5,ortdov,exact
Streptopelia roseogrisea,Streptopelia roseogrisea,avibase-273A4A2F,afcdov1,exact
Streptopelia semitorquata,Streptopelia semitorquata,avibase-9888B3AE,reedov1,exact
Streptopelia senegalensis,Spilopelia senegalensis,avibase-B2D6AB06,laudov1,clements_english
Streptopelia tranquebarica,Streptopelia tranquebarica,avibase-BC140778,recdov1,exact
Streptopelia turtur,Streptopelia turtur,avibase-5788552B,eutdov,exact
Streptopelia vinacea,Streptopelia vinacea,avibase-DDEF7228,vindov1,exact
Streptoprocne biscutata,Streptoprocne biscutata,avibase-5267D127,bisswi1,exact
Streptoprocne rutila,Streptoprocne rutila,avibase-50222B1F,chcswi1,exact
Streptoprocne zonaris,Streptoprocne zonaris,avibase-88D7E68D,whcswi,exact
Strix aluco,Strix aluco,avibase-612B4380,tawowl1,exact
Strix chacoensis,Strix chacoensis,avibase-4D481B0E,chaowl1,exact
Strix fulvescens,Strix fulvescens,avibase-E3E227D2,fulowl1,exact
Strix hadorami,Strix hadorami,avibase-F6F87349,humowl1,exact
Strix hylophila,Strix hylophila,avibase-06406B92,rubowl2,exact
Strix leptogrammica,Strix leptogrammica,avibase-8253A007,brwowl1,exact
Strix nebulosa,Strix nebulosa,avibase-FA36ABE5,grgowl,exact
Strix nivicolum,Strix nivicolum,avibase-6EC64712,himowl1,exact
Strix occidentalis,Strix occidentalis,avibase-9B26D30B,spoowl,exact
Strix ocellata,Strix ocellata,avibase-52A8CE5C,mowowl1,exact
Strix rufipes,Strix rufipes,avibase-AA0FBFE2,rulowl1,exact
Strix seloputo,Strix seloputo,avibase-F4F6EC81,spwowl1,exact
Strix uralensis,Strix uralensis,avibase-93486A56,uraowl1,exact
Strix varia,Strix varia,avibase-BDBB04D5,brdowl,exact
Strix woodfordii,Strix woodfordii,avibase-2E6575A8,afwowl1,exact
Struthidea cinerea,Struthidea cinerea,avibase-5811EC08,apostl1,exact
Sturnella magna,Sturnella magna,avibase-8CD66855,easmea,exact
Sturnella neglecta,Sturnella neglecta,avibase-4A5B4883,wesmea,exact
Sturnia malabarica,Sturnia malabarica,avibase-B2D85309,y00824,exact
Sturnia pagodarum,Sturnia pagodarum,avibase-E44DFDFA,brasta1,exact
Sturnia sinensis,Sturnia sinensis,avibase-ED5CDA85,whssta2,exact
Sturnus unicolor,Sturnus unicolor,avibase-B0D81671,sposta1,exact
Sturnus vulgaris,Sturnus vulgaris,avibase-94A44032,eursta,exact
Sublegatus arenarum,Sublegatus arenarum,avibase-1C60CF96,nosfly1,exact
Sublegatus modestus,Sublegatus modestus,avibase-C7B64D32,sosfly1,exact
Sublegatus obscurior,Sublegatus obscurior,avibase-7EAD5553,amsfly1,exact
Sugomel nigrum,Sugomel nigrum,avibase-772E19B8,blahon1,exact
Suiriri suiriri,Suiriri suiriri,avibase-1BDDEA78,suifly1,exact
Sula dactylatra,Sula dactylatra,avibase-22D1B4A2,masboo,exact
Sula leucogaster,Sula leucogaster,avibase-05520B42,brnboo,exact
Sula nebouxii,Sula nebouxii,avibase-649F85B5,bfoboo,exact
Sula sula,Sula sula,avibase-0A4609D1,refboo,exact
Surnia ulula,Surnia ulula,avibase-C2018A5D,nohowl,exact
Surniculus dicruroides,Surniculus dicruroides,avibase-89141C11,asidrc2,exact
Surniculus lugubris,Surniculus lugubris,avibase-A6A5EE59,asidrc3,exact
Surniculus velutinus,Surniculus velutinus,avibase-7187E85C,phidrc1,exact
Suthora nipalensis,Suthora nipalensis,avibase-9FA30008,bltpar1,exact
Suthora verreauxi,Suthora verreauxi,avibase-B4B6C5A8,golpar2,exact
Swynnertonia swynnertoni,Swynnertonia swynnertoni,avibase-3622BD28,swyrob1,exact
Sylvia abyssinica,Sylvia abyssinica,avibase-7C3026CC,afhbab1,exact
Sylvia atricapilla,Sylvia atricapilla,avibase-61F9065B,blackc1,exact
Sylvia atriceps,Sylvia atriceps,avibase-A0855E30,afhbab3,exact
Sylvia borin,Sylvia borin,avibase-A6A4FC63,garwar1,exact
Sylvia nigricapillus,Sylvia nigricapillus,avibase-015542ED,busbla1,exact
Sylvietta brachyura,Sylvietta brachyura,avibase-7542C6F1,norcro1,exact
Sylvietta rufescens,Sylvietta rufescens,avibase-BA12CD7F,capcro1,exact
Sylvietta ruficapilla,Sylvietta ruficapilla,avibase-98D10978,reccro1,exact
Sylvietta virens,Sylvietta virens,avibase-83E5801B,grecro1,exact
Sylvietta whytii,Sylvietta whytii,avibase-A9030503,refcro1,exact
Sylviorthorhynchus desmursii,Sylviorthorhynchus desmurii,avibase-37179E49,demwir1,clements_english
Sylviorthorhynchus yanacensis,Sylviorthorhynchus yanacensis,avibase-B3FCB52F,tatspi1,exact
Sylviparus modestus,Sylviparus modestus,avibase-02CF8BF8,yebtit3,exact
Syma torotoro,Syma torotoro,avibase-E274D1BF,yebkin1,exact
Symposiachrus trivirgatus,Symposiachrus trivirgatus,avibase-FDE2DC2E,spemon1,exact
Synallaxis albescens,Synallaxis albescens,avibase-346286FC,pabspi1,exact
Synallaxis albigularis,Synallaxis albigularis,avibase-0869AB18,dabspi1,exact
Synallaxis albilora,Synallaxis albilora,avibase-C9D1480B,whlspi1,exact
Synallaxis azarae,Synallaxis azarae,avibase-C4F2C3B6,azaspi1,exact
Synallaxis brachyura,Synallaxis brachyura,avibase-4826C507,slaspi1,exact
Synallaxis cabanisi,Synallaxis cabanisi,avibase-26536ACF,cabspi1,exact
Synallaxis candei,Synallaxis candei,avibase-CF9F617D,whwspi1,exact
Synallaxis castanea,Synallaxis castanea,avibase-8E8B7555,bltspi1,exact
Synallaxis cherriei,Synallaxis cherriei,avibase-F7040F57,chtspi1,exact
Synallaxis cinerascens,Synallaxis cinerascens,avibase-EACB5EC8,gybspi1,exact
Synallaxis cinerea,Synallaxis cinerea,avibase-19D03376,bahspi1,exact
Synallaxis cinnamomea,Synallaxis cinnamomea,avibase-5EA3AA05,stbspi1,exact
Synallaxis courseni,Synallaxis courseni,avibase-9B2C56D1,apuspi1,exact
Synallaxis erythrothorax,Synallaxis erythrothorax,avibase-FFBBA594,rubspi2,exact
Synallaxis frontalis,Synallaxis frontalis,avibase-EC44FF24,sofspi1,exact
Synallaxis fuscorufa,Synallaxis fuscorufa,avibase-54649F25,ruhspi1,exact
Synallaxis gujanensis,Synallaxis gujanensis,avibase-CFEEAE9D,plcspi1,exact
Synallaxis hellmayri,Synallaxis hellmayri,avibase-B8B8C7FA,resspi2,exact
Synallaxis hypochondriaca,Synallaxis hypochondriaca,avibase-577F7CE5,grespi2,exact
Synallaxis hypospodia,Synallaxis hypospodia,avibase-284CBAE3,cibspi1,exact
Synallaxis infuscata,Synallaxis infuscata,avibase-896E26C8,pinspi1,exact
Synallaxis kollari,Synallaxis kollari,avibase-4385B2A7,hotspi1,exact
Synallaxis macconnelli,Synallaxis macconnelli,avibase-FA19AF14,mccspi1,exact
Synallaxis maranonica,Synallaxis maranonica,avibase-3881816B,marspi3,exact
Synallaxis moesta,Synallaxis moesta,avibase-AFB20B1F,dusspi1,exact
Synallaxis ruficapilla,Synallaxis ruficapilla,avibase-9D69DD94,rucspi1,exact
Synallaxis rutilans,Synallaxis rutilans,avibase-FF69CFDB,rudspi1,exact
Synallaxis scutata,Synallaxis scutata,avibase-B4084EB9,occspi1,exact
Synallaxis spixi,Synallaxis spixi,avibase-BFD679A6,spispi1,exact
Synallaxis stictothorax,Synallaxis stictothorax,avibase-76C2CF63,necspi1,exact
Synallaxis subpudica,Synallaxis subpudica,avibase-B96EBCC1,sitspi1,exact
Synallaxis tithys,Synallaxis tithys,avibase-44BB2064,blhspi1,exact
Synallaxis unirufa,Synallaxis unirufa,avibase-DF37E154,rufspi1,exact
Syndactyla dimidiata,Syndactyla dimidiata,avibase-B076D958,rumfog1,exact
Syndactyla guttulata,Syndactyla guttulata,avibase-612F60B6,gufgle1,exact
Syndactyla ruficollis,Syndactyla ruficollis,avibase-BEA49987,rnfgle1,exact
Syndactyla rufosuperciliata,Syndactyla rufosuperciliata,avibase-25CD1E21,bbfgle1,exact
Syndactyla striata,Syndactyla striata,avibase-AB4BDC23,bolrec1,exact
Syndactyla subalaris,Syndactyla subalaris,avibase-93B02145,lifgle1,exact
Syndactyla ucayalae,Syndactyla ucayalae,avibase-6435894B,perrec1,exact
Synoicus chinensis,Synoicus chinensis,avibase-C2579CCB,blbqua1,exact
Synoicus ypsilophorus,Synoicus ypsilophorus,avibase-0CB2A17A,broqua1,exact
Syrigma sibilatrix,Syrigma sibilatrix,avibase-D3CAA0B6,whiher1,exact
Syrrhaptes paradoxus,Syrrhaptes paradoxus,avibase-BDCB55F1,palsan1,exact
Systellura decussata,Quechuavis decussata,avibase-C3D39BB8,bawnig3,clements_english
Systellura longirostris,Systellura longirostris,avibase-73356C9D,bawnig1,exact
Taccocua leschenaultii,Taccocua leschenaultii,avibase-4D3AFA75,sirmal1,exact
Tachornis phoenicobia,Tachornis phoenicobia,avibase-C2077AD8,anpswi,exact
Tachornis squamata,Tachornis squamata,avibase-F0D08AFF,ftpswi1,exact
Tachuris rubrigastra,Tachuris rubrigastra,avibase-4527A1E7,mcrtyr1,exact
Tachybaptus dominicus,Tachybaptus dominicus,avibase-267BDB86,leagre,exact
Tachybaptus novaehollandiae,Tachybaptus novaehollandiae,avibase-1ABF840F,ausgre1,exact
Tachybaptus ruficollis,Tachybaptus ruficollis,avibase-215FEA89,litgre1,exact
Tachycineta albilinea,Tachycineta albilinea,avibase-DBF8F78C,manswa1,exact
Tachycineta albiventer,Tachycineta albiventer,avibase-9FC801AF,whwswa1,exact
Tachycineta bicolor,Tachycineta bicolor,avibase-BBA2F9DF,treswa,exact
Tachycineta euchrysea,Tachycineta euchrysea,avibase-21BA7041,golswa1,exact
Tachycineta leucopyga,Tachycineta leucopyga,avibase-BCDA59AF,chiswa1,exact
Tachycineta leucorrhoa,Tachycineta leucorrhoa,avibase-B9861E4A,whrswa1,exact
Tachycineta thalassina,Tachycineta thalassina,avibase-75DC49AD,vigswa,exact
Tachyeres patachonicus,Tachyeres patachonicus,avibase-B3F9BB06,flystd1,exact
Tachyphonus coronatus,Tachyphonus coronatus,avibase-68825475,ructan1,exact
Tachyphonus delatrii,Tachyphonus delatrii,avibase-D145C517,tactan1,exact
Tachyphonus phoenicius,Tachyphonus phoenicius,avibase-20F07F6E,restan1,exact
Tachyphonus rufus,Tachyphonus rufus,avibase-ED7DE021,whltan1,exact
Tachyphonus surinamus,Tachyphonus surinamus,avibase-A90F77DC,fuctan1,exact
Tadorna cana,Tadorna cana,avibase-D9DEA77E,soashe1,exact
Tadorna ferruginea,Tadorna ferruginea,avibase-1F9D883E,rudshe,exact
Tadorna tadorna,Tadorna tadorna,avibase-5EAB32D3,comshe,exact
Tadorna tadornoides,Tadorna tadornoides,avibase-FF1439E4,ausshe1,exact
Tadorna variegata,Tadorna variegata,avibase-AB08E5C4,parshe1,exact
Taenioptynx brodiei,Taenioptynx brodiei,avibase-8BB833BB,colowl1,exact
Taeniopygia guttata,Taeniopygia guttata,avibase-C532D642,zebfin2,exact
Taeniotriccus andrei,Taeniotriccus andrei,avibase-7A5B9AF3,blctyr2,exact
Talaphorus chlorocercus,Talaphorus chlorocercus,avibase-ACC50DCF,olshum1,exact
Talegalla fuscirostris,Talegalla fuscirostris,avibase-49888E04,bkbbrt1,exact
Talegalla jobiensis,Talegalla jobiensis,avibase-DF603601,bncbrt1,exact
Tangara arthus,Tangara arthus,avibase-0D05B12A,goltan1,exact
Tangara chilensis,Tangara chilensis,avibase-9655118F,partan1,exact
Tangara cyanocephala,Tangara cyanocephala,avibase-3288B74B,rentan1,exact
Tangara cyanoventris,Tangara cyanoventris,avibase-A3CC5604,gietan1,exact
Tangara desmaresti,Tangara desmaresti,avibase-EFDFD9F5,brbtan1,exact
Tangara dowii,Tangara dowii,avibase-62437D68,spctan1,exact
Tangara florida,Tangara florida,avibase-C8B9D4AE,emetan1,exact
Tangara gyrola,Tangara gyrola,avibase-AB916568,bahtan1,exact
Tangara icterocephala,Tangara icterocephala,avibase-E3DA11F1,sittan1,exact
Tangara inornata,Tangara inornata,avibase-6E314A86,plctan1,exact
Tangara labradorides,Tangara labradorides,avibase-19CC72C9,megtan1,exact
Tangara lavinia,Tangara lavinia,avibase-7C975BC2,ruwtan1,exact
Tangara mexicana,Tangara mexicana,avibase-186AE936,turtan1,exact
Tangara nigroviridis,Tangara nigroviridis,avibase-D311DF97,bestan1,exact
Tangara parzudakii,Tangara parzudakii,avibase-E07FBD8E,flftan1,exact
Tangara schrankii,Tangara schrankii,avibase-1A222683,gagtan2,exact
Tangara seledon,Tangara seledon,avibase-19829A58,grhtan2,exact
Tangara vassorii,Tangara vassorii,avibase-26BE0F1E,babtan1,exact
Tangara velia,Tangara velia,avibase-ECDD97C9,oprtan1,exact
Tangara xanthocephala,Tangara xanthocephala,avibase-4929583B,sactan1,exact
Tanygnathus sumatranus,Tanygnathus sumatranus,avibase-D0C378AB,azrpar9,exact
Tanysiptera galatea,Tanysiptera galatea,avibase-76D3DC48,copkin1,exact
Tanysiptera sylvia,Tanysiptera sylvia,avibase-44A15B3E,bubpak1,exact
Tapera naevia,Tapera naevia,avibase-505739E9,strcuc1,exact
Taraba major,Taraba major,avibase-0776F498,greant1,exact
Tarphonomus certhioides,Tarphonomus certhioides,avibase-03C1B264,chaear1,exact
Tarphonomus harterti,Tarphonomus harterti,avibase-10406C28,bolear1,exact
Tarsiger chrysaeus,Tarsiger chrysaeus,avibase-CF1D988A,gobrob1,exact
Tarsiger cyanurus,Tarsiger cyanurus,avibase-E54B8DEE,refblu1,exact
Tarsiger indicus,Tarsiger indicus,avibase-148357B5,wbbrob1,exact
Tarsiger johnstoniae,Tarsiger johnstoniae,avibase-55B75532,cobrob1,exact
Tarsiger rufilatus,Tarsiger rufilatus,avibase-EBC83ABE,himblu1,exact
Tauraco corythaix,Tauraco corythaix,avibase-45CE1202,knytur1,exact
Tauraco fischeri,Tauraco fischeri,avibase-D5846D2A,fistur1,exact
Tauraco hartlaubi,Tauraco hartlaubi,avibase-94214F1C,hartur1,exact
Tauraco leucotis,Menelikornis leucotis,avibase-E1F0E4B5,whctur1,clements_english
Tauraco livingstonii,Tauraco livingstonii,avibase-12FE1ED5,livtur1,exact
Tauraco macrorhynchus,Tauraco macrorhynchus,avibase-EEC520B0,yebtur1,exact
Tauraco persa,Tauraco persa,avibase-0B36500B,guitur1,exact
Tauraco porphyreolophus,Gallirex porphyreolophus,avibase-76E45A19,puctur2,clements_english
Tauraco schalowi,Tauraco schalowi,avibase-22952180,schtur1,exact
Tchagra australis,Tchagra australis,avibase-4F9D43DE,brctch1,exact
Tchagra senegalus,Tchagra senegalus,avibase-022798AB,bkctch1,exact
Tchagra tchagra,Tchagra tchagra,avibase-2507F6F4,soutch1,exact
Teledromas fuscus,Teledromas fuscus,avibase-E9FF299F,sangal1,exact
Telespiza ultima,Telespiza ultima,avibase-DB422AD0,nihfin,exact
Telophorus bocagei,Chlorophoneus bocagei,avibase-EF5EDE6D,gygbus1,clements_english
Telophorus dohertyi,Telophorus dohertyi,avibase-0BC36521,dohbus1,exact
Telophorus nigrifrons,Chlorophoneus nigrifrons,avibase-5CE2F0DC,blfbus1,clements_english
Telophorus olivaceus,Chlorophoneus olivaceus,avibase-89A9E67C,olibus1,clements_english
Telophorus sulfureopectus,Chlorophoneus sulfureopectus,avibase-F3DCCA8F,subbus1,clements_english
Telophorus viridis,Telophorus viridis,avibase-ACDC8DEE,focbus2,exact
Telophorus zeylonus,Telophorus zeylonus,avibase-D194C523,bokmak1,exact
Temnurus temnurus,Temnurus temnurus,avibase-8D4720DA,rattre2,exact
Tephrodornis pondicerianus,Tephrodornis pondicerianus,avibase-E410E9A6,comwoo1,exact
Tephrodornis sylvicola,Tephrodornis sylvicola,avibase-AC47E292,malwoo1,exact
Tephrodornis virgatus,Tephrodornis virgatus,avibase-DA88E410,larwoo1,exact
Terenotriccus erythrurus,Terenotriccus erythrurus,avibase-B226B93B,rutfly2,exact
Terenura maculata,Terenura maculata,avibase-0EA5831A,stcant3,exact
Terenura sicki,Terenura sicki,avibase-DC0B8364,orbant1,exact
Teretistris fernandinae,Teretistris fernandinae,avibase-C235BE95,yehwar1,exact
Teretistris fornsi,Teretistris fornsi,avibase-F40FB0E8,oriwar1,exact
Terpsiphone affinis,Terpsiphone affinis,avibase-763511B2,blypaf1,exact
Terpsiphone atrocaudata,Terpsiphone atrocaudata,avibase-11453A98,japfly1,exact
Terpsiphone bourbonnensis,Terpsiphone bourbonnensis,avibase-3E4F1ABF,mapfly2,exact
Terpsiphone cinnamomea,Terpsiphone cinnamomea,avibase-41188242,rupfly1,exact
Terpsiphone incei,Terpsiphone incei,avibase-D293082B,amupaf1,exact
Terpsiphone mutata,Terpsiphone mutata,avibase-A3A90C35,mapfly1,exact
Terpsiphone paradisi,Terpsiphone paradisi,avibase-71AE2656,aspfly1,exact
Terpsiphone rufiventer,Terpsiphone rufiventer,avibase-0EDEEB49,bhpfly1,exact
Terpsiphone viridis,Terpsiphone viridis,avibase-75AAC17B,afpfly1,exact
Tersina viridis,Tersina viridis,avibase-EB9B653A,swatan1,exact
Tesia cyaniventer,Tesia cyaniventer,avibase-FD0F40FE,gybtes1,exact
Tesia everetti,Tesia everetti,avibase-39EECA04,ructes1,exact
Tesia olivea,Tesia olivea,avibase-CD13049C,slbtes1,exact
Tesia superciliaris,Tesia superciliaris,avibase-0195424E,javtes1,exact
Tetrao urogallus,Tetrao urogallus,avibase-C3221EE2,wescap1,exact
Tetraogallus caucasicus,Tetraogallus caucasicus,avibase-1596C37C,causno1,exact
Tetraogallus tibetanus,Tetraogallus tibetanus,avibase-509A30B1,tibsno1,exact
Tetrastes bonasia,Tetrastes bonasia,avibase-B8CA2EEB,hazgro1,exact
Tetrax tetrax,Tetrax tetrax,avibase-56E3016D,litbus1,exact
Thalassarche melanophris,Thalassarche melanophris,avibase-F9FCB9FF,bkbalb,exact
Thalasseus bengalensis,Thalasseus bengalensis,avibase-D01CDECD,lecter2,exact
Thalasseus bergii,Thalasseus bergii,avibase-526978C4,grcter1,exact
Thalasseus elegans,Thalasseus elegans,avibase-3F9E1C51,eleter1,exact
Thalasseus maximus,Thalasseus maximus,avibase-719935EF,royter1,exact
Thalasseus sandvicensis,Thalasseus sandvicensis,avibase-F7504353,santer1,exact
Thalurania colombica,Thalurania colombica,avibase-EE7180C8,crowoo1,exact
Thalurania furcata,Thalurania furcata,avibase-EB8F11B5,fotwoo1,exact
Thalurania glaucopis,Thalurania glaucopis,avibase-F83FDFF6,vicwoo2,exact
Thamnistes anabatinus,Thamnistes anabatinus,avibase-EE472B65,rusant1,exact
Thamnolaea cinnamomeiventris,Thamnolaea cinnamomeiventris,avibase-F8B6EC31,moccha1,exact
Thamnomanes ardesiacus,Thamnomanes ardesiacus,avibase-32180749,dutant2,exact
Thamnomanes caesius,Thamnomanes caesius,avibase-E717D293,cinant1,exact
Thamnomanes saturninus,Thamnomanes saturninus,avibase-161229C0,satant1,exact
Thamnomanes schistogynus,Thamnomanes schistogynus,avibase-CB05DF07,blsant1,exact
Thamnophilus aethiops,Thamnophilus aethiops,avibase-2ABCDA03,whsant2,exact
Thamnophilus amazonicus,Thamnophilus amazonicus,avibase-80DBA1ED,amaant2,exact
Thamnophilus ambiguus,Thamnophilus ambiguus,avibase-69CB03CA,soosla1,exact
Thamnophilus aroyae,Thamnophilus aroyae,avibase-360A0ADB,uplant1,exact
Thamnophilus atrinucha,Thamnophilus atrinucha,avibase-E61CE100,wesant1,exact
Thamnophilus bernardi,Thamnophilus bernardi,avibase-1E1D9DB7,colant2,exact
Thamnophilus bridgesi,Thamnophilus bridgesi,avibase-09D24802,blhant2,exact
Thamnophilus caerulescens,Thamnophilus caerulescens,avibase-6153F5B7,varant1,exact
Thamnophilus cryptoleucus,Thamnophilus cryptoleucus,avibase-E211C587,casant1,exact
Thamnophilus doliatus,Thamnophilus doliatus,avibase-484E85E3,barant1,exact
Thamnophilus melanonotus,Thamnophilus melanonotus,avibase-B72A9344,blbant1,exact
Thamnophilus multistriatus,Thamnophilus multistriatus,avibase-33EA04F1,bacant2,exact
Thamnophilus murinus,Thamnophilus murinus,avibase-AE3CEAED,mocant1,exact
Thamnophilus nigriceps,Thamnophilus nigriceps,avibase-38B3D501,blaant1,exact
Thamnophilus nigrocinereus,Thamnophilus nigrocinereus,avibase-41100533,blgant2,exact
Thamnophilus palliatus,Thamnophilus palliatus,avibase-66CBE0A3,chbant2,exact
Thamnophilus pelzelni,Thamnophilus pelzelni,avibase-220DDF4B,plasla1,exact
Thamnophilus praecox,Thamnophilus praecox,avibase-21C497F4,cocant1,exact
Thamnophilus punctatus,Thamnophilus punctatus,avibase-3B9B9B3E,norsla1,exact
Thamnophilus ruficapillus,Thamnophilus ruficapillus,avibase-48FD5F69,rucant1,exact
Thamnophilus schistaceus,Thamnophilus schistaceus,avibase-1464C2B0,plwant1,exact
Thamnophilus stictocephalus,Thamnophilus stictocephalus,avibase-1DE98ED1,natsla1,exact
Thamnophilus sticturus,Thamnophilus sticturus,avibase-08F34A09,bolsla1,exact
Thamnophilus tenuepunctatus,Thamnophilus tenuepunctatus,avibase-682A5E90,linant1,exact
Thamnophilus torquatus,Thamnophilus torquatus,avibase-D1798A01,ruwant2,exact
Thamnophilus unicolor,Thamnophilus unicolor,avibase-77152019,uniant2,exact
Thamnophilus zarumae,Thamnophilus zarumae,avibase-08E23D8A,chaant1,exact
Thectocercus acuticaudatus,Thectocercus acuticaudatus,avibase-4BE8E5F1,bucpar,exact
Theristicus caerulescens,Theristicus caerulescens,avibase-4FCC3FE0,pluibi1,exact
Theristicus caudatus,Theristicus caudatus,avibase-5E393799,bunibi1,exact
Theristicus melanopis,Theristicus melanopis,avibase-7DE15211,bkfibi1,exact
Thescelocichla leucopleura,Thescelocichla leucopleura,avibase-EBE56736,swagre1,exact
Thinocorus orbignyianus,Thinocorus orbignyianus,avibase-2A1A2F3A,gybsee1,exact
Thinocorus rumicivorus,Thinocorus rumicivorus,avibase-4262DA5A,leasee1,exact
Thlypopsis ornata,Thlypopsis ornata,avibase-0F68CD7D,ructan3,exact
Thlypopsis pyrrhocoma,Thlypopsis pyrrhocoma,avibase-2D483804,chhtan1,exact
Thlypopsis sordida,Thlypopsis sordida,avibase-B185095D,orhtan1,exact
Thlypopsis superciliaris,Thlypopsis superciliaris,avibase-7DC2B3F6,suphem1,exact
Thraupis abbas,Thraupis abbas,avibase-26A61AA4,yewtan1,exact
Thraupis cyanoptera,Thraupis cyanoptera,avibase-AF14F9B4,azstan1,exact
Thraupis episcopus,Thraupis episcopus,avibase-EFCDB0EC,bugtan,exact
Thraupis ornata,Thraupis ornata,avibase-85DBD8A8,goctan2,exact
Thraupis palmarum,Thraupis palmarum,avibase-5EADEFF0,paltan1,exact
Thraupis sayaca,Thraupis sayaca,avibase-67E55116,saytan1,exact
Threnetes leucurus,Threnetes leucurus,avibase-488FDA28,patbar1,exact
Threnetes ruckeri,Threnetes ruckeri,avibase-DDCF894E,batbar1,exact
Threskiornis melanocephalus,Threskiornis melanocephalus,avibase-423DDA5A,blhibi1,exact
Threskiornis molucca,Threskiornis molucca,avibase-8C461E3F,ausibi1,exact
Thripadectes flammulatus,Thripadectes flammulatus,avibase-8550D28A,flatre1,exact
Thripadectes holostictus,Thripadectes holostictus,avibase-719F19A5,strtre1,exact
Thripadectes ignobilis,Thripadectes ignobilis,avibase-EDAF5273,unitre1,exact
Thripadectes melanorhynchus,Thripadectes melanorhynchus,avibase-2BB5C0FD,blbtre1,exact
Thripadectes rufobrunneus,Thripadectes rufobrunneus,avibase-127A8868,stbtre1,exact
Thripadectes scrutator,Thripadectes scrutator,avibase-290D1818,rubtre1,exact
Thripadectes virgaticeps,Thripadectes virgaticeps,avibase-20B65054,stctre1,exact
Thripophaga cherriei,Thripophaga cherriei,avibase-22823A64,orisof1,exact
Thripophaga fusciceps,Thripophaga fusciceps,avibase-34D1AE11,plasof1,exact
Thripophaga macroura,Thripophaga macroura,avibase-CE15EC63,strsof1,exact
Thryomanes bewickii,Thryomanes bewickii,avibase-603194D3,bewwre,exact
Thryophilus nicefori,Thryophilus nicefori,avibase-CDEAC371,nicwre1,exact
Thryophilus pleurostictus,Thryophilus pleurostictus,avibase-6BBBDB1A,banwre1,exact
Thryophilus rufalbus,Thryophilus rufalbus,avibase-0A9020EB,rawwre1,exact
Thryophilus sernai,Thryophilus sernai,avibase-B0D4848C,antwre2,exact
Thryophilus sinaloa,Thryophilus sinaloa,avibase-7F9FC6F3,sinwre1,exact
Thryothorus ludovicianus,Thryothorus ludovicianus,avibase-CB5469E1,carwre,exact
Tiaris olivaceus,Tiaris olivaceus,avibase-A8E1B59A,yefgra1,exact
Tichodroma muraria,Tichodroma muraria,avibase-89C42590,wallcr1,exact
Tickellia hodgsoni,Tickellia hodgsoni,avibase-681B5F66,brbwar1,exact
Tigrisoma lineatum,Tigrisoma lineatum,avibase-435D9988,ruther1,exact
Tigrisoma mexicanum,Tigrisoma mexicanum,avibase-9DB9D675,btther1,exact
Timalia pileata,Timalia pileata,avibase-CF7A9E5B,chcbab1,exact
Tinamotis pentlandii,Tinamotis pentlandii,avibase-0A51B426,puntin1,exact
Tinamus guttatus,Tinamus guttatus,avibase-0480B7C9,whttin1,exact
Tinamus major,Tinamus major,avibase-42D72AE1,gretin1,exact
Tinamus solitarius,Tinamus solitarius,avibase-67E5E0FA,soltin1,exact
Tinamus tao,Tinamus tao,avibase-346D16D5,grytin1,exact
Tityra cayana,Tityra cayana,avibase-CB7A4FE8,blttit1,exact
Tityra inquisitor,Tityra inquisitor,avibase-85750F2B,blctit1,exact
Tityra semifasciata,Tityra semifasciata,avibase-EA93E0B1,mastit1,exact
Tockus deckeni,Tockus deckeni,avibase-DE36D3BD,vddhor1,exact
Tockus erythrorhynchus,Tockus erythrorhynchus,avibase-AF75AC32,rebhor1,exact
Tockus kempi,Tockus kempi,avibase-1ADEF52B,wrbhor2,exact
Tockus leucomelas,Tockus leucomelas,avibase-21A15CDE,sybhor1,exact
Tockus rufirostris,Tockus rufirostris,avibase-73A7F4D0,srbhor1,exact
Todiramphus australasia,Todiramphus australasia,avibase-F9D8B10D,cibkin1,exact
Todiramphus chloris,Todiramphus chloris,avibase-5DA28D37,colkin1,exact
Todiramphus funebris,Todiramphus funebris,avibase-66629E0A,somkin1,exact
Todiramphus macleayii,Todiramphus macleayii,avibase-31B7FC11,forkin1,exact
Todiramphus sacer,Todiramphus sacer,avibase-65BDC7D8,packin1,exact
Todiramphus sanctus,Todiramphus sanctus,avibase-D3BC0A03,sackin1,exact
Todiramphus sordidus,Todiramphus sordidus,avibase-B8CCA6C7,colkin9,exact
Todiramphus tristrami,Todiramphus tristrami,avibase-6A71A113,melkin1,exact
Todiramphus winchelli,Todiramphus winchelli,avibase-E482C372,rulkin1,exact
Todirostrum chrysocrotaphum,Todirostrum chrysocrotaphum,avibase-6D2F0F0B,ybtfly1,exact
Todirostrum cinereum,Todirostrum cinereum,avibase-E3F6238A,cotfly1,exact
Todirostrum maculatum,Todirostrum maculatum,avibase-9B1A56FF,sptfly1,exact
Todirostrum nigriceps,Todirostrum nigriceps,avibase-3951009E,bhtfly1,exact
Todirostrum pictum,Todirostrum pictum,avibase-35626642,patfly1,exact
Todirostrum poliocephalum,Todirostrum poliocephalum,avibase-F1A4E6AD,gyhtof1,exact
Todus angustirostris,Todus angustirostris,avibase-293EAE9A,nabtod1,exact
Todus mexicanus,Todus mexicanus,avibase-BB5B94D9,purtod1,exact
Todus multicolor,Todus multicolor,avibase-6C2B1135,cubtod1,exact
Todus subulatus,Todus subulatus,avibase-DC4EA5F1,brbtod1,exact
Todus todus,Todus todus,avibase-F9828C2A,jamtod1,exact
Tolmomyias assimilis,Tolmomyias assimilis,avibase-152E11D2,yemfly1,exact
Tolmomyias flaviventris,Tolmomyias flaviventris,avibase-E0B5F9D3,yebfly3,exact
Tolmomyias poliocephalus,Tolmomyias poliocephalus,avibase-672EA938,gycfly1,exact
Tolmomyias sulphurescens,Tolmomyias sulphurescens,avibase-90069CDD,yeofly1,exact
Tolmomyias traylori,Tolmomyias traylori,avibase-E9FEA494,orefly1,exact
Topaza pella,Topaza pella,avibase-9F291BC2,critop1,exact
Topaza pyra,Topaza pyra,avibase-66D9C57E,fietop1,exact
Torreornis inexpectata,Torreornis inexpectata,avibase-CFFCE908,zapspa1,exact
Touit batavicus,Touit batavicus,avibase-D61A8FB2,litpar2,exact
Touit dilectissimus,Touit dilectissimus,avibase-D8C977FC,bufpar1,exact
Touit huetii,Touit huetii,avibase-2BFD2184,scspar1,exact
Touit melanonotus,Touit melanonotus,avibase-629451DA,brbpar1,exact
Touit purpuratus,Touit purpuratus,avibase-520D149F,sarpar2,exact
Touit stictopterus,Touit stictopterus,avibase-72692065,spwpar2,exact
Touit surdus,Touit surdus,avibase-9C59337D,gotpar2,exact
Toxorhamphus novaeguineae,Toxorhamphus novaeguineae,avibase-B6FE975F,yeblon1,exact
Toxostoma bendirei,Toxostoma bendirei,avibase-E866F8FA,benthr,exact
Toxostoma cinereum,Toxostoma cinereum,avibase-A3E0C737,grathr1,exact
Toxostoma crissale,Toxostoma crissale,avibase-F4EE41F5,crithr,exact
Toxostoma curvirostre,Toxostoma curvirostre,avibase-033B53E6,cubthr,exact
Toxostoma lecontei,Toxostoma lecontei,avibase-6DF504ED,lecthr,exact
Toxostoma longirostre,Toxostoma longirostre,avibase-6CB9F53A,lobthr,exact
Toxostoma ocellatum,Toxostoma ocellatum,avibase-624FDE60,ocethr1,exact
Toxostoma redivivum,Toxostoma redivivum,avibase-20748450,calthr,exact
Toxostoma rufum,Toxostoma rufum,avibase-C8F9F2D0,brnthr,exact
Trachyphonus darnaudii,Trachyphonus darnaudii,avibase-1953C1D6,darbar1,exact
Trachyphonus erythrocephalus,Trachyphonus erythrocephalus,avibase-570C1121,raybar1,exact
Trachyphonus vaillantii,Trachyphonus vaillantii,avibase-546FA5F2,crebar1,exact
Tregellasia capito,Eopsaltria capito,avibase-42D29B35,payrob1,clements_english
Treron affinis,Treron affinis,avibase-B30C3132,pomgrp2,exact
Treron bicinctus,Treron bicinctus,avibase-0EF5FB3C,orbpig1,exact
Treron calvus,Treron calvus,avibase-00146574,afrgrp1,exact
Treron curvirostra,Treron curvirostra,avibase-3F61AB07,thbpig1,exact
Treron formosae,Treron formosae,avibase-0F50255A,whgpig1,exact
Treron fulvicollis,Treron fulvicollis,avibase-614EC457,cihpig1,exact
Treron olax,Treron olax,avibase-23E07E95,ligpig1,exact
Treron phayrei,Treron phayrei,avibase-4116FF6B,pomgrp5,exact
Treron phoenicopterus,Treron phoenicopterus,avibase-F6C3F6DB,yefpig1,exact
Treron sieboldii,Treron sieboldii,avibase-002105C7,whbpig1,exact
Treron sphenurus,Treron sphenurus,avibase-CCE99BC4,wetpig1,exact
Treron vernans,Treron vernans,avibase-D0772401,pinpig3,exact
Tribonyx mortierii,Tribonyx mortierii,avibase-4CF76CCF,tanhen1,exact
Tribonyx ventralis,Tribonyx ventralis,avibase-B0A6B924,btnhen1,exact
Trichoglossus chlorolepidotus,Trichoglossus chlorolepidotus,avibase-4B0E14DB,scblor1,exact
Trichoglossus haematodus,Trichoglossus haematodus,avibase-BA1FA66D,railor4,exact
Trichoglossus moluccanus,Trichoglossus moluccanus,avibase-DF6532E2,railor5,exact
Trichoglossus rubritorquis,Trichoglossus rubritorquis,avibase-71B42AA4,railor7,exact
Tricholaema diademata,Tricholaema diademata,avibase-3E3AFB25,refbar2,exact
Tricholaema hirsuta,Tricholaema hirsuta,avibase-915DABE2,habbar1,exact
Tricholaema lacrymosa,Tricholaema lacrymosa,avibase-F1CCA0AA,spfbar1,exact
Tricholaema leucomelas,Tricholaema leucomelas,avibase-7AB16C67,piebar1,exact
Tricholaema melanocephala,Tricholaema melanocephala,avibase-F03BE6C3,bltbar1,exact
Tricholestes criniger,Tricholestes criniger,avibase-260C7E77,habbul1,exact
Trichothraupis melanops,Trichothraupis melanops,avibase-3EA3B6D4,blgtan1,exact
Triclaria malachitacea,Triclaria malachitacea,avibase-F04B1141,blbpar4,exact
Tringa brevipes,Tringa brevipes,avibase-29256A38,gyttat1,exact
Tringa erythropus,Tringa erythropus,avibase-0895DD84,spored,exact
Tringa flavipes,Tringa flavipes,avibase-2C7A2673,lesyel,exact
Tringa glareola,Tringa glareola,avibase-8E67DC5F,woosan,exact
Tringa guttifer,Tringa guttifer,avibase-C7E9D357,norgre1,exact
Tringa incana,Tringa incana,avibase-13854B6E,wantat1,exact
Tringa melanoleuca,Tringa melanoleuca,avibase-6EB81C98,greyel,exact
Tringa nebularia,Tringa nebularia,avibase-18B415D2,comgre,exact
Tringa ochropus,Tringa ochropus,avibase-A7B17EFC,grnsan,exact
Tringa semipalmata,Tringa semipalmata,avibase-E7A14E91,willet1,exact
Tringa solitaria,Tringa solitaria,avibase-D4A73324,solsan,exact
Tringa stagnatilis,Tringa stagnatilis,avibase-15CF9352,marsan,exact
Tringa totanus,Tringa totanus,avibase-D6BFC73A,comred1,exact
Trochalopteron affine,Trochalopteron affine,avibase-06A0BB28,blflau1,exact
Trochalopteron chrysopterum,Trochalopteron chrysopterum,avibase-3467E0CF,asslau1,exact
Trochalopteron elliotii,Trochalopteron elliotii,avibase-9CBD5A5C,elllau1,exact
Trochalopteron erythrocephalum,Trochalopteron erythrocephalum,avibase-F9A2B4EB,chclau2,exact
Trochalopteron henrici,Trochalopteron henrici,avibase-18376B32,prhlau1,exact
Trochalopteron imbricatum,Trochalopteron imbricatum,avibase-CE76873B,bhulau1,exact
Trochalopteron lineatum,Trochalopteron lineatum,avibase-67F7511E,strlau1,exact
Trochalopteron melanostigma,Trochalopteron melanostigma,avibase-B0EA6012,sielau1,exact
Trochalopteron milnei,Trochalopteron milnei,avibase-3F5E062B,retlau1,exact
Trochalopteron morrisonianum,Trochalopteron morrisonianum,avibase-AB9D580D,whwlau1,exact
Trochalopteron peninsulae,Trochalopteron peninsulae,avibase-503C6098,mallau1,exact
Trochalopteron squamatum,Trochalopteron squamatum,avibase-466F5979,blwlau1,exact
Trochalopteron subunicolor,Trochalopteron subunicolor,avibase-C9493A71,scalau1,exact
Trochalopteron variegatum,Trochalopteron variegatum,avibase-9779E4D3,varlau1,exact
Trochalopteron virgatum,Trochalopteron virgatum,avibase-5046CFCA,strlau3,exact
Trochocercus cyanomelas,Trochocercus cyanomelas,avibase-15F017B7,afcfly1,exact
Trochocercus nitens,Trochocercus nitens,avibase-3800DCCF,bhcfly1,exact
Troglodytes aedon,Troglodytes aedon,avibase-A4F5C5C8,houwre,exact
Troglodytes hiemalis,Troglodytes hiemalis,avibase-C757BD95,winwre3,exact
Troglodytes ochraceus,Troglodytes ochraceus,avibase-2E21DCF1,ochwre1,exact
Troglodytes pacificus,Troglodytes pacificus,avibase-CF5B7A9D,pacwre1,exact
Troglodytes rufociliatus,Troglodytes rufociliatus,avibase-D37C40FA,rubwre2,exact
Troglodytes solstitialis,Troglodytes solstitialis,avibase-A223AEB9,mouwre1,exact
Troglodytes troglodytes,Troglodytes troglodytes,avibase-AF700208,winwre4,exact
Trogon bairdii,Trogon bairdii,avibase-8FEE6F95,baitro1,exact
Trogon caligatus,Trogon caligatus,avibase-94E42A23,gartro1,exact
Trogon chionurus,Trogon chionurus,avibase-D2C4BCF9,whttro1,exact
Trogon citreolus,Trogon citreolus,avibase-48014ECD,cittro1,exact
Trogon clathratus,Trogon clathratus,avibase-9DFCC417,lattro1,exact
Trogon collaris,Trogon collaris,avibase-A1458984,coltro1,exact
Trogon comptus,Trogon comptus,avibase-8E5824B0,buttro1,exact
Trogon curucui,Trogon curucui,avibase-706C5A16,blctro1,exact
Trogon elegans,Trogon elegans,avibase-C5BEA9D9,eletro2,exact
Trogon massena,Trogon massena,avibase-E676EACD,slttro1,exact
Trogon melanocephalus,Trogon melanocephalus,avibase-9EE5B7C0,blhtro1,exact
Trogon melanurus,Trogon melanurus,avibase-2CC8DFAA,blttro1,exact
Trogon mesurus,Trogon mesurus,avibase-4A2E1DFB,bkttro2,exact
Trogon mexicanus,Trogon mexicanus,avibase-5792B7B2,moutro1,exact
Trogon personatus,Trogon personatus,avibase-DEF06688,mastro1,exact
Trogon ramonianus,Trogon ramonianus,avibase-09B20241,viotro3,exact
Trogon rufus,Trogon rufus,avibase-3687A50D,bkttro6,exact
Trogon surrucura,Trogon surrucura,avibase-1D555193,surtro1,exact
Trogon violaceus,Trogon violaceus,avibase-563C5F5D,viotro2,exact
Trogon viridis,Trogon viridis,avibase-BA2F0BFD,gnbtro1,exact
Tropicoperdix chloropus,Tropicoperdix chloropus,avibase-21008A51,scbpar1,exact
Tunchiornis ochraceiceps,Tunchiornis ochraceiceps,avibase-D832707B,tacgre2,exact
Turdinus atrigularis,Turdinus atrigularis,avibase-BAD948AE,btwbab1,exact
Turdinus macrodactylus,Turdinus macrodactylus,avibase-EC123357,lawbab1,exact
Turdinus marmoratus,Turdinus marmoratus,avibase-E5EA242E,mawbab1,exact
Turdoides hartlaubii,Turdoides hartlaubii,avibase-CD65BECB,harbab1,exact
Turdoides jardineii,Turdoides jardineii,avibase-E6576A8D,armbab1,exact
Turdoides leucopygia,Turdoides leucopygia,avibase-735E491F,whrbab2,exact
Turdoides plebejus,Turdoides plebejus,avibase-6EBDD2D5,brobab1,exact
Turdoides reinwardtii,Turdoides reinwardtii,avibase-D5BF7D2F,blabab2,exact
Turdoides sharpei,Turdoides sharpei,avibase-7350FE4C,bklbab1,exact
Turdus abyssinicus,Turdus abyssinicus,avibase-428DA7CD,abythr1,exact
Turdus albicollis,Turdus albicollis,avibase-E90B937B,whnrob1,exact
Turdus albocinctus,Turdus albocinctus,avibase-4699C170,whcbla1,exact
Turdus amaurochalinus,Turdus amaurochalinus,avibase-17FCF7A0,crbthr1,exact
Turdus assimilis,Turdus assimilis,avibase-0A8145AC,whtrob1,exact
Turdus atrogularis,Turdus atrogularis,avibase-AECDBFFA,datthr1,exact
Turdus aurantius,Turdus aurantius,avibase-A786A6B2,whcthr1,exact
Turdus boulboul,Turdus boulboul,avibase-06DEFA6B,gywbla1,exact
Turdus cardis,Turdus cardis,avibase-259E02EC,japthr1,exact
Turdus celaenops,Turdus celaenops,avibase-57274462,izuthr1,exact
Turdus chiguanco,Turdus chiguanco,avibase-07F95062,chithr1,exact
Turdus chrysolaus,Turdus chrysolaus,avibase-F80DAC22,brhthr1,exact
Turdus dissimilis,Turdus dissimilis,avibase-54C010AC,blbthr2,exact
Turdus eunomus,Turdus eunomus,avibase-E3B69278,dusthr2,exact
Turdus falcklandii,Turdus falcklandii,avibase-F09C3940,austhr1,exact
Turdus feae,Turdus feae,avibase-4C2FBE92,gysthr1,exact
Turdus flavipes,Turdus flavipes,avibase-83389238,yelthr1,exact
Turdus fulviventris,Turdus fulviventris,avibase-27399961,chbthr2,exact
Turdus fumigatus,Turdus fumigatus,avibase-78EFB310,cocthr1,exact
Turdus fuscater,Turdus fuscater,avibase-23C068E4,grethr1,exact
Turdus grayi,Turdus grayi,avibase-B337C841,clcrob,exact
Turdus hauxwelli,Turdus hauxwelli,avibase-33FBD873,hauthr1,exact
Turdus hortulorum,Turdus hortulorum,avibase-FCC6C5EA,gybthr1,exact
Turdus ignobilis,Turdus ignobilis,avibase-F2FC64EA,blbthr1,exact
Turdus iliacus,Turdus iliacus,avibase-A8A85BCF,redwin,exact
Turdus infuscatus,Turdus infuscatus,avibase-0C95D04B,blarob1,exact
Turdus lawrencii,Turdus lawrencii,avibase-69C20D91,lawthr1,exact
Turdus leucomelas,Turdus leucomelas,avibase-C0938247,pabthr1,exact
Turdus leucops,Turdus leucops,avibase-EE26D2EA,paethr1,exact
Turdus libonyana,Turdus libonyana,avibase-5D12DEA5,kurthr1,exact
Turdus maculirostris,Turdus maculirostris,avibase-CA2946CA,ecuthr1,exact
Turdus mandarinus,Turdus mandarinus,avibase-BE61F5C1,chibla1,exact
Turdus maranonicus,Turdus maranonicus,avibase-1F4DAD80,marthr2,exact
Turdus menachensis,Turdus menachensis,avibase-F1E0AFD4,yemthr1,exact
Turdus merula,Turdus merula,avibase-88BB4F2A,eurbla,exact
Turdus migratorius,Turdus migratorius,avibase-D77E4B41,amerob,exact
Turdus naumanni,Turdus naumanni,avibase-22761AD4,dusthr1,exact
Turdus nigrescens,Turdus nigrescens,avibase-C43110B3,soorob1,exact
Turdus nigriceps,Turdus nigriceps,avibase-B3BB28D9,slathr2,exact
Turdus nudigenis,Turdus nudigenis,avibase-F697CCD2,baerob1,exact
Turdus obscurus,Turdus obscurus,avibase-6E24CCD1,eyethr,exact
Turdus obsoletus,Turdus obsoletus,avibase-E124336D,pavthr1,exact
Turdus olivaceus,Turdus olivaceus,avibase-3A7D7B07,olithr2,exact
Turdus olivater,Turdus olivater,avibase-D068BA78,blhthr1,exact
Turdus pallidus,Turdus pallidus,avibase-B6A18478,palthr1,exact
Turdus pelios,Turdus pelios,avibase-40A2405D,afrthr1,exact
Turdus philomelos,Turdus philomelos,avibase-D929EB21,sonthr1,exact
Turdus pilaris,Turdus pilaris,avibase-D120D5A0,fieldf,exact
Turdus plebejus,Turdus plebejus,avibase-8E286BF9,mourob1,exact
Turdus plumbeus,Turdus plumbeus,avibase-641D7EB2,relthr1,exact
Turdus poliocephalus,Turdus poliocephalus,avibase-DD347DC6,norist1,exact
Turdus reevei,Turdus reevei,avibase-E47AA20C,plbthr2,exact
Turdus rubrocanus,Turdus rubrocanus,avibase-82351263,chethr1,exact
Turdus ruficollis,Turdus ruficollis,avibase-77B6BACB,retthr1,exact
Turdus rufitorques,Turdus rufitorques,avibase-3DD40BBD,rucrob1,exact
Turdus rufiventris,Turdus rufiventris,avibase-849B6005,rubthr1,exact
Turdus rufopalliatus,Turdus rufopalliatus,avibase-3F04DF41,rubrob,exact
Turdus sanchezorum,Turdus sanchezorum,avibase-DCFB54ED,hauthr3,exact
Turdus serranus,Turdus serranus,avibase-9B9D5DC7,glbthr1,exact
Turdus simillimus,Turdus simillimus,avibase-CED9626E,eurbla2,exact
Turdus smithi,Turdus smithi,avibase-0816917D,karthr1,exact
Turdus subalaris,Turdus subalaris,avibase-89E3147F,slathr3,exact
Turdus swalesi,Turdus swalesi,avibase-24058626,lasthr1,exact
Turdus tephronotus,Turdus tephronotus,avibase-A0DC8E87,abethr1,exact
Turdus torquatus,Turdus torquatus,avibase-CE71B4FF,rinouz1,exact
Turdus unicolor,Turdus unicolor,avibase-F4692C3B,ticthr1,exact
Turdus viscivorus,Turdus viscivorus,avibase-A95B43F1,misthr1,exact
Turnix maculosus,Turnix maculosus,avibase-32878BDD,rebbut2,exact
Turnix suscitator,Turnix suscitator,avibase-FDA8873B,barbut1,exact
Turnix sylvaticus,Turnix sylvaticus,avibase-0DA8BB90,smabut2,exact
Turnix varius,Turnix varius,avibase-53E15B4C,paibut,exact
Turtur abyssinicus,Turtur abyssinicus,avibase-72B71F11,bbwdov1,exact
Turtur afer,Turtur afer,avibase-23D5FC36,bswdov1,exact
Turtur brehmeri,Turtur brehmeri,avibase-0CA6EE59,bhwdov1,exact
Turtur chalcospilos,Turtur chalcospilos,avibase-BDF442F2,eswdov1,exact
Turtur tympanistria,Turtur tympanistria,avibase-7308278F,tamdov1,exact
Tylas eduardi,Tylas eduardi,avibase-E4E68AA1,tylvan1,exact
Tympanuchus cupido,Tympanuchus cupido,avibase-F59448B7,grpchi,exact
Tympanuchus pallidicinctus,Tympanuchus pallidicinctus,avibase-CFFD1491,lepchi,exact
Tympanuchus phasianellus,Tympanuchus phasianellus,avibase-861CBBDA,shtgro,exact
Tyranneutes stolzmanni,Tyranneutes stolzmanni,avibase-3992E426,dwtman1,exact
Tyranneutes virescens,Tyranneutes virescens,avibase-714DF6EC,titman1,exact
Tyrannopsis sulphurea,Tyrannopsis sulphurea,avibase-D595068F,sulfly1,exact
Tyrannulus elatus,Tyrannulus elatus,avibase-C28307D6,yectyr1,exact
Tyrannus albogularis,Tyrannus albogularis,avibase-6FCD33D6,whtkin1,exact
Tyrannus caudifasciatus,Tyrannus caudifasciatus,avibase-7E0CD776,logkin,exact
Tyrannus couchii,Tyrannus couchii,avibase-0A76713F,coukin,exact
Tyrannus crassirostris,Tyrannus crassirostris,avibase-097B0525,thbkin,exact
Tyrannus dominicensis,Tyrannus dominicensis,avibase-F5388B5E,grykin,exact
Tyrannus forficatus,Tyrannus forficatus,avibase-6F65F82B,sctfly,exact
Tyrannus melancholicus,Tyrannus melancholicus,avibase-BB6B236F,trokin,exact
Tyrannus niveigularis,Tyrannus niveigularis,avibase-B826FFA5,sntkin1,exact
Tyrannus savana,Tyrannus savana,avibase-A2510EF4,fotfly,exact
Tyrannus tyrannus,Tyrannus tyrannus,avibase-082D833C,easkin,exact
Tyrannus verticalis,Tyrannus verticalis,avibase-2281F1C7,weskin,exact
Tyrannus vociferans,Tyrannus vociferans,avibase-178B8955,caskin,exact
Tyto alba,Tyto alba,avibase-CFD6F275,webowl1,exact
Tyto novaehollandiae,Tyto novaehollandiae,avibase-A953B080,,exact
Tyto tenebricosa,Tyto tenebricosa,avibase-C9B6F34C,sooowl1,exact
Upucerthia dumetaria,Upucerthia dumetaria,avibase-136B6881,sctear1,exact
Upucerthia saturatior,Upucerthia saturatior,avibase-F96ED2B2,pafear1,exact
Upucerthia validirostris,Upucerthia validirostris,avibase-6A152726,bubear2,exact
Upupa epops,Upupa epops,avibase-FA2F9125,hoopoe,exact
Upupa marginata,Upupa marginata,avibase-B4EA6FB2,madhoo1,exact
Uraeginthus angolensis,Uraeginthus angolensis,avibase-B40A6BCD,bubcor1,exact
Uraeginthus bengalus,Uraeginthus bengalus,avibase-EAE77D96,reccor,exact
Uranomitra franciae,Uranomitra franciae,avibase-3FFAFC07,andeme1,exact
Uria aalge,Uria aalge,avibase-39F29B55,commur,exact
Uria lomvia,Uria lomvia,avibase-B70B5840,thbmur,exact
Urocissa caerulea,Urocissa caerulea,avibase-5B15BB69,formag1,exact
Urocissa erythroryncha,Urocissa erythroryncha,avibase-76C44D5A,rbbmag,exact
Urocissa flavirostris,Urocissa flavirostris,avibase-CEBD0625,gobmag1,exact
Urocissa ornata,Urocissa ornata,avibase-326EA4E0,ceymag1,exact
Urocolius indicus,Urocolius indicus,avibase-AB1A85BF,refmou1,exact
Urocolius macrourus,Urocolius macrourus,avibase-E45D9EB2,blnmou1,exact
Urocynchramus pylzowi,Urocynchramus pylzowi,avibase-80262BF2,przros1,exact
Urodynamis taitensis,Urodynamis taitensis,avibase-3BD58F08,lotkoe1,exact
Uromyias agilis,Uromyias agilis,avibase-636DC349,agitit1,exact
Uromyias agraphia,Uromyias agraphia,avibase-D3F80AF3,unstit1,exact
Uropsalis lyra,Uropsalis lyra,avibase-59EE3240,lytnig1,exact
Uropsalis segmentata,Uropsalis segmentata,avibase-3981B194,swtnig1,exact
Uropsila leucogastra,Uropsila leucogastra,avibase-E4E3CB1F,whbwre1,exact
Urosphena pallidipes,Hemitesia pallidipes,avibase-E87512DF,pfbwar1,clements_english
Urosphena squameiceps,Urosphena squameiceps,avibase-1A0CF540,asistu1,exact
Urosphena subulata,Urosphena subulata,avibase-6A661300,timstu1,exact
Urosphena whiteheadi,Urosphena whiteheadi,avibase-C83F6098,borstu1,exact
Urothraupis stolzmanni,Urothraupis stolzmanni,avibase-18279EA8,bbbtan1,exact
Urotriorchis macrourus,Urotriorchis macrourus,avibase-1C209762,lothaw1,exact
Vanellus armatus,Vanellus armatus,avibase-2F23EDC6,blaplo1,exact
Vanellus chilensis,Vanellus chilensis,avibase-AE459A9B,soulap1,exact
Vanellus cinereus,Vanellus cinereus,avibase-8F8F0CF0,gyhlap1,exact
Vanellus coronatus,Vanellus coronatus,avibase-D0FA8EBE,crolap1,exact
Vanellus duvaucelii,Vanellus duvaucelii,avibase-DDE5A01E,rivlap1,exact
Vanellus indicus,Vanellus indicus,avibase-4A30C572,rewlap1,exact
Vanellus leucurus,Vanellus leucurus,avibase-A480FDDF,whtlap1,exact
Vanellus malabaricus,Vanellus malabaricus,avibase-0BEDE250,yewlap2,exact
Vanellus melanocephalus,Vanellus melanocephalus,avibase-C76146F3,spblap1,exact
Vanellus melanopterus,Vanellus melanopterus,avibase-83D95620,blwlap1,exact
Vanellus miles,Vanellus miles,avibase-B326F839,maslap1,exact
Vanellus resplendens,Vanellus resplendens,avibase-D0591043,andlap1,exact
Vanellus senegallus,Vanellus senegallus,avibase-074251A3,watlap1,exact
Vanellus spinosus,Vanellus spinosus,avibase-F5E92B22,spwlap1,exact
Vanellus tectus,Vanellus tectus,avibase-D531B5D3,blhlap1,exact
Vanellus tricolor,Vanellus tricolor,avibase-581FD9E8,banlap1,exact
Vanellus vanellus,Vanellus vanellus,avibase-F029489A,norlap,exact
Vanga curvirostris,Vanga curvirostris,avibase-CA9D7671,hobvan1,exact
Vermivora chrysoptera,Vermivora chrysoptera,avibase-83F326C8,gowwar,exact
Vermivora cyanoptera,Vermivora cyanoptera,avibase-B617FE7D,buwwar,exact
Vidua chalybeata,Vidua chalybeata,avibase-BA01A793,vilind,exact
Vidua fischeri,Vidua fischeri,avibase-424B857C,sttwhy1,exact
Vidua funerea,Vidua funerea,avibase-49EF9657,varind1,exact
Vidua macroura,Vidua macroura,avibase-673E66F0,pitwhy,exact
Vireo altiloquus,Vireo altiloquus,avibase-F57ECDC5,bkwvir,exact
Vireo atricapilla,Vireo atricapilla,avibase-DEFD8414,bkcvir1,exact
Vireo bairdi,Vireo bairdi,avibase-080AFDB2,cozvir1,exact
Vireo bellii,Vireo bellii,avibase-C3168495,belvir,exact
Vireo brevipennis,Vireo brevipennis,avibase-5C84E2D2,slavir1,exact
Vireo carmioli,Vireo carmioli,avibase-DDD6C145,yewvir1,exact
Vireo cassinii,Vireo cassinii,avibase-EB0CD5DC,casvir,exact
Vireo chivi,Vireo chivi,avibase-3B1C7AD8,chivir1,exact
Vireo crassirostris,Vireo crassirostris,avibase-AEA614AF,thbvir,exact
Vireo flavifrons,Vireo flavifrons,avibase-F8DDF6A6,yetvir,exact
Vireo flavoviridis,Vireo flavoviridis,avibase-6A7F76A7,yegvir,exact
Vireo gilvus,Vireo gilvus,avibase-66AA469C,warvir,exact
Vireo gracilirostris,Vireo gracilirostris,avibase-63999CD3,norvir1,exact
Vireo griseus,Vireo griseus,avibase-D97F93CC,whevir,exact
Vireo gundlachii,Vireo gundlachii,avibase-73CF3166,cubvir1,exact
Vireo huttoni,Vireo huttoni,avibase-1BDF5C00,hutvir,exact
Vireo hypochryseus,Vireo hypochryseus,avibase-CCF80099,golvir1,exact
Vireo latimeri,Vireo latimeri,avibase-F32AC037,purvir1,exact
Vireo leucophrys,Vireo leucophrys,avibase-66DCDF47,brcvir1,exact
Vireo magister,Vireo magister,avibase-A457E9DB,yucvir,exact
Vireo masteri,Vireo masteri,avibase-F63CE02E,chovir1,exact
Vireo modestus,Vireo modestus,avibase-E57A8704,jamvir1,exact
Vireo nelsoni,Vireo nelsoni,avibase-CFAA6365,dwavir1,exact
Vireo olivaceus,Vireo olivaceus,avibase-847717E2,reevir1,exact
Vireo pallens,Vireo pallens,avibase-A1FD40E8,manvir1,exact
Vireo philadelphicus,Vireo philadelphicus,avibase-447A1BA5,phivir,exact
Vireo plumbeus,Vireo plumbeus,avibase-1BB9C864,plsvir,exact
Vireo sclateri,Vireo sclateri,avibase-DA676D6C,tepgre1,exact
Vireo solitarius,Vireo solitarius,avibase-95DB0943,buhvir,exact
Vireo vicinior,Vireo vicinior,avibase-48DBE76D,gryvir,exact
Vireolanius eximius,Vireolanius eximius,avibase-5482299A,ybsvir1,exact
Vireolanius leucotis,Vireolanius leucotis,avibase-D674D8F4,scsvir1,exact
Vireolanius melitophrys,Vireolanius melitophrys,avibase-2F06A9E7,cssvir1,exact
Vireolanius pulchellus,Vireolanius pulchellus,avibase-1A8BAFCA,grsvir1,exact
Volatinia jacarina,Volatinia jacarina,avibase-C50D59CF,blbgra1,exact
Wetmorethraupis sterrhopteron,Wetmorethraupis sterrhopteron,avibase-1734388D,orttan1,exact
Willisornis poecilinotus,Willisornis poecilinotus,avibase-92F221D7,scbant3,exact
Willisornis vidua,Willisornis vidua,avibase-0B0F97FD,scbant8,exact
Xanthocephalus xanthocephalus,Xanthocephalus xanthocephalus,avibase-3E2D0C9B,yehbla,exact
Xanthomixis zosterops,Xanthomixis zosterops,avibase-9813B521,spetet1,exact
Xanthopsar flavus,Xanthopsar flavus,avibase-A6365418,sacbla2,exact
Xanthotis macleayanus,Xanthotis macleayanus,avibase-AA3EB700,machon2,exact
Xema sabini,Xema sabini,avibase-86182656,sabgul,exact
Xenerpestes singularis,Xenerpestes singularis,avibase-288A1826,equgra1,exact
Xenodacnis parina,Xenodacnis parina,avibase-D7703EFB,tildac2,exact
Xenoglaux loweryi,Xenoglaux loweryi,avibase-2B03EB0B,lowowl1,exact
Xenopipo atronitens,Xenopipo atronitens,avibase-DB094E7D,blaman1,exact
Xenopirostris damii,Xenopirostris damii,avibase-4DAB9A41,vadvan1,exact
Xenopirostris polleni,Xenopirostris polleni,avibase-01877F66,polvan1,exact
Xenops minutus,Xenops minutus,avibase-4271791D,plaxen4,exact
Xenops rutilans,Xenops rutilans,avibase-D55A3901,strxen1,exact
Xenops tenuirostris,Xenops tenuirostris,avibase-CF53912C,slbxen1,exact
Xenopsaris albinucha,Xenopsaris albinucha,avibase-7F7A0ED6,whnxen1,exact
Xenospiza baileyi,Xenospiza baileyi,avibase-BCDBE331,simspa1,exact
Xenotriccus callizonus,Xenotriccus callizonus,avibase-560DAEB0,belfly1,exact
Xenotriccus mexicanus,Xenotriccus mexicanus,avibase-0C9DC0D7,pilfly1,exact
Xenus cinereus,Xenus cinereus,avibase-6D5992EE,tersan,exact
Xiphidiopicus percussus,Xiphidiopicus percussus,avibase-3DC3684D,cugwoo1,exact
Xiphocolaptes albicollis,Xiphocolaptes albicollis,avibase-99EBD389,whtwoo1,exact
Xiphocolaptes major,Xiphocolaptes major,avibase-8AC27938,grrwoo1,exact
Xiphocolaptes promeropirhynchus,Xiphocolaptes promeropirhynchus,avibase-6B0B2885,stbwoo1,exact
Xipholena punicea,Xipholena punicea,avibase-FCFA9431,pomcot1,exact
Xiphorhynchus elegans,Xiphorhynchus elegans,avibase-2ADD1582,elewoo1,exact
Xiphorhynchus erythropygius,Xiphorhynchus erythropygius,avibase-9FBAF868,spowoo1,exact
Xiphorhynchus flavigaster,Xiphorhynchus flavigaster,avibase-34734838,ivbwoo1,exact
Xiphorhynchus fuscus,Xiphorhynchus fuscus,avibase-E318C4AB,leswoo2,exact
Xiphorhynchus guttatus,Xiphorhynchus guttatus,avibase-34528F8F,butwoo1,exact
Xiphorhynchus lachrymosus,Xiphorhynchus lachrymosus,avibase-B5C72DF0,blswoo1,exact
Xiphorhynchus obsoletus,Xiphorhynchus obsoletus,avibase-2B1509D6,strwoo2,exact
Xiphorhynchus ocellatus,Xiphorhynchus ocellatus,avibase-BE5C3C11,ocewoo1,exact
Xiphorhynchus pardalotus,Xiphorhynchus pardalotus,avibase-B7FFA983,chrwoo1,exact
Xiphorhynchus spixii,Xiphorhynchus spixii,avibase-FC3DC0F1,spiwoo1,exact
Xiphorhynchus susurrans,Xiphorhynchus susurrans,avibase-FF942BA2,cocwoo1,exact
Xiphorhynchus triangularis,Xiphorhynchus triangularis,avibase-79447EBB,olbwoo1,exact
Xolmis irupero,Xolmis irupero,avibase-60658051,whimon1,exact
Yuhina brunneiceps,Yuhina brunneiceps,avibase-7A3177F9,taiyuh1,exact
Yuhina flavicollis,Yuhina flavicollis,avibase-68D50AEF,whiyuh1,exact
Yuhina gularis,Yuhina gularis,avibase-6B6C727C,sttyuh1,exact
Yuhina nigrimenta,Yuhina nigrimenta,avibase-60D9AAA1,blcyuh1,exact
Yuhina occipitalis,Yuhina occipitalis,avibase-E9226482,ruvyuh1,exact
Yungipicus canicapillus,Yungipicus canicapillus,avibase-5A4F2DF6,gycwoo1,exact
Yungipicus kizuki,Yungipicus kizuki,avibase-6347258A,pygwoo1,exact
Yungipicus moluccensis,Yungipicus moluccensis,avibase-BAC6337B,bncwoo2,exact
Yungipicus nanus,Yungipicus nanus,avibase-DB8E1EC2,bncwoo3,exact
Zapornia bicolor,Zapornia bicolor,avibase-A108727C,bltcra1,exact
Zapornia flavirostra,Zapornia flavirostra,avibase-148F0B01,blacra1,exact
Zapornia fusca,Zapornia fusca,avibase-14C2B730,rubcra1,exact
Zapornia parva,Zapornia parva,avibase-9106EBE6,litcra1,exact
Zapornia paykullii,Zapornia paykullii,avibase-3FEE66C7,babcra1,exact
Zapornia pusilla,Zapornia pusilla,avibase-34D5B04D,baicra1,exact
Zapornia tabuensis,Zapornia tabuensis,avibase-C15FF1EB,spocra2,exact
Zavattariornis stresemanni,Zavattariornis stresemanni,avibase-D083CE58,stbcro1,exact
Zebrilus undulatus,Zebrilus undulatus,avibase-5917AF01,zigher1,exact
Zeledonia coronata,Zeledonia coronata,avibase-1A2164E0,wrenth1,exact
Zenaida asiatica,Zenaida asiatica,avibase-BFBC73AF,whwdov,exact
Zenaida auriculata,Zenaida auriculata,avibase-71958FA9,eardov1,exact
Zenaida aurita,Zenaida aurita,avibase-85BD24D1,zendov,exact
Zenaida macroura,Zenaida macroura,avibase-00124D98,moudov,exact
Zenaida meloda,Zenaida meloda,avibase-542D7AFA,wepdov1,exact
Zentrygon albifacies,Zentrygon albifacies,avibase-AE2BFE95,wfqdov1,exact
Zentrygon carrikeri,Zentrygon carrikeri,avibase-3A16532D,tuqdov1,exact
Zentrygon frenata,Zentrygon frenata,avibase-ADE69C27,wtqdov1,exact
Zentrygon goldmani,Zentrygon goldmani,avibase-1751C006,rcqdov1,exact
Zentrygon lawrencii,Zentrygon lawrencii,avibase-DCC794E5,pbqdov1,exact
Zentrygon linearis,Zentrygon linearis,avibase-A7F898C1,liqdov1,exact
Zimmerius acer,Zimmerius acer,avibase-4017FD53,guityr1,exact
Zimmerius albigularis,Zimmerius albigularis,avibase-23DF2A07,chotyr1,exact
Zimmerius bolivianus,Zimmerius bolivianus,avibase-1D5F3853,boltyr1,exact
Zimmerius chrysops,Zimmerius chrysops,avibase-102A6B97,goftyr1,exact
Zimmerius cinereicapilla,Zimmerius cinereicapilla,avibase-D8331B8A,rebtyr2,exact
Zimmerius gracilipes,Zimmerius gracilipes,avibase-5CDCBAA4,slftyr1,exact
Zimmerius parvus,Zimmerius parvus,avibase-15047280,paltyr3,exact
Zimmerius vilissimus,Zimmerius vilissimus,avibase-236A79C7,paltyr2,exact
Zimmerius villarejoi,Zimmerius villarejoi,avibase-DD9EE7F5,mistyr1,exact
Zimmerius viridiflavus,Zimmerius viridiflavus,avibase-86199C9A,pertyr1,exact
Zonotrichia albicollis,Zonotrichia albicollis,avibase-39BD9FF2,whtspa,exact
Zonotrichia atricapilla,Zonotrichia atricapilla,avibase-BD61BDEC,gocspa,exact
Zonotrichia capensis,Zonotrichia capensis,avibase-A7280FF0,rucspa1,exact
Zonotrichia leucophrys,Zonotrichia leucophrys,avibase-8601A467,whcspa,exact
Zonotrichia querula,Zonotrichia querula,avibase-DDAF0666,harspa,exact
Zoothera aurea,Zoothera aurea,avibase-8E267A26,scathr2,exact
Zoothera heinei,Zoothera heinei,avibase-6F0AC682,rutthr1,exact
Zoothera lunulata,Zoothera lunulata,avibase-34226B9D,oltthr1,exact
Zoothera major,Zoothera major,avibase-8BAD426A,scathr6,exact
Zosterops abyssinicus,Zosterops abyssinicus,avibase-8C2C2D5B,wbweye1,exact
Zosterops anderssoni,Zosterops anderssoni,avibase-ABDC4E76,afywhe4,exact
Zosterops atricapilla,Zosterops atricapilla,avibase-72F7680A,bkcwhe1,exact
Zosterops atriceps,Zosterops atriceps,avibase-B59EF5FB,crtwhe1,exact
Zosterops atrifrons,Zosterops atrifrons,avibase-BE5D6964,bcweye2,exact
Zosterops auriventer,Zosterops auriventer,avibase-2BB4714C,humwhe1,exact
Zosterops ceylonensis,Zosterops ceylonensis,avibase-20BD1814,ceywhe1,exact
Zosterops chloronothos,Zosterops chloronothos,avibase-094FE346,mauwhe1,exact
Zosterops citrinella,Zosterops citrinella,avibase-611D5087,asbwhe1,exact
Zosterops erythropleurus,Zosterops erythropleurus,avibase-03E6F144,cfweye1,exact
Zosterops eurycricotus,Zosterops eurycricotus,avibase-A23B8E7A,brrwhe8,exact
Zosterops everetti,Zosterops everetti,avibase-FDD7405C,evweye1,exact
Zosterops flavifrons,Zosterops flavifrons,avibase-880E409F,yfweye1,exact
Zosterops flavilateralis,Zosterops flavilateralis,avibase-F80D69C2,whbwhe3,exact
Zosterops japonicus,Zosterops japonicus,avibase-D0E2DCAD,warwhe1,exact
Zosterops lateralis,Zosterops lateralis,avibase-EA151AD8,silver3,exact
Zosterops luteus,Zosterops luteus,avibase-5A75FDA4,ayweye3,exact
Zosterops maderaspatanus,Zosterops maderaspatanus,avibase-D33950C3,,exact
Zosterops mauritianus,Zosterops mauritianus,avibase-25BD316A,maswhe3,exact
Zosterops metcalfii,Zosterops metcalfii,avibase-B5C21FAF,ytweye1,exact
Zosterops meyeni,Zosterops meyeni,avibase-4F96B6A7,loweye2,exact
Zosterops pallidus,Zosterops pallidus,avibase-6AA90803,capwhe6,exact
Zosterops palpebrosus,Zosterops palpebrosus,avibase-0BD6646B,indwhe1,exact
Zosterops senegalensis,Zosterops senegalensis,avibase-86F34425,afywhe2,exact
Zosterops simplex,Zosterops simplex,avibase-B1AC8066,swiwhe1,exact
Zosterops virens,Zosterops virens,avibase-19469B66,capwhe2,exact
