scientific_name,name
Abeillia abeillei,コバシハチドリ
Abroscopus albogularis,コシジロムシクイ
Abroscopus schisticeps,カオグロムシクイ
Abroscopus superciliaris,マミジロムシクイ
Aburria aburri,ニクダレシャクケイ
Acanthagenys rufogularis,ケミミミツスイ
Acanthidops bairdi,ハシナガシトド
Acanthis flammea,ベニヒワ
Acanthisitta chloris,ミドリイワサザイ
Acanthiza apicalis,ヒロオトゲハシムシクイ
Acanthiza chrysorrhoa,コモントゲハシムシクイ
Acanthiza cinerea,ハイイロセンニョムシクイ
Acanthiza ewingii,タスマニアトゲハシムシクイ
Acanthiza inornata,ニシトゲハシムシクイ
Acanthiza iredalei,キゴシトゲハシムシクイ
Acanthiza katherina,ヤマトゲハシムシクイ
Acanthiza lineata,ムナフトゲハシムシクイ
Acanthiza murina,パプアトゲハシムシクイ
Acanthiza nana,ヒメトゲハシムシクイ
Acanthiza pusilla,チャイロトゲハシムシクイ
Acanthiza reguloides,ウグイストゲハシムシクイ
Acanthiza robustirostris,ハイイロトゲハシムシクイ
Acanthiza uropygialis,コシアカトゲハシムシクイ
Acanthorhynchus superciliosus,ニシキリハシミツスイ
Acanthorhynchus tenuirostris,キリハシミツスイ
Acanthornis magna,メジロヤブムシクイ
Accipiter chionogaster,ムナジロアシボソハイタカ
Accipiter erythronemius,モモアカアシボソハイタカ
Accipiter madagascariensis,マダガスカルハイタカ
Accipiter nisus,ハイタカ
Accipiter ovampensis,サバンナハイタカ
Accipiter poliogaster,セグロオオタカ
Accipiter rufiventris,ムネアカハイタカ
Accipiter striatus,アシボソハイタカ
Accipiter ventralis,フナシアシボソハイタカ
Aceros nipalensis,ナナミゾサイチョウ
Achaetops pycnopygius,イワトビムシクイ
Acridotheres albocinctus,シロエリハッカ
Acridotheres burmannicus,シロガシラムクドリ
Acridotheres cinereus,ハッカ
Acridotheres cristatellus,ハッカチョウ
Acridotheres fuscus,モリハッカ
Acridotheres ginginianus,ハイイロハッカ
Acridotheres grandis,オオハッカ
Acridotheres javanicus,ジャワハッカ
Acridotheres melanopterus,ソデグロムクドリ
Acridotheres tristis,インドハッカ
Acritillas indica,キマユヒヨドリ
Acrobatornis fonsecai,アクロバットカマドドリ
Acrocephalus aequinoctialis,クリスマスヨシキリ
Acrocephalus agricola,イナダヨシキリ
Acrocephalus arundinaceus,ニシオオヨシキリ
Acrocephalus astrolabii,マンガレヴァヨシキリ
Acrocephalus atyphus,ツアモツヨシキリ
Acrocephalus australis,オーストラリアヨシキリ
Acrocephalus bistrigiceps,コヨシキリ
Acrocephalus brevipennis,ケープベルデアシナガヨシキリ
Acrocephalus caffer,ハシナガヨシキリ
Acrocephalus concinens,コバネヨシキリ
Acrocephalus dumetorum,ヤブヨシキリ
Acrocephalus familiaris,レイサンヨシキリ
Acrocephalus gracilirostris,アシナガヨシキリ
Acrocephalus griseldis,バスラオオヨシキリ
Acrocephalus hiwae,サイパンヨシキリ
Acrocephalus kerearako,クックヨシキリ
Acrocephalus longirostris,モーレアヨシキリ
Acrocephalus luscinius,ナンヨウヨシキリ
Acrocephalus melanopogon,マミジロヨシキリ
Acrocephalus mendanae,マルケサスヨシキリ
Acrocephalus musae,ソシエテヨシキリ
Acrocephalus newtoni,マダガスカルアシナガヨシキリ
Acrocephalus nijoi,アギハンヨシキリ
Acrocephalus orientalis,オオヨシキリ
Acrocephalus orinus,オオハシヨシキリ
Acrocephalus paludicola,ハシボソヨシキリ
Acrocephalus palustris,ヌマヨシキリ
Acrocephalus percernis,キタマルケサスヨシキリ
Acrocephalus rehsei,ギルバートヨシキリ
Acrocephalus rimitarae,ツバイヨシキリ
Acrocephalus rodericanus,ロドリゲスヤブセンニュウ
Acrocephalus rufescens,オオアシナガヨシキリ
Acrocephalus schoenobaenus,スゲヨシキリ
Acrocephalus scirpaceus,ヨーロッパヨシキリ
Acrocephalus sechellensis,セーシェルヤブセンニュウ
Acrocephalus sorghophilus,セスジコヨシキリ
Acrocephalus stentoreus,チュウヨシキリ
Acrocephalus syrinx,カロリンヨシキリ
Acrocephalus taiti,タヒチヨシキリ
Acrocephalus tangorum,マンシュウイナダヨシキリ
Acrocephalus vaughani,ピトケアンヨシキリ
Acrocephalus yamashinae,パガンヨシキリ
Acrochordopus burmeisteri,ケアシコタイランチョウ
Acrochordopus zeledoni,ホオジロコタイランチョウ
Acropternis orthonyx,シラボシオタテドリ
Acryllium vulturinum,フサホロホロチョウ
Actenoides bougainvillei,ブーゲンビルショウビン
Actenoides concretus,アオヒゲショウビン
Actenoides hombroni,フィリピンアオヒゲショウビン
Actenoides lindsayi,シロボシショウビン
Actenoides monachus,チャバラショウビン
Actenoides princeps,チャイロショウビン
Actinodura cyanouroptera,ルリハコバシチメドリ
Actinodura egertoni,クリビタイシマドリ
Actinodura morrisoniana,シマドリ
Actinodura nipalensis,ノドジロシマドリ
Actinodura ramsayi,メジロシマドリ
Actinodura sodangorum,ズグロシマドリ
Actinodura souliei,タテジマシマドリ
Actinodura strigula,ノドジマコバシチメドリ
Actinodura waldeni,クリイロシマドリ
Actitis hypoleucos,イソシギ
Actitis macularius,アメリカイソシギ
Actophilornis africanus,アフリカレンカク
Actophilornis albinucha,マダガスカルレンカク
Adelomyia melanogenys,ミミグロハチドリ
Aechmophorus clarkii,クラークカイツブリ
Aechmophorus occidentalis,クビナガカイツブリ
Aegithalos bonvaloti,マユグロヤマガラモドキ
Aegithalos caudatus,エナガ
Aegithalos concinnus,ズアカエナガ
Aegithalos exilis,ジャワエナガ
Aegithalos fuliginosus,ギンガオエナガ
Aegithalos glaucogularis,ギンノドエナガ
Aegithalos iouschistos,ヤマガラモドキ
Aegithalos leucogenys,ホオジロエナガ
Aegithalos niveogularis,ノドジロヤマガラモドキ
Aegithina lafresnayei,オオヒメコノハドリ
Aegithina nigrolutea,ズグロヒメコノハドリ
Aegithina tiphia,ヒメコノハドリ
Aegithina viridissima,ミドリヒメコノハドリ
Aegolius acadicus,アメリカキンメフクロウ
Aegolius funereus,キンメフクロウ
Aegolius gradyi,バミューダキンメフクロウ
Aegolius harrisii,セグロキンメフクロウ
Aegolius ridgwayi,メキシコキンメフクロウ
Aegotheles affinis,ドベライズクヨタカ
Aegotheles albertisi,ミヤマズクヨタカ
Aegotheles bennettii,シロエリズクヨタカ
Aegotheles crinifrons,ハルマヘラズクヨタカ
Aegotheles cristatus,オーストラリアズクヨタカ
Aegotheles insignis,オオズクヨタカ
Aegotheles savesi,ニューカレドニアズクヨタカ
Aegotheles tatei,ホシズクヨタカ
Aegotheles wallacii,ウォーレスズクヨタカ
Aegypius monachus,クロハゲワシ
Aenigmatolimnas marginalis,チャバラヒメクイナ
Aepypodius arfakianus,エボシツカツクリ
Aepypodius bruijnii,ワイゲウツカツクリ
Aerodramus amelis,ハイイロアナツバメ
Aerodramus bartschi,グアムムジアナツバメ
Aerodramus brevirostris,ヒマラヤアナツバメ
Aerodramus elaphrus,セーシェルアナツバメ
Aerodramus francicus,ショクヨウアナツバメ
Aerodramus hirundinaceus,ヤマアナツバメ
Aerodramus infuscatus,モルッカアナツバメ
Aerodramus inquietus,カロリンアナツバメ
Aerodramus leucophaeus,タヒチアナツバメ
Aerodramus maximus,オオアナツバメ
Aerodramus mearnsi,フィリピンムジアナツバメ
Aerodramus nuditarsus,パプアヤマアナツバメ
Aerodramus ocistus,マルケサスアナツバメ
Aerodramus orientalis,ガダルカナルアナツバメ
Aerodramus papuensis,パプアカワアナツバメ
Aerodramus pelewensis,ミクロネシアムジアナツバメ
Aerodramus salangana,コケアナツバメ
Aerodramus sawtelli,クックアナツバメ
Aerodramus spodiopygius,コシジロアナツバメ
Aerodramus terraereginae,オーストラリアアナツバメ
Aerodramus unicolor,インドショクヨウアナツバメ
Aerodramus vanikorensis,ムジアナツバメ
Aerodramus vulcanorum,ミヤマアナツバメ
Aerodramus whiteheadi,フィリピンアナツバメ
Aeronautes andecolus,アンデスアマツバメ
Aeronautes montivagus,カタジロアマツバメ
Aeronautes saxatalis,ムナジロアマツバメ
Aerospiza castanilius,ワキアカハイタカ
Aerospiza tachiro,アフリカオオタカ
Aethia cristatella,エトロフウミスズメ
Aethia psittacula,ウミオウム
Aethia pusilla,コウミスズメ
Aethia pygmaea,シラヒゲウミスズメ
Aethomyias arfakianus,コヤブムシクイ
Aethomyias nigrorufus,ミヤマネズミムシクイ
Aethomyias papuensis,パプアヤブムシクイ
Aethomyias perspicillatus,キガオヤブムシクイ
Aethomyias rufescens,アルファクヤブムシクイ
Aethomyias spilodera,ハシジロヤブムシクイ
Aethopyga bella,ハンサムタイヨウチョウ
Aethopyga boltoni,アポタイヨウチョウ
Aethopyga christinae,エンビタイヨウチョウ
Aethopyga duyvenbodei,サンギヘタイヨウチョウ
Aethopyga eximia,シロフサタイヨウチョウ
Aethopyga flagrans,ワキグロタイヨウチョウ
Aethopyga gouldiae,ルリオタイヨウチョウ
Aethopyga guimarasensis,クリエリタイヨウチョウ
Aethopyga ignicauda,アカオタイヨウチョウ
Aethopyga linaraborae,リーナタイヨウチョウ
Aethopyga magnifica,フィリピンキゴシタイヨウチョウ
Aethopyga mystacalis,ヒイロタイヨウチョウ
Aethopyga nipalensis,ミドリオタイヨウチョウ
Aethopyga primigenia,ハチスカタイヨウチョウ
Aethopyga pulcherrima,キムネタイヨウチョウ
Aethopyga saturata,ムナグロタイヨウチョウ
Aethopyga shelleyi,アオヒゲタイヨウチョウ
Aethopyga siparaja,キゴシタイヨウチョウ
Aethopyga temminckii,ミヤマタイヨウチョウ
Aethopyga tibolii,ツボリタイヨウチョウ
Aethopyga vigorsii,イシキゴシタイヨウチョウ
Afropavo congensis,コンゴクジャク
Afrotis afra,クロエリショウノガン
Afrotis afraoides,ハジロクロエリショウノガン
Agamia agami,アカハラサギ
Agapornis canus,カルカヤインコ
Agapornis fischeri,ルリゴシボタンインコ
Agapornis lilianae,ボタンインコ
Agapornis nigrigenis,クロボタンインコ
Agapornis personatus,キエリボタンインコ
Agapornis pullarius,コハナインコ
Agapornis roseicollis,コザクラインコ
Agapornis swindernianus,ワカクサインコ
Agapornis taranta,ハツハナインコ
Agelaioides badius,クリバネコウウチョウ
Agelaioides fringillarius,ウスクリバネコウウチョウ
Agelaius assimilis,アカカタハゴロモガラス
Agelaius humeralis,チャガタハゴロモガラス
Agelaius phoeniceus,ハゴロモガラス
Agelaius tricolor,サンショクハゴロモガラス
Agelaius xanthomus,キガタハゴロモガラス
Agelastes meleagrides,ムナジロホロホロチョウ
Agelastes niger,クロホロホロチョウ
Agelasticus cyanopus,クロハゴロモガラス
Agelasticus thilius,キバネハゴロモガラス
Agelasticus xanthophthalmus,キンメハゴロモガラス
Aglaeactis aliciae,アメシストニジハチドリ
Aglaeactis castelnaudii,シロフサニジハチドリ
Aglaeactis cupripennis,ニジハチドリ
Aglaeactis pamela,ズグロニジハチドリ
Aglaiocercus berlepschi,ベネズエラフタオハチドリ
Aglaiocercus coelestis,ムラサキフタオハチドリ
Aglaiocercus kingii,アオフタオハチドリ
Agraphospiza rubescens,ヒイロマシコ
Agricola infuscatus,オオチャビタキ
Agricola pallidus,ウスチャヒタキ
Agriornis albicauda,オジロモズタイランチョウ
Agriornis lividus,オオモズタイランチョウ
Agriornis micropterus,モズタイランチョウ
Agriornis montanus,ミヤマモズタイランチョウ
Agriornis murinus,ネズミモズタイランチョウ
Agropsar philippensis,コムクドリ
Agropsar sturninus,シベリアムクドリ
Ailuroedus buccoides,ミミジロネコドリ
Ailuroedus crassirostris,ネコドリ
Ailuroedus geislerorum,チャガシラネコドリ
Ailuroedus maculosus,マダラネコドリ
Ailuroedus melanotis,ミミグロネコドリ
Ailuroedus stonii,キムネネコドリ
Aimophila notosticta,オアハカスズメモドキ
Aimophila rufescens,オオスズメモドキ
Aimophila ruficeps,ズアカスズメモドキ
Aix galericulata,オシドリ
Aix sponsa,アメリカオシ
Akialoa ellisiana,オアフユミハシハワイミツスイ
Akialoa lanaiensis,マウイヌイユミハシハワイミツスイ
Akialoa obscura,ユミハシハワイミツスイ
Akialoa stejnegeri,カウアイユミハシハワイミツスイ
Akletos goeldii,ブラジルアリドリ
Akletos melanoceps,カタジロアリドリ
Alaemon alaudipes,ハシナガヒバリ
Alaemon hamertoni,ヒメハシナガヒバリ
Alauda arvensis,ヒバリ
Alauda gulgula,タイワンヒバリ
Alauda leucoptera,ハジロコウテンシ
Alauda razae,ラザコヒバリ
Alaudala cheleensis,コヒバリ
Alaudala raytal,インドコヒバリ
Alaudala somalica,ソマリアコヒバリ
Alca torda,オオハシウミガラス
Alcedo atthis,カワセミ
Alcedo coerulescens,ヒメアオカワセミ
Alcedo euryzona,アオムネカワセミ
Alcedo hercules,オオカワセミ
Alcedo meninting,ルリカワセミ
Alcedo quadribrachys,ルリハシグロカワセミ
Alcedo semitorquata,ハシグロカワセミ
Alcippe brunneicauda,ムジチメドリ
Alcippe davidi,ダヴィドチメドリ
Alcippe fratercula,ウンナンチメドリ
Alcippe grotei,マユグロチメドリ
Alcippe hueti,フエチメドリ
Alcippe morrisonia,メジロチメドリ
Alcippe nipalensis,ネパールメジロチメドリ
Alcippe peracensis,ヤマチメドリ
Alcippe poioicephala,ハイガシラチメドリ
Alcippe pyrrhoptera,ジャワチメドリ
Alcurus striatus,タテフヒヨドリ
Aleadryas rufinucha,アカエリモズヒタキ
Alectoris barbara,チャエリイワシャコ
Alectoris chukar,イワシャコ
Alectoris graeca,ハイイロイワシャコ
Alectoris magna,オオイワシャコ
Alectoris melanocephala,アラビアイワシャコ
Alectoris philbyi,ノドグロイワシャコ
Alectoris rufa,アカアシイワシャコ
Alectroenas madagascariensis,マダガスカルルリバト
Alectroenas nitidissimus,モーリシャスルリバト
Alectroenas pulcherrimus,セーシェルルリバト
Alectroenas sganzini,コモロルリバト
Alectrurus risora,オナガオンドリタイランチョウ
Alectrurus tricolor,オンドリタイランチョウ
Alectura lathami,ヤブツカツクリ
Alethe castanea,ズアカムジヒタキ
Alethe diademata,アカズキンムジヒタキ
Alipiopsitta xanthops,ワキアカボウシインコ
Alisterus amboinensis,オウインコ
Alisterus chloropterus,キガタキンショウジョウインコ
Alisterus scapularis,キンショウジョウインコ
Alle alle,ヒメウミスズメ
Allenia fusca,ウロコツグミモドキ
Alophoixus bres,ハイガシラカンムリヒヨドリ
Alophoixus flaveolus,キバラカンムリヒヨドリ
Alophoixus frater,ハイノドカンムリヒヨドリ
Alophoixus ochraceus,シロハラカンムリヒヨドリ
Alophoixus pallidus,ノドジロカンムリヒヨドリ
Alophoixus phaeocephalus,ハイガシラアゴカンムリヒヨドリ
Alopochelidon fucata,キツネツバメ
Alopochen aegyptiaca,エジプトガン
Alopochen kervazoi,レユニオンツクシガモ
Alopochen mauritiana,モーリシャスツクシガモ
Amadina erythrocephala,オオイッコウチョウ
Amadina fasciata,イッコウチョウ
Amalocichla incerta,ヒメパプアヤマツグミ
Amalocichla sclateriana,パプアヤマツグミ
Amandava amandava,ベニスズメ
Amandava formosa,シマキンカ
Amandava subflava,シマベニスズメ
Amaurolimnas concolor,チャバラクイナ
Amaurornis isabellina,チャバラバンクイナ
Amaurornis magnirostris,タラウドバンクイナ
Amaurornis moluccana,バンクイナ
Amaurornis olivacea,フィリピンバンクイナ
Amaurornis phoenicurus,シロハラクイナ
Amaurospiza carrizalensis,カリザルシコンコメワリ
Amaurospiza concolor,シコンコメワリ
Amaurospiza moesta,ノドグロシコンコメワリ
Amazilia luciae,ホンジュラスエメラルドハチドリ
Amazilia rutila,ニッケイハチドリ
Amazilia tzacatl,ハイバラエメラルドハチドリ
Amazilia yucatanensis,アカハシエメラルドハチドリ
Amazilis amazilia,チャムネエメラルドハチドリ
Amazona aestiva,アオボウシインコ
Amazona agilis,ハシグロボウシインコ
Amazona albifrons,コボウシインコ
Amazona amazonica,キソデボウシインコ
Amazona arausiaca,アカノドボウシインコ
Amazona auropalliata,キエリボウシインコ
Amazona autumnalis,キホオボウシインコ
Amazona barbadensis,キボウシインコ
Amazona brasiliensis,アカオボウシインコ
Amazona collaria,エリマキボウシインコ
Amazona dufresniana,キガオボウシインコ
Amazona farinosa,ムジボウシインコ
Amazona festiva,ムラサキボウシインコ
Amazona finschi,フジイロボウシインコ
Amazona guildingii,オウボウシインコ
Amazona imperialis,ミカドボウシインコ
Amazona kawalli,カワルボウシインコ
Amazona leucocephala,サクラボウシインコ
Amazona mercenarius,ネズミエリボウシインコ
Amazona ochrocephala,キビタイボウシインコ
Amazona oratrix,キガシラボウシインコ
Amazona pretrei,アカソデボウシインコ
Amazona rhodocorytha,アカマユボウシインコ
Amazona tucumana,カラカネボウシインコ
Amazona ventralis,ミミグロボウシインコ
Amazona versicolor,イロマジリボウシインコ
Amazona vinacea,ブドウイロボウシインコ
Amazona viridigenalis,メキシコアカボウシインコ
Amazona vittata,アカビタイボウシインコ
Amazona xantholora,キバナボウシインコ
Amazonetta brasiliensis,アカアシコガモ
Amblycercus holosericeus,クロツリスドリ
Amblyornis flavifrons,キエボシニワシドリ
Amblyornis inornata,チャイロニワシドリ
Amblyornis macgregoriae,カンムリニワシドリ
Amblyornis subalaris,アカエボシニワシドリ
Amblyospiza albifrons,ハシブトハタオリ
Amblyramphus holosericeus,ヒズキンムクドリモドキ
Amirafra angolensis,ウロコヤブヒバリ
Amirafra collaris,クロエリヤブヒバリ
Amirafra rufocinnamomea,ニッケイヤブヒバリ
Ammodramus aurifrons,キマユヒメドリ
Ammodramus humeralis,キガタヒメドリ
Ammodramus savannarum,イナゴヒメドリ
Ammomanes cinctura,クロオビスナヒバリ
Ammomanes deserti,スナヒバリ
Ammomanes phoenicura,インドスナヒバリ
Ammomanopsis grayi,ムジスナヒバリ
Ammonastes pelzelni,ハイバラアリドリ
Ammoperdix griseogularis,ヒメイワシャコ
Ammoperdix heyi,スナシャコ
Ammospiza caudacuta,トゲオヒメドリ
Ammospiza leconteii,シロスジヒメドリ
Ammospiza maritima,ハマヒメドリ
Ammospiza nelsoni,ネルソントゲオヒメドリ
Ampeliceps coronatus,キガシラムクドリ
Ampelioides tschudii,ウロコカザリドリ
Ampelion rubrocristatus,アカカンムリカザリドリ
Ampelion rufaxilla,カンムリカザリドリ
Ampelornis griseiceps,ハイガシラアリドリ
Amphispiza bilineata,ノドグロヒメドリ
Amphispizopsis quinquestriata,ムナフスズメモドキ
Amytornis ballarae,カルカドンセスジムシクイ
Amytornis barbatus,マミジロセスジムシクイ
Amytornis dorotheae,ムナジロセスジムシクイ
Amytornis goyderi,シロハラセスジムシクイ
Amytornis housei,クロセスジムシクイ
Amytornis merrotsyi,ヒメノドジロセスジムシクイ
Amytornis modestus,ハシブトセスジムシクイ
Amytornis purnelli,ハシボソセスジムシクイ
Amytornis rowleyi,サビイロセスジムシクイ
Amytornis striatus,ノドジロセスジムシクイ
Amytornis textilis,ニシセスジムシクイ
Amytornis woodwardi,ノドジロクロセスジムシクイ
Anabacerthia amaurotis,マユブトカマドドリ
Anabacerthia lichtensteini,スナイロマユカマドドリ
Anabacerthia ruficaudata,アカオマユカマドドリ
Anabacerthia striaticollis,ミヤママユカマドドリ
Anabacerthia variegaticeps,ウロコノドカマドドリ
Anabathmis hartlaubii,プリンシペタイヨウチョウ
Anabathmis newtonii,サントメタイヨウチョウ
Anabathmis reichenbachii,ルリムネタイヨウチョウ
Anabazenops dorsalis,セアカハシブトカマドドリ
Anabazenops fuscus,シロエリマユカマドドリ
Anairetes alpinus,タカネカラタイランチョウ
Anairetes fernandezianus,フェルナンデスカラタイランチョウ
Anairetes flavirostris,キバシカラタイランチョウ
Anairetes nigrocristatus,クロカンムリカラタイランチョウ
Anairetes parulus,エボシカラタイランチョウ
Anairetes reguloides,カンムリカラタイランチョウ
Anaplectes rubriceps,アカガシラモリハタオリ
Anarhynchus alexandrinus,シロチドリ
Anarhynchus alticola,プナフタオビチドリ
Anarhynchus asiaticus,ニシオオチドリ
Anarhynchus bicinctus,チャオビチドリ
Anarhynchus collaris,クロオビチドリ
Anarhynchus dealbatus,カオジロシロチドリ
Anarhynchus falklandicus,コフタオビチドリ
Anarhynchus frontalis,ハシマガリチドリ
Anarhynchus javanicus,ジャワクロエリシロチドリ
Anarhynchus leschenaultii,オオメダイチドリ
Anarhynchus marginatus,シロビタイチドリ
Anarhynchus mongolus,メダイチドリ
Anarhynchus montanus,ミヤマチドリ
Anarhynchus nivosus,ユキチドリ
Anarhynchus obscurus,ニュージーランドチドリ
Anarhynchus pallidus,クリオビチドリ
Anarhynchus pecuarius,ヒメチドリ
Anarhynchus peronii,クロエリシロチドリ
Anarhynchus ruficapillus,アカエリシロチドリ
Anarhynchus sanctaehelenae,セントヘレナチドリ
Anarhynchus thoracicus,マダガスカルチドリ
Anarhynchus veredus,オオチドリ
Anarhynchus wilsonia,ウィルソンチドリ
Anas acuta,オナガガモ
Anas albogularis,アンダマンコガモ
Anas andium,アンデスコガモ
Anas aucklandica,クリイロコガモ
Anas bahamensis,ホオジロオナガガモ
Anas bernieri,シロスジコガモ
Anas capensis,アカハシコガモ
Anas carolinensis,アメリカコガモ
Anas castanea,アオクビコガモ
Anas chlorotis,チャイロコガモ
Anas crecca,コガモ
Anas diazi,メキシコガモ
Anas eatoni,イートンオナガガモ
Anas erythrorhyncha,アカハシオナガガモ
Anas flavirostris,キバシコガモ
Anas fulvigula,マダラガモ
Anas georgica,キバシオナガガモ
Anas gibberifrons,インドネシアコガモ
Anas gracilis,ハイイロコガモ
Anas laysanensis,レイサンマガモ
Anas luzonica,アカノドカルガモ
Anas melleri,マダガスカルガモ
Anas nesiotis,キャンベルコガモ
Anas platyrhynchos,マガモ
Anas poecilorhyncha,アカボシカルガモ
Anas rubripes,アメリカガモ
Anas sparsa,シラボシガモ
Anas superciliosa,マミジロカルガモ
Anas theodori,モーリシャスコガモ
Anas undulata,キバシガモ
Anas wyvilliana,ハワイマガモ
Anas zonorhyncha,カルガモ
Anastomus lamelligerus,クロスキハシコウ
Anastomus oscitans,スキハシコウ
Ancistrops strigilatus,カギハシカマドドリ
Andigena cucullata,キバシヤマオオハシ
Andigena hypoglauca,サンショクヤマオオハシ
Andigena laminirostris,イタハシヤマオオハシ
Andigena nigrirostris,ハシグロヤマオオハシ
Androdon aequatorialis,ハバシハチドリ
Andropadus importunus,ウスグロアオヒヨ
Androphobus viridis,セミドリチメドリ
Anhima cornuta,ツノサケビドリ
Anhinga anhinga,アメリカヘビウ
Anhinga melanogaster,アジアヘビウ
Anhinga novaehollandiae,オーストラリアヘビウ
Anhinga rufa,アフリカヘビウ
Anisognathus igniventris,アカハラヤマフウキンチョウ
Anisognathus lacrymosus,キボシヤマフウキンチョウ
Anisognathus melanogenys,コロンビアヤマフウキンチョウ
Anisognathus notabilis,クロアゴヤマフウキンチョウ
Anisognathus somptuosus,アオバネヤマフウキンチョウ
Anodorhynchus glaucus,ウミアオコンゴウインコ
Anodorhynchus hyacinthinus,スミレコンゴウインコ
Anodorhynchus leari,コスミレコンゴウインコ
Anomalospiza imberbis,カッコウハタオリ
Anopetia gounellei,オジロユミハチドリ
Anorrhinus austeni,アッサムサイチョウ
Anorrhinus galeritus,ムジサイチョウ
Anorrhinus tickelli,ビルマサイチョウ
Anous ceruleus,ハイイロアジサシ
Anous minutus,ヒメクロアジサシ
Anous stolidus,クロアジサシ
Anous tenuirostris,インドヒメクロアジサシ
Anser albifrons,マガン
Anser anser,ハイイロガン
Anser brachyrhynchus,コザクラバシガン
Anser caerulescens,ハクガン
Anser canagicus,ミカドガン
Anser cygnoides,サカツラガン
Anser erythropus,カリガネ
Anser fabalis,ヒシクイ
Anser indicus,インドガン
Anser rossii,ヒメハクガン
Anseranas semipalmata,カササギガン
Anthipes monileger,ノドジロヒタキ
Anthipes solitaris,アカメヒタキ
Anthobaphes violacea,オナガゴシキタイヨウチョウ
Anthocephala berlepschi,トリマハチドリ
Anthocephala floriceps,チャガシラハチドリ
Anthochaera carunculata,アカミミダレミツスイ
Anthochaera chrysoptera,ハイガシラミツスイ
Anthochaera lunulata,ギンホオミツスイ
Anthochaera paradoxa,キミミダレミツスイ
Anthochaera phrygia,キガオミツスイ
Anthornis melanocephala,チャタムミツスイ
Anthornis melanura,ニュージーランドミツスイ
Anthoscopus caroli,アフリカツリスガラ
Anthoscopus flavifrons,キンビタイアフリカツリスガラ
Anthoscopus minutus,キバラアフリカツリスガラ
Anthoscopus musculus,ネズミアフリカツリスガラ
Anthoscopus parvulus,キイロアフリカツリスガラ
Anthoscopus punctifrons,コモンアフリカツリスガラ
Anthracoceros albirostris,キタカササギサイチョウ
Anthracoceros coronatus,カササギサイチョウ
Anthracoceros malayanus,クロサイチョウ
Anthracoceros marchei,パラワンサイチョウ
Anthracoceros montani,ハシグロサイチョウ
Anthracothorax dominicus,ウスミドリマンゴーハチドリ
Anthracothorax mango,ジャマイカマンゴーハチドリ
Anthracothorax nigricollis,ムナグロマンゴーハチドリ
Anthracothorax prevostii,アオムネマンゴーハチドリ
Anthracothorax veraguensis,パナママンゴーハチドリ
Anthracothorax viridigula,アオノドマンゴーハチドリ
Anthracothorax viridis,ミドリマンゴーハチドリ
Anthreptes anchietae,アカハラコバシタイヨウチョウ
Anthreptes aurantius,ルリイロコバシタイヨウチョウ
Anthreptes gabonicus,メジロコバシタイヨウチョウ
Anthreptes longuemarei,スミレコバシタイヨウチョウ
Anthreptes malacensis,チャノドコバシタイヨウチョウ
Anthreptes neglectus,ムラサキコバシタイヨウチョウ
Anthreptes orientalis,ヒガシスミレコバシタイヨウチョウ
Anthreptes rectirostris,キノドコバシタイヨウチョウ
Anthreptes reichenowi,ノドグロコバシタイヨウチョウ
Anthreptes rhodolaemus,ノドアカコバシタイヨウチョウ
Anthreptes rubritorques,アカオビコバシタイヨウチョウ
Anthreptes seimundi,コミドリタイヨウチョウ
Anthreptes simplex,オリーブコバシタイヨウチョウ
Anthus antarcticus,サウスジョージアタヒバリ
Anthus australis,オーストラリアマミジロタヒバリ
Anthus berthelotii,カナリータヒバリ
Anthus bogotensis,アンデスタヒバリ
Anthus brachyurus,ヒメタヒバリ
Anthus caffer,クサハラタヒバリ
Anthus campestris,ムジタヒバリ
Anthus cervinus,ムネアカタヒバリ
Anthus chacoensis,ウスキイロタヒバリ
Anthus chii,キイロタヒバリ
Anthus cinnamomeus,アフリカマミジロタヒバリ
Anthus correndera,セジマタヒバリ
Anthus crenatus,フナシイワタヒバリ
Anthus furcatus,コバシタヒバリ
Anthus godlewskii,コマミジロタヒバリ
Anthus gustavi,セジロタヒバリ
Anthus gutturalis,パプアタヒバリ
Anthus hellmayri,ウスイロタヒバリ
Anthus hodgsoni,ビンズイ
Anthus hoeschi,ヤママミジロタヒバリ
Anthus japonicus,タヒバリ
Anthus leucophrys,チャイロタヒバリ
Anthus lineiventris,スジハラタヒバリ
Anthus melindae,シロハラタヒバリ
Anthus nattereri,キムネタヒバリ
Anthus nilghiriensis,ニルギリタヒバリ
Anthus novaeseelandiae,ニュージーランドマミジロタヒバリ
Anthus nyassae,アンゴラタヒバリ
Anthus pallidiventris,アシナガタヒバリ
Anthus peruvianus,ペルータヒバリ
Anthus petrosus,ニシヨーロッパタヒバリ
Anthus pratensis,マキバタヒバリ
Anthus richardi,マミジロタヒバリ
Anthus roseatus,ウスベニタヒバリ
Anthus rubescens,アメリカタヒバリ
Anthus ruficollis,マダンガメジロ
Anthus rufulus,ヒメマミジロタヒバリ
Anthus similis,ハシナガビンズイ
Anthus sokokensis,ウロコタヒバリ
Anthus spinoletta,ヒガシヨーロッパタヒバリ
Anthus spragueii,ヤブタヒバリ
Anthus sylvanus,コウゲンタヒバリ
Anthus trivialis,ヨーロッパビンズイ
Anthus vaalensis,スジナシタヒバリ
Antigone antigone,オオヅル
Antigone canadensis,カナダヅル
Antigone rubicunda,オーストラリアヅル
Antigone vipio,マナヅル
Antiurus maculicaudus,マダラオヨタカ
Antrostomus arizonae,アリゾナヨタカ
Antrostomus badius,ユカタンウィルヨタカ
Antrostomus carolinensis,チャックウィルヨタカ
Antrostomus cubanensis,キューバヨタカ
Antrostomus noctitherus,プエルトリコヨタカ
Antrostomus ridgwayi,クビワヨタカ
Antrostomus rufus,アカヨタカ
Antrostomus salvini,メキシコヨタカ
Antrostomus saturatus,ウスグロヨタカ
Antrostomus sericocaudatus,マルオヨタカ
Antrostomus vociferus,ホイップアーウィルヨタカ
Anumara forbesi,コミナミムクドリモドキ
Anumbius annumbi,ニワカマドドリ
Anurolimnas castaneiceps,ムネアカクイナ
Apalharpactes mackloti,スマトラキヌバネドリ
Apalharpactes reinwardtii,キノドキヌバネドリ
Apalis alticola,チャガシライロムシクイ
Apalis argentea,タンザニアイロムシクイ
Apalis bamendae,ミヤマカメルーンイロムシクイ
Apalis binotata,カオグロイロムシクイ
Apalis chapini,タンザニアクリノドイロムシクイ
Apalis chariessa,ハジロイロムシクイ
Apalis chirindensis,ローデシアイロムシクイ
Apalis cinerea,ハイガシライロムシクイ
Apalis flavida,キムネイロムシクイ
Apalis fuscigularis,タイタイロムシクイ
Apalis goslingi,カメルーンイロムシクイ
Apalis jacksoni,ノドグロイロムシクイ
Apalis kaboboensis,カボボイロムシクイ
Apalis karamojae,ウガンダイロムシクイ
Apalis lynesi,ナムリイロムシクイ
Apalis melanocephala,ズグロイロムシクイ
Apalis nigriceps,クロガシライロムシクイ
Apalis personata,ミヤマカオグロイロムシクイ
Apalis porphyrolaema,クリノドイロムシクイ
Apalis ruddi,マユイロムシクイ
Apalis rufogularis,セグロイロムシクイ
Apalis sharpii,ウスグロイロムシクイ
Apalis thoracica,ムナオビイロムシクイ
Apaloderma aequatoriale,ニシアフリカキヌバネドリ
Apaloderma narina,アフリカキヌバネドリ
Apaloderma vittatum,シマオアフリカキヌバネドリ
Apalopteron familiare,メグロ
Aphanapteryx bonasia,モーリシャスクイナ
Aphanocrex podarces,セントヘレナクイナ
Aphanotriccus audax,ハシグロハエトリ
Aphanotriccus capitalis,ムネアカハシグロハエトリ
Aphelocephala leucopsis,カオジロムシクイ
Aphelocephala nigricincta,クビワカオジロムシクイ
Aphelocephala pectoralis,チャムネカオジロムシクイ
Aphelocoma californica,カリフォルニアカケス
Aphelocoma coerulescens,フロリダカケス
Aphelocoma insularis,サンタクルスカケス
Aphelocoma ultramarina,カザンカケス
Aphelocoma unicolor,ムジアオカケス
Aphelocoma wollweberi,メキシコカケス
Aphelocoma woodhouseii,ウッドハウスカケス
Aphrastura masafuerae,マサフエラハリオカマドドリ
Aphrastura spinicauda,ハリオカマドドリ
Aphrodroma brevirostris,ケルゲレンミズナギドリ
Aplonis atrifusca,サモアカラスモドキ
Aplonis brunneicapillus,メジロカラスモドキ
Aplonis cantoroides,ナキカラスモドキ
Aplonis cinerascens,ラロトンガカラスモドキ
Aplonis corvina,テリカラスモドキ
Aplonis crassa,タニンバルカラスモドキ
Aplonis dichroa,サンクリストバルカラスモドキ
Aplonis feadensis,ソロモンカラスモドキ
Aplonis fusca,ノーフォークカラスモドキ
Aplonis grandis,オオカラスモドキ
Aplonis insularis,レンネルカラスモドキ
Aplonis magna,オナガカラスモドキ
Aplonis mavornata,ライアテカラスモドキ
Aplonis metallica,オナガテリカラスモドキ
Aplonis minor,コミドリカラスモドキ
Aplonis mysolensis,モルッカカラスモドキ
Aplonis mystacea,カンムリカラスモドキ
Aplonis opaca,カラスモドキ
Aplonis panayensis,ミドリカラスモドキ
Aplonis pelzelni,ヒメカラスモドキ
Aplonis santovestris,ヤマカラスモドキ
Aplonis striata,カレドニアカラスモドキ
Aplonis tabuensis,タテジマカラスモドキ
Aplonis zelandica,ニューヘブリデスカラスモドキ
Aplopelia larvata,レモンバト
Aprositornis disjuncta,アゴジロアリドリ
Aprosmictus erythropterus,ハゴロモインコ
Aprosmictus jonquillaceus,ハゴロモインコモドキ
Aptenodytes forsteri,コウテイペンギン
Aptenodytes patagonicus,オウサマペンギン
Apteryx australis,キーウィ
Apteryx mantelli,キタキーウィ
Apteryx maxima,オオマダラキーウィ
Apteryx owenii,コマダラキーウィ
Apteryx rowi,オカリトキーウィ
Apus acuticauda,セグロアマツバメ
Apus affinis,ニシヒメアマツバメ
Apus alexandri,ケープベルデアマツバメ
Apus apus,ヨーロッパアマツバメ
Apus balstoni,マダガスカルアマツバメ
Apus barbatus,ミナミクロアマツバメ
Apus batesi,クロアマツバメ
Apus berliozi,ソコトラアマツバメ
Apus bradfieldi,ナミビアアマツバメ
Apus caffer,アフリカコシジロアマツバメ
Apus cooki,クックアマツバメ
Apus horus,ホーラスアマツバメ
Apus leuconyx,ブライスアマツバメ
Apus niansae,ススイロアマツバメ
Apus nipalensis,ヒメアマツバメ
Apus pacificus,アマツバメ
Apus pallidus,ウスアマツバメ
Apus unicolor,ハイイロアマツバメ
Aquila adalberti,ニシカタシロワシ
Aquila africana,アフリカクマタカ
Aquila audax,オナガイヌワシ
Aquila chrysaetos,イヌワシ
Aquila fasciata,ボネリークマタカ
Aquila gurneyi,モルッカイヌワシ
Aquila heliaca,カタシロワシ
Aquila nipalensis,ソウゲンワシ
Aquila rapax,アフリカソウゲンワシ
Aquila spilogaster,モモジロクマタカ
Aquila verreauxii,コシジロイヌワシ
Ara ambiguus,ヒワコンゴウインコ
Ara ararauna,ルリコンゴウインコ
Ara chloropterus,ベニコンゴウインコ
Ara glaucogularis,アオキコンゴウインコ
Ara macao,コンゴウインコ
Ara militaris,ミドリコンゴウインコ
Ara rubrogenys,アカミミコンゴウインコ
Ara severus,ヒメコンゴウインコ
Ara tricolor,ミイロコンゴウインコ
Arachnothera affinis,スジムネクモカリドリ
Arachnothera chrysogenys,キミミクモカリドリ
Arachnothera clarae,ホオハゲクモカリドリ
Arachnothera crassirostris,ハシブトクモカリドリ
Arachnothera dilutior,タンショククモアリドリ
Arachnothera everetti,ムナフクモカリドリ
Arachnothera flammifera,アキアカクモカリドリ
Arachnothera flavigaster,オオキミミクモカリドリ
Arachnothera juliae,ゴマフクモカリドリ
Arachnothera longirostra,コクモカリドリ
Arachnothera magna,タテジマクモカリドリ
Arachnothera modesta,ハイムネクモカリドリ
Arachnothera robusta,ハシナガクモカリドリ
Aramides albiventris,ズアカモリクイナ
Aramides axillaris,チャクビモリクイナ
Aramides cajaneus,コンゴウクイナ（ハイクビモリクイナ）
Aramides calopterus,アカバネモリクイナ
Aramides mangle,ヒメモリクイナ
Aramides saracura,ハイムネモリクイナ
Aramides wolfi,チャイロモリクイナ
Aramides ypecaha,オオモリクイナ
Aramidopsis plateni,セレベスクイナ
Aramus guarauna,ツルモドキ
Aratinga auricapillus,ゴシキメキシコインコ
Aratinga jandaya,ナナイロメキシコインコ
Aratinga maculata,キバラメキシコインコ
Aratinga nenday,クロガミインコ
Aratinga solstitialis,コガネメキシコインコ
Aratinga weddellii,シモフリインコ
Arborophila ardens,ハイナンミヤマテッケイ
Arborophila atrogularis,ノドグロミヤマテッケイ
Arborophila brunneopectus,チャムネミヤマテッケイ
Arborophila cambodiana,カンボジアミヤマテッケイ
Arborophila campbelli,マレーシアミヤマテッケイ
Arborophila crudigularis,ミヤマテッケイ
Arborophila davidi,サイゴンミヤマテッケイ
Arborophila gingica,フッケンミヤマテッケイ
Arborophila hyperythra,ボルネオミヤマテッケイ
Arborophila javanica,ジャワミヤマテッケイ
Arborophila mandellii,ムネアカミヤマテッケイ
Arborophila orientalis,ハイムネミヤマテッケイ
Arborophila rolli,キタスマトラミヤマテッケイ
Arborophila rubrirostris,アカハシミヤマテッケイ
Arborophila rufipectus,シセンミヤマテッケイ
Arborophila rufogularis,ノドアカミヤマテッケイ
Arborophila sumatrana,スマトラミヤマテッケイ
Arborophila torqueola,チャガシラミヤマテッケイ
Arcanator orostruthus,ヤマブチツグミヒタキ
Archboldia papuensis,パプアニワシドリ
Archilochus alexandri,ノドグロハチドリ
Archilochus colubris,ノドアカハチドリ
Ardea alba,ダイサギ
Ardea cinerea,アオサギ
Ardea cocoi,ナンベイアオサギ
Ardea coromanda,アマサギ
Ardea goliath,オニアオサギ
Ardea herodias,オオアオサギ
Ardea humbloti,マダガスカルサギ
Ardea ibis,ニシアマサギ
Ardea insignis,シロハラサギ
Ardea intermedia,チュウサギ
Ardea melanocephala,ズグロアオサギ
Ardea pacifica,シロガシラサギ
Ardea purpurea,ムラサキサギ
Ardea sumatrana,スマトラサギ
Ardenna bulleri,ミナミオナガミズナギドリ
Ardenna carneipes,アカアシミズナギドリ
Ardenna creatopus,シロハラアカアシミズナギドリ
Ardenna gravis,ズグロミズナギドリ
Ardenna grisea,ハイイロミズナギドリ
Ardenna pacifica,オナガミズナギドリ
Ardenna tenuirostris,ハシボソミズナギドリ
Ardeola bacchus,アカガシラサギ
Ardeola grayii,インドアカガシラサギ
Ardeola idae,マダガスカルカンムリサギ
Ardeola ralloides,カンムリサギ
Ardeola rufiventris,クロアマサギ
Ardeola speciosa,ジャワアカガシラサギ
Ardeotis arabs,アラビアオオノガン
Ardeotis australis,オーストラリアオオノガン
Ardeotis kori,アフリカオオノガン
Ardeotis nigriceps,インドオオノガン
Arenaria interpres,キョウジョシギ
Arenaria melanocephala,クロキョウジョシギ
Argusianus argus,セイラン
Argya affinis,キバシヤブチメドリ
Argya altirostris,イラクヤブチメドリ
Argya aylmeri,シロスジヤブチメドリ
Argya caudata,スジカブリヤブチメドリ
Argya cinereifrons,セイロンガビチョウ
Argya earlei,セジマヤブチメドリ
Argya fulva,スナイロヤブチメドリ
Argya gularis,ビルマヤブチメドリ
Argya huttoni,アフガンヤブチメドリ
Argya longirostris,ハシボソヤブチメドリ
Argya malcolmi,オジロヤブチメドリ
Argya rubiginosa,チャイロヤブチメドリ
Argya rufescens,セイロンヤブチメドリ
Argya squamiceps,アラビアヤブチメドリ
Argya striata,ツチイロヤブチメドリ
Argya subrufa,サビイロヤブチメドリ
Arizelocichla chlorigula,ミナミアオノドヒヨ
Arizelocichla fusciceps,キタアオノドヒヨ
Arizelocichla masukuensis,ミドリヒヨドリ
Arizelocichla milanjensis,ホオスジアオヒヨ
Arizelocichla montana,ミヤマアオヒヨドリ
Arizelocichla neumanni,ウルグルアオノドヒヨ
Arizelocichla nigriceps,クロガシラアオヒヨ
Arizelocichla tephrolaema,ハイノドヒヨ
Arizelopsar femoralis,ムナグロムクドリ
Arremon abeillei,ズグロシズカシトド
Arremon assimilis,ハイマユヤブシトド
Arremon atricapillus,ズグロヤブシトド
Arremon aurantiirostris,アカハシシズカシトド
Arremon basilicus,シエラネバダヤブシトド
Arremon brunneinucha,クリボウシヤブシトド
Arremon castaneiceps,ハシブトシトド
Arremon costaricensis,コスタリカヤブシトド
Arremon crassirostris,ウスズミハシブトシトド
Arremon flavirostris,キバシシズカシトド
Arremon franciscanus,サンフランシスコシズカシトド
Arremon perijanus,ペリハヤブシトド
Arremon phaeopleurus,カラカスヤブシトド
Arremon phygas,パリアヤブシトド
Arremon schlegeli,キガタシズカシトド
Arremon semitorquatus,ハンエリマキシズカシトド
Arremon taciturnus,シズカシトド
Arremon torquatus,スジボウシヤブシトド
Arremon virenticeps,メキシコスジボウシヤブシトド
Arremonops chloronotus,ミドリオリーブシトド
Arremonops conirostris,クロスジオリーブシトド
Arremonops rufivirgatus,オリーブシトド
Arremonops tocuyensis,ヒメオリーブシトド
Arses insularis,アカエリマキヒタキ
Arses kaupi,ムナオビエリマキヒタキ
Arses lorealis,ケープヨークエリマキヒタキ
Arses telescopthalmus,エリマキヒタキ
Artamella viridis,シロガシラオオハシモズ
Artamus cinereus,カオグロモリツバメ
Artamus cyanopterus,ウスズミモリツバメ
Artamus fuscus,ハイイロモリツバメ
Artamus insignis,ビスマルクモリツバメ
Artamus leucorynchus,モリツバメ
Artamus maximus,パプアモリツバメ
Artamus mentalis,フィジーモリツバメ
Artamus minor,ヒメモリツバメ
Artamus monachus,セレベスモリツバメ
Artamus personatus,ホオグロモリツバメ
Artamus superciliosus,マミジロモリツバメ
Artemisiospiza belli,クロフヒメドリ
Artemisiospiza nevadensis,ヨモギヒメドリ
Artisornis metopias,アフリカサイホウチョウ
Artisornis moreaui,ハシナガイロムシクイ
Artomyias fuliginosa,ススチャヒタキ
Artomyias ussheri,ススグロヒタキ
Arundinax aedon,ハシブトオオヨシキリ
Arundinicola leucocephala,シロガシラタイランチョウ
Asarcornis scutulata,ハジロモリガモ
Asemospiza fuliginosa,ウスズミコメワリ
Asemospiza obscura,マメワリ
Ashbyia lovensis,キイロヒバリヒタキ
Asio abyssinicus,アビシニアトラフズク
Asio capensis,アフリカコミミズク
Asio clamator,タテジマフクロウ
Asio flammeus,コミミズク
Asio grammicus,ジャマイカズク
Asio madagascariensis,マダガスカルトラフズク
Asio otus,トラフズク
Asio solomonensis,オニコミミズク
Asio stygius,ナンベイトラフズク
Aspatha gularis,アオノドハチクイモドキ
Asthenes anthoides,シロアゴカマドドリ
Asthenes arequipae,チャバネカマドドリ
Asthenes ayacuchensis,アヤクーチョトゲオカマドドリ
Asthenes baeri,コバシカマドドリ
Asthenes berlepschi,ボリビアキタカマドドリ
Asthenes coryi,キビタイトゲオカマドドリ
Asthenes dorbignyi,キムネカマドドリ
Asthenes flammulata,タテジマカマドドリ
Asthenes fuliginosa,トゲオカマドドリ
Asthenes griseomurina,ネズミトゲオカマドドリ
Asthenes harterti,ノドグロトゲオカマドドリ
Asthenes helleri,プナトゲオカマドドリ
Asthenes heterura,ボリビアカマドドリ
Asthenes huancavelicae,アオオカマドドリ
Asthenes hudsoni,ハドソンカマドドリ
Asthenes humilis,ノドジマカマドドリ
Asthenes luizae,ブラジルミヤマカマドドリ
Asthenes maculicauda,マダラオカマドドリ
Asthenes modesta,ミヤマカマドドリ
Asthenes moreirae,ヤマトゲオカマドドリ
Asthenes ottonis,アカビタイカマドドリ
Asthenes palpebralis,メガネトゲオカマドドリ
Asthenes perijana,ペリジャトゲオカマドドリ
Asthenes pudibunda,タニサボテンカマドドリ
Asthenes pyrrholeuca,アカアゴカマドドリ
Asthenes urubambensis,ホソオカマドドリ
Asthenes vilcabambae,ビルカバンバトゲオカマドドリ
Asthenes virgata,キノドカマドドリ
Asthenes wyatti,セジマカマドドリ
Astrapia mayeri,オジロオナガフウチョウ
Astrapia nigra,オナガフウチョウ
Astrapia rothschildi,ヒガシオナガフウチョウ
Astrapia splendidissima,フトオオナガフウチョウ
Astrapia stephaniae,シロジクオナガフウチョウ
Astur bicolor,モモアカハイタカ
Astur chilensis,チリハイタカ
Astur cooperii,クーパーハイタカ
Astur gentilis,オオタカ
Astur gundlachi,ズグロハイタカ
Astur henstii,マダガスカルオオタカ
Astur melanoleucus,オオハイタカ
Astur meyerianus,シロハラオオタカ
Atalotriccus pilaris,コバネハエトリ
Atelornis crossleyi,チャガシラハシリブッポウソウ
Atelornis pittoides,ルリガシラハシリブッポウソウ
Athene blewitti,モリコキンメフクロウ
Athene brama,インドコキンメフクロウ
Athene cunicularia,アナホリフクロウ
Athene jacquinoti,ソロモンアオバズク
Athene noctua,コキンメフクロウ
Athene superciliaris,マダガスカルアオバズク
Atimastillas flavicollis,キノドコノハヒヨドリ
Atlapetes albiceps,シロガオヤブシトド
Atlapetes albinucha,シロエリヤブシトド
Atlapetes albofrenatus,シラヒゲヤブシトド
Atlapetes blancae,アンティオキアヤブシトド
Atlapetes canigenis,クスコヤブシトド
Atlapetes citrinellus,キマユヤブシトド
Atlapetes flaviceps,オリーブヤブシトド
Atlapetes forbesi,アプリマクヤブシトド
Atlapetes fulviceps,ズアカヤブシトド
Atlapetes fuscoolivaceus,キバラヤブシトド
Atlapetes latinuchus,キムネヤブシトド
Atlapetes leucopis,メジロヤブシトド
Atlapetes leucopterus,ハジロヤブシトド
Atlapetes luteoviridis,キモモシトド
Atlapetes melanocephalus,サンタマルタヤブシトド
Atlapetes melanolaemus,アオグロヤブシトド
Atlapetes melanopsis,メンガタヤブシトド
Atlapetes nationi,チャバラヤブシトド
Atlapetes pallidiceps,エクアドルヤブシトド
Atlapetes pallidinucha,キエリヤブシトド
Atlapetes personatus,セグロヤブシトド
Atlapetes pileatus,アカボウシヤブシトド
Atlapetes rufigenis,ペルーヤブシトド
Atlapetes rufinucha,アカエリヤブシトド
Atlapetes schistaceus,ウスグロヤブシトド
Atlapetes seebohmi,チャガシラヤブシトド
Atlapetes semirufus,ムネアカヤブシトド
Atlapetes terborghi,ビルカバンバヤブシトド
Atlapetes tibialis,クロキモモシトド
Atlapetes tricolor,サンショクヤブシトド
Atrichornis clamosus,ノドジロクサムラドリ
Atrichornis rufescens,ワキグロクサムラドリ
Atronanus fuliginosus,モリサンショクツバメ
Attagis gayi,オオヒバリチドリ
Attagis malouinus,シロハラオオヒバリチドリ
Atticora fasciata,シロオビツバメ
Atticora pileata,ズグロツバメ
Atticora tibialis,モモジロコツバメ
Attila bolivianus,チャガシラカギハシタイランチョウ
Attila cinnamomeus,ニッケイカギハシタイランチョウ
Attila citriniventris,キバラカギハシタイランチョウ
Attila phoenicurus,アカオカギハシタイランチョウ
Attila rufus,オオカギハシタイランチョウ
Attila spadiceus,カギハシタイランチョウ
Attila torridus,ウスイロカギハシタイランチョウ
Augastes lumachella,ボウシムナオビハチドリ
Augastes scutatus,ムナオビハチドリ
Aulacorhynchus albivitta,ミナミキバシミドリチュウハシ
Aulacorhynchus coeruleicinctis,アオオビミドリチュウハシ
Aulacorhynchus derbianus,クロアカミドリチュウハシ
Aulacorhynchus haematopygus,コシアカミドリチュウハシ
Aulacorhynchus huallagae,キマユミドリチュウハシ
Aulacorhynchus prasinus,キバシミドリチュウハシ
Aulacorhynchus sulcatus,ミネアカミドリチュウハシ
Aulacorhynchus whitelianus,テプイミドリチュウハシ
Auriparus flaviceps,アメリカツリスガラ
Automolus exsertus,チリキカマドドリ
Automolus infuscatus,オリーブハシブトカマドドリ
Automolus lammi,ペルナンブコカマドドリ
Automolus leucophthalmus,メジロカマドドリ
Automolus melanopezus,チャイロカマドドリ
Automolus ochrolaemus,キノドハシブトカマドドリ
Automolus paraensis,パラーカマドドリ
Automolus rufipileatus,クリボウシカマドドリ
Automolus subulatus,シマカマドドリ
Aviceda cuculoides,アフリカカッコウハヤブサ
Aviceda jerdoni,チャイロカッコウハヤブサ
Aviceda leuphotes,クロカッコウハヤブサ
Aviceda madagascariensis,マダガスカルカッコウハヤブサ
Aviceda subcristata,カンムリカッコウハヤブサ
Avocettula recurvirostris,ヒメソリハシハチドリ
Aythya affinis,コスズガモ
Aythya americana,アメリカホシハジロ
Aythya australis,オーストラリアメジロガモ
Aythya baeri,アカハジロ
Aythya collaris,クビワキンクロ
Aythya ferina,ホシハジロ
Aythya fuligula,キンクロハジロ
Aythya innotata,マダガスカルメジロガモ
Aythya marila,スズガモ
Aythya novaeseelandiae,ニュージーランドスズガモ
Aythya nyroca,メジロガモ
Aythya valisineria,オオホシハジロ
Baeolophus atricristatus,クロエボシガラ
Baeolophus bicolor,エボシガラ
Baeolophus inornatus,ハイエボシガラ
Baeolophus ridgwayi,ヒガシハイエボシガラ
Baeolophus wollweberi,シロガオエボシガラ
Baeopogon clamans,キバラオジロヒヨドリ
Baeopogon indicator,オジロヒヨドリ
Balaeniceps rex,ハシビロコウ
Balearica pavonina,カンムリヅル
Balearica regulorum,ホオジロカンムリヅル
Bambusicola fytchii,ウンナンコジュケイ
Bambusicola sonorivox,テッケイ
Bambusicola thoracicus,コジュケイ
Bangsia arcaei,アオキバラフウキンチョウ
Bangsia aureocincta,キオビフウキンチョウ
Bangsia edwardsi,コケイロフウキンチョウ
Bangsia flavovirens,キミドリヤブフウキンチョウ
Bangsia melanochlamys,クロキバラフウキンチョウ
Bangsia rothschildi,キンムネフウキンチョウ
Barnardius zonarius,コダイマキエインコ
Bartramia longicauda,マキバシギ
Baryphthengus martii,アマゾンオオハチクイモドキ
Baryphthengus ruficapillus,オオハチクイモドキ
Basileuterus belli,キンマユアメリカムシクイ
Basileuterus culicivorus,キンイタダキアメリカムシクイ
Basileuterus delattrii,クリボウシアメリカムシクイ
Basileuterus ignotus,ピレアメリカムシクイ
Basileuterus lachrymosus,オウギアメリカムシクイ
Basileuterus melanogenys,ホオグロアメリカムシクイ
Basileuterus melanotis,コスタリカアメリカムシクイ
Basileuterus rufifrons,アカボウシアメリカムシクイ
Basileuterus tacarcunae,タカルクナアメリカムシクイ
Basileuterus trifasciatus,ミツオビアメリカムシクイ
Basileuterus tristriatus,ミスジアメリカムシクイ
Basilinna leucotis,ミミジロサファイアハチドリ
Basilinna xantusii,クロビタイサファイアハチドリ
Basilornis celebensis,セレベスオオサマムクドリ
Basilornis corythaix,セラムオオサマムクドリ
Basilornis galeatus,オオサマムクドリ
Batara cinerea,オニアリモズ
Bathmocercus cerviniventris,ズグロアカムシクイ
Bathmocercus rufus,ズアカアカムシクイ
Batis capensis,ムナグロセワタビタキ
Batis crypta,アカバネセワタビタキ
Batis dimorpha,マラウィセワタビタキ
Batis diops,ハナジロセワタビタキ
Batis fratrum,チャムネセワタビタキ
Batis ituriensis,ザイールヒメセワタビタキ
Batis margaritae,メスグロセワタビタキ
Batis minima,ヒメセワタビタキ
Batis minor,ズグロセワタビタキ
Batis minulla,アンゴラセワタビタキ
Batis mixta,タンビセワタビタキ
Batis molitor,アゴフセワタビタキ
Batis occulta,ニシアフリカセワタビタキ
Batis orientalis,ハイガシラセワタビタキ
Batis perkeo,コビトセワタビタキ
Batis poensis,フェルナンドポーセワタビタキ
Batis pririt,ワキジマセワタビタキ
Batis senegalensis,シロエリセワタビタキ
Batis soror,シラフセワタビタキ
Batrachostomus affinis,コガマグチヨタカ
Batrachostomus auritus,オオガマグチヨタカ
Batrachostomus chaseni,パラワンガマグチヨタカ
Batrachostomus cornutus,スンダガマグチヨタカ
Batrachostomus harterti,サラワクガマグチヨタカ
Batrachostomus hodgsoni,メスボシガマグチヨタカ
Batrachostomus javensis,ジャワガマグチヨタカ
Batrachostomus mixtus,ボルネオガマグチヨタカ
Batrachostomus moniliger,セイロンガマグチヨタカ
Batrachostomus poliolophus,スマトラガマグチヨタカ
Batrachostomus septimus,フィリピンガマグチヨタカ
Batrachostomus stellatus,ウロコガマグチヨタカ
Berenicornis comatus,シロクロサイチョウ
Berlepschia rikeri,ヤシカマドドリ
Bermuteo avivorus,バミューダノスリ
Bernieria madagascariensis,テトラカヒヨドリ
Bias musicus,カンムリタンビヒタキ
Biatas nigropectus,ホオジロアリモズ
Biziura lobata,ニオイガモ
Bleda canicapillus,ハイガシラヒゲヒヨドリ
Bleda eximius,ミドリオヒゲヒヨドリ
Bleda notatus,コヒゲヒヨドリ
Bleda syndactylus,ヒゲヒヨドリ
Blythipicus pyrrhotis,ヤブゲラ
Blythipicus rubiginosus,エビチャゲラ
Bocagia minuta,ズグロヤブモズ
Boissonneaua flavescens,フチオハチドリ
Boissonneaua jardini,フジイロハチドリ
Boissonneaua matthewsii,チャムネフチオハチドリ
Bolbopsittacus lunulatus,バンジロウインコ
Bolborhynchus ferrugineifrons,チャビタイインコ
Bolborhynchus lineola,サザナミインコ
Bolborhynchus orbygnesius,クネンボインコ
Bolemoreus frenatus,キスジミツスイ
Bolemoreus hindwoodi,ヒメキスジミツスイ
Bombycilla cedrorum,ヒメレンジャク
Bombycilla garrulus,キレンジャク
Bombycilla japonica,ヒレンジャク
Bonasa umbellus,エリマキライチョウ
Bostrychia bocagei,コオリーブトキ
Bostrychia carunculata,イボトキ
Bostrychia hagedash,ハダダトキ
Bostrychia olivacea,オリーブトキ
Bostrychia rara,ムナフトキ
Botaurus cinnamomeus,リュウキュウヨシゴイ
Botaurus dubius,セグロヨシゴイ
Botaurus eurhythmus,オオヨシゴイ
Botaurus exilis,コヨシゴイ
Botaurus flavicollis,タカサゴクロサギ
Botaurus involucris,ナンベイヨシゴイ
Botaurus lentiginosus,アメリカサンカノゴイ
Botaurus minutus,ヒメヨシゴイ
Botaurus novaezelandiae,オーストラリアヨシゴイ
Botaurus pinnatus,ナンベイサンカノゴイ
Botaurus poiciloptilus,オーストラリアサンカノゴイ
Botaurus sinensis,ヨシゴイ
Botaurus stellaris,サンカノゴイ
Botaurus sturmii,クロヨシゴイ
Brachycope anomala,カワリオウゴンチョウ
Brachygalba albogularis,ノドジロキリハシ
Brachygalba goeringi,シロガシラキリハシ
Brachygalba lugubris,チャイロキリハシ
Brachygalba salmoni,ウスグロキリハシ
Brachypteracias leptosomus,ジブッポウソウ
Brachypteryx cruralis,ヒマラヤコバネヒタキ
Brachypteryx goodfellowi,タイワンコバネヒタキ
Brachypteryx hyperythra,ムネアカコバネヒタキ
Brachypteryx leucophris,ヒメコバネヒタキ
Brachypteryx montana,コバネヒタキ
Brachyramphus brevirostris,コバシウミスズメ
Brachyramphus marmoratus,アメリカマダラウミスズメ
Brachyramphus perdix,マダラウミスズメ
Bradornis comitatus,ススイロヒタキ
Bradornis mariquensis,シロハラチャビタキ
Bradornis microrhynchus,ハイイロヒタキ
Bradypterus baboecala,アフリカオウギセッカ
Bradypterus bangwaensis,バングワオウギセッカ
Bradypterus barratti,ヤブオウギセッカ
Bradypterus brunneus,チャイロエミューセッカ
Bradypterus carpalis,ハジロオウギセッカ
Bradypterus cinnamomeus,ニッケイオウギセッカ
Bradypterus grandis,オニオウギセッカ
Bradypterus graueri,オオアフリカスゲヨシキリ
Bradypterus lopezi,モリオウギセッカ
Bradypterus seebohmi,ハイイロエミューセッカ
Bradypterus sylvaticus,オリーブオウギセッカ
Branta bernicla,コクガン
Branta canadensis,カナダガン
Branta hutchinsii,シジュウカラガン
Branta leucopsis,カオジロガン
Branta ruficollis,アオガン
Branta sandvicensis,ハワイガン
Brotogeris chiriri,キカタインコ
Brotogeris chrysoptera,キンバネミドリインコ
Brotogeris cyanoptera,アマゾンミドリインコ
Brotogeris jugularis,ミドリインコ
Brotogeris pyrrhoptera,ワタボウシミドリインコ
Brotogeris sanctithomae,キボウシミドリインコ
Brotogeris tirica,オナガミドリインコ
Brotogeris versicolurus,ソデジロインコ
Brunhilda charmosyna,コシアカカエデチョウ
Brunhilda erythronotos,ホオグロカエデチョウ
Bubalornis albirostris,ウシハタオリ
Bubalornis niger,アカハシウシハタオリ
Bubo africanus,アフリカワシミミズク
Bubo ascalaphus,サバクワシミミズク
Bubo bengalensis,ベンガルワシミミズク
Bubo bubo,ワシミミズク
Bubo capensis,イワワシミミズク
Bubo cinerascens,ハイイロワシミミズク
Bubo magellanicus,マゼランワシミミズク
Bubo milesi,アラビアワシミミズク
Bubo scandiacus,シロフクロウ
Bubo virginianus,アメリカワシミミズク
Bucanetes githagineus,ナキマシコ
Bucanetes mongolicus,モウコナキマシコ
Buccanodon duchaillui,キミミヒメゴシキドリ
Bucco capensis,アカガオオオガシラ
Bucco macrodactylus,クリボウシオオガシラ
Bucco noanamae,ハイボウシオオガシラ
Bucco tamatia,マダラオオガシラ
Bucephala albeola,ヒメハジロ
Bucephala clangula,ホオジロガモ
Bucephala islandica,キタホオジロガモ
Buceros bicornis,オオサイチョウ
Buceros hydrocorax,アカサイチョウ
Buceros rhinoceros,サイチョウ
Bucorvus abyssinicus,ジサイチョウ
Bucorvus leadbeateri,ミナミジサイチョウ
Bulweria bulwerii,アナドリ
Bulweria fallax,アラビアアナドリ
Buphagus africanus,キバシウシツツキ
Buphagus erythroryncha,アカハシウシツツキ
Burhinus capensis,ケープイシチドリ
Burhinus grallarius,オーストラリアイシチドリ
Burhinus indicus,インドイシチドリ
Burhinus oedicnemus,イシチドリ
Burhinus senegalensis,コイシチドリ
Burhinus vermiculatus,ミズベイシチドリ
Busarellus nigricollis,ミサゴノスリ
Butastur indicus,サシバ
Butastur liventer,チャバネサシバ
Butastur rufipennis,アフリカサシバ
Butastur teesa,メジロサシバ
Buteo albigula,アンデスミジカオノスリ
Buteo albonotatus,オビオノスリ
Buteo augur,ヨゲンノスリ
Buteo auguralis,アフリカアカオノスリ
Buteo bannermani,ケープベルデノスリ
Buteo brachypterus,マダガスカルノスリ
Buteo brachyurus,ミジカオノスリ
Buteo buteo,ヨーロッパノスリ
Buteo galapagoensis,ガラパゴスノスリ
Buteo hemilasius,オオノスリ
Buteo jamaicensis,アカオノスリ
Buteo japonicus,ノスリ
Buteo lagopus,ケアシノスリ
Buteo lineatus,カタアカノスリ
Buteo nitidus,ハイイロノスリ
Buteo oreophilus,マダラノスリ
Buteo plagiatus,ミナミハイイロノスリ
Buteo platypterus,ハネビロノスリ
Buteo refectus,ヒマラヤノスリ
Buteo regalis,アカケアシノスリ
Buteo ridgwayi,ヒスパニオラノスリ
Buteo rufinus,ニシオオノスリ
Buteo rufofuscus,アカクロノスリ
Buteo socotraensis,ソコトラノスリ
Buteo solitarius,ハワイノスリ
Buteo swainsoni,アレチノスリ
Buteo trizonatus,モリノスリ
Buteo ventralis,ナンベイアカオノスリ
Buteogallus aequinoctialis,カニクイノスリ
Buteogallus anthracinus,クロノスリ
Buteogallus coronatus,カンムリノスリ
Buteogallus gundlachii,キューバノスリ
Buteogallus lacernulatus,シロエリノスリ
Buteogallus meridionalis,サバンナノスリ
Buteogallus schistaceus,アオノスリ
Buteogallus solitarius,オグロカンムリノスリ
Buteogallus urubitinga,オオクロノスリ
Buthraupis montana,ズキンキバラフウキンチョウ
Butorides striata,ササゴイ
Butorides sundevalli,ガラパゴスササゴイ
Butorides virescens,アメリカササゴイ
Bycanistes albotibialis,モモジロサイチョウ
Bycanistes brevis,ギンガオサイチョウ
Bycanistes bucinator,ナキサイチョウ
Bycanistes cylindricus,モモグロサイチョウ
Bycanistes fistulator,パイプコブサイチョウ
Bycanistes subcylindricus,ハシダカサイチョウ
Cacatua alba,タイハクオウム
Cacatua ducorpsii,ソロモンオウム
Cacatua galerita,キバタン
Cacatua goffiniana,シロビタイムジオウム
Cacatua haematuropygia,フィリピンオウム
Cacatua leadbeateri,クルマサカオウム
Cacatua moluccensis,オオバタン
Cacatua ophthalmica,ルリメタイハクオウム
Cacatua pastinator,ヒメテンジクバタン
Cacatua sanguinea,アカビタイムジオウム
Cacatua sulphurea,コバタン
Cacatua tenuirostris,テンジクバタン
Cacicus cela,キゴシツリスドリ
Cacicus chrysonotus,ミヤマツリスドリ
Cacicus chrysopterus,キンバネツリスドリ
Cacicus haemorrhous,コシアカツリスドリ
Cacicus koepckeae,ペルーツリスドリ
Cacicus latirostris,オビオオオツリスドリ
Cacicus oseryi,カブトオオツリスドリ
Cacicus sclateri,ヒメクロツリスドリ
Cacicus solitarius,アオクロツリスドリ
Cacicus uropygialis,ヒゴシツリスドリ
Cacomantis aeruginosus,ハルマヘラヒメカッコウ
Cacomantis castaneiventris,クリハラヒメカッコウ
Cacomantis flabelliformis,ウチワヒメカッコウ
Cacomantis merulinus,ヒメカッコウ
Cacomantis passerinus,ハイバラカッコウ
Cacomantis sepulcralis,チャムネヒメカッコウ
Cacomantis sonneratii,クリイロヒメカッコウ
Cacomantis variolosus,ハイガシラヒメカッコウ
Cairina moschata,ノバリケン
Calamanthus campestris,ノハラムシクイ
Calamanthus fuliginosus,キバラノハラムシクイ
Calamanthus montanellus,ニシノハラムシクイ
Calamonastes fasciolatus,ヨコジマコムシクイ
Calamonastes simplex,ハイイロコムシクイ
Calamonastes undosus,アカアシコムシクイ
Calamonastides gracilirostris,ハシボソキイロムシクイ
Calamospiza melanocorys,カタジロクロシトド
Calandrella acutirostris,ヒマラヤコヒバリ
Calandrella blanfordi,ソマリアヒメコウテンシ
Calandrella brachydactyla,ヒメコウテンシ
Calandrella cinerea,アフリカヒメコウテンシ
Calcarius lapponicus,ツメナガホオジロ
Calcarius ornatus,アカエリツメナガホオジロ
Calcarius pictus,ヒバリツメナガホオジロ
Calendulauda africanoides,カレハヤブヒバリ
Calendulauda albescens,ウスイロハシボソヒバリ
Calendulauda burra,セアカスナヒバリ
Calendulauda erythrochlamys,サバクハシボソヒバリ
Calendulauda gilletti,ミズベヤブヒバリ
Calendulauda poecilosterna,ウスムネヤブヒバリ
Calendulauda rufa,チャイロヤブヒバリ
Calendulauda sabota,ハヤシヤブヒバリ
Calherodius leuconotus,セジロミゾゴイ
Calicalicus madagascariensis,アカオオオハシモズ
Calicalicus rufocarpalis,カタアカオオハシモズ
Calidris acuminata,ウズラシギ
Calidris alba,ミユビシギ
Calidris alpina,ハマシギ
Calidris bairdii,ヒメウズラシギ
Calidris canutus,コオバシギ
Calidris falcinellus,キリアイ
Calidris ferruginea,サルハマシギ
Calidris fuscicollis,コシジロウズラシギ
Calidris himantopus,アシナガシギ
Calidris maritima,ムラサキハマシギ
Calidris mauri,ヒメハマシギ
Calidris melanotos,アメリカウズラシギ
Calidris minuta,ヨーロッパトウネン
Calidris minutilla,アメリカヒバリシギ
Calidris ptilocnemis,チシマシギ
Calidris pugnax,エリマキシギ
Calidris pusilla,ヒレアシトウネン
Calidris pygmaea,ヘラシギ
Calidris ruficollis,トウネン
Calidris subminuta,ヒバリシギ
Calidris subruficollis,コモンシギ
Calidris temminckii,オジロトウネン
Calidris tenuirostris,オバシギ
Calidris virgata,アライソシギ
Caliechthrus leucolophus,ユキボウシカッコウ
Caligavis chrysops,キホオコバシミツスイ
Caligavis obscura,パプアミミジロミツスイ
Caligavis subfrenata,ノドグロミツスイ
Callacanthis burtoni,アカマユマシコ
Callaeas cinereus,ハシブトホオダレムクドリ
Callaeas wilsoni,ホクトウハシブトホオダレムクドリ
Calliope calliope,ノゴマ
Calliope obscura,ノドグロコマドリ
Calliope pectardens,ムネアカノゴマ
Calliope tschebaiewi,ムナグロノゴマ
Callipepla californica,カンムリウズラ
Callipepla douglasii,エボシウズラ
Callipepla gambelii,ズアカカンムリウズラ
Callipepla squamata,ウロコウズラ
Calliphlox amethystina,アメシストハチドリ
Callocephalon fimbriatum,アカサカオウム
Callonetta leucophrys,クビワコガモ
Calochaetes coccineus,シュイロフウキンチョウ
Caloenas maculata,マダラミノバト
Caloenas nicobarica,ミノバト
Calonectris diomedea,オニミズナギドリ
Calonectris edwardsii,ケープベルデオオミズナギドリ
Calonectris leucomelas,オオミズナギドリ
Caloperdix oculeus,アカチャシャコ
Caloramphus fuliginosus,チャイロゴシキドリ
Caloramphus hayii,ススイロゴシキドリ
Calothorax lucifer,アカヒゲハチドリ
Calothorax pulcher,シロハラアカヒゲハチドリ
Calypte anna,アンナハチドリ
Calypte costae,コスタハチドリ
Calyptocichla serinus,セリンヒヨドリ
Calyptomena hosii,アオムネミドリヒロハシ
Calyptomena viridis,ミドリヒロハシ
Calyptomena whiteheadi,オオミドリヒロハシ
Calyptophilus frugivorus,ジフウキンチョウ
Calyptophilus tertius,ニシジフウキンチョウ
Calyptorhynchus banksii,アカオクロオウム
Calyptorhynchus lathami,テリクロオウム
Calyptura cristata,キクイタダキカザリドリ
Camarhynchus heliobates,マングローブフィンチ
Camarhynchus pallidus,キツツキフィンチ
Camarhynchus parvulus,コダーウィンフィンチ
Camarhynchus pauper,ダーウィンフィンチ
Camarhynchus psittacula,オオダーウィンフィンチ
Camaroptera brachyura,ミドリコムシクイ
Camaroptera brevicaudata,ヒメタンビムシクイ
Camaroptera chloronota,オリーブコムシクイ
Camaroptera superciliaris,キマユコムシクイ
Campephaga flava,アフリカクロサンショウクイ
Campephaga petiti,コンゴクロサンショウクイ
Campephaga phoenicea,クロサンショウクイ
Campephaga quiscalina,テリサンショウクイ
Campephilus gayaquilensis,コシジマエボシゲラ
Campephilus guatemalensis,ズアカエボシゲラ
Campephilus haematogaster,アカハラエボシゲラ
Campephilus imperialis,テイオウキツツキ
Campephilus leucopogon,セジロエボシゲラ
Campephilus magellanicus,マゼランキツツキ
Campephilus melanoleucos,ハナジロエボシゲラ
Campephilus pollens,クロビタイエボシゲラ
Campephilus principalis,ハシジロキツツキ
Campephilus robustus,アカエリエボシゲラ
Campephilus rubricollis,チャバラエボシゲラ
Campethera abingoni,シマアフリカアオゲラ
Campethera bennettii,ミミジロアフリカアオゲラ
Campethera maculosa,ギニアモリアオゲラ
Campethera mombassica,モンバサアオゲラ
Campethera notata,クニスナアオゲラ
Campethera nubica,アフリカアオゲラ
Campethera punctuligera,コモンアフリカアオゲラ
Campethera scriptoricauda,ライヘノーアフリカアオゲラ
Campethera tullbergi,アフリカヤマゲラ
Campicoloides bifasciatus,マミジロサバクヒタキ
Campochaera sloetii,オレンジサンショウクイ
Campocolinus albogularis,ノドジロシャコ
Campocolinus coqui,コクイシャコ
Campocolinus schlegelii,ボンゴシャコ
Camptorhynchus labradorius,カササギガモ
Camptostoma imberbe,メグロハエトリ
Camptostoma obsoletum,キバラメグロハエトリ
Campylopterus calcirupicola,タイセイヨウシンリンケンバネハチドリ
Campylopterus duidae,キバラケンバネハチドリ
Campylopterus ensipennis,オジロケンバネハチドリ
Campylopterus falcatus,ルリムネケンバネハチドリ
Campylopterus hemileucurus,ムラサキケンバネハチドリ
Campylopterus hyperythrus,アカハラケンバネハチドリ
Campylopterus largipennis,ハイバラケンバネハチドリ
Campylopterus phainopeplus,アイガシラハチドリ
Campylopterus villaviscensio,キンボウシハチドリ
Campylorhamphus falcularius,クロユミハシオニキバシリ
Campylorhamphus procurvoides,ユミハシオニキバシリ
Campylorhamphus pusillus,チャユミハシオニキバシリ
Campylorhamphus trochilirostris,アカユミハシオニキバシリ
Campylorhynchus albobrunneus,シロガシラサボテンミソサザイ
Campylorhynchus brunneicapillus,サボテンミソサザイ
Campylorhynchus chiapensis,キタオオサボテンミソサザイ
Campylorhynchus fasciatus,ヨコジマサボテンミソサザイ
Campylorhynchus griseus,オオサボテンミソサザイ
Campylorhynchus gularis,メキシコサボテンミソサザイ
Campylorhynchus jocosus,ホシサボテンミソサザイ
Campylorhynchus megalopterus,シマサボテンミソサザイ
Campylorhynchus nuchalis,タテジマサボテンミソサザイ
Campylorhynchus rufinucha,アカエリサボテンミソサザイ
Campylorhynchus turdinus,シロサボテンミソサザイ
Campylorhynchus yucatanicus,ユカタンサボテンミソサザイ
Campylorhynchus zonatus,キバラサボテンミソサザイ
Canachites canadensis,ハリモミライチョウ
Canirallus oculeus,アフリカクイナ
Cantorchilus elutus,パナマミソサザイ
Cantorchilus griseus,タンビマユミソサザイ
Cantorchilus guarayanus,キムネマユミソサザイ
Cantorchilus leucopogon,シマノドマユミソサザイ
Cantorchilus leucotis,ホオジロマユミソサザイ
Cantorchilus longirostris,ハシナガマユミソサザイ
Cantorchilus modestus,ムジミソサザイ
Cantorchilus nigricapillus,シマバラマユミソサザイ
Cantorchilus semibadius,カワマユミソサザイ
Cantorchilus superciliaris,マミジロミソサザイ
Cantorchilus thoracicus,タテジママユミソサザイ
Cantorchilus zeledoni,ゼレドンミソサザイ
Capito auratus,オウゴンゴシキドリ
Capito aurovirens,ヒガシラゴシキドリ
Capito brunneipectus,アマゾンクロボシゴシキドリ
Capito dayi,セグロゴシキドリ
Capito hypoleucus,セジロゴシキドリ
Capito maculicoronatus,シボリズキンゴシキドリ
Capito niger,クロボシゴシキドリ
Capito quinticolor,コロンビアゴシキドリ
Capito squamatus,ヒビタイゴシキドリ
Capito wallacei,アカオビゴシキドリ
Caprimulgus aegyptius,エジプトヨタカ
Caprimulgus affinis,シロアゴヨタカ
Caprimulgus andamanicus,アンダマンヨタカ
Caprimulgus asiaticus,インドヨタカ
Caprimulgus atripennis,インドオビロヨタカ
Caprimulgus batesi,オニヨタカ
Caprimulgus celebensis,スラウェシヨタカ
Caprimulgus clarus,ホソオヨタカ
Caprimulgus climacurus,オナガヨタカ
Caprimulgus concretus,ノドジロヨタカ
Caprimulgus donaldsoni,ヒメヨタカ
Caprimulgus europaeus,ヨーロッパヨタカ
Caprimulgus eximius,キンイロヨタカ
Caprimulgus fossii,ガボンヨタカ
Caprimulgus fraenatus,ハイイロヨタカ
Caprimulgus indicus,ジャングルヨタカ
Caprimulgus inornatus,ムジヨタカ
Caprimulgus jotaka,ヨタカ
Caprimulgus longipennis,ラケットヨタカ
Caprimulgus macrurus,オビロヨタカ
Caprimulgus madagascariensis,マダガスカルヨタカ
Caprimulgus mahrattensis,ウスイロヨタカ
Caprimulgus manillensis,フィリピンオビロヨタカ
Caprimulgus meesi,スンバヨタカ
Caprimulgus natalensis,ナタールヨタカ
Caprimulgus nubicus,サバクヨタカ
Caprimulgus pectoralis,チャエリヨタカ
Caprimulgus phalaena,パラオヨタカ
Caprimulgus poliocephalus,アビシニアヨタカ
Caprimulgus prigoginei,プリゴジンヨタカ
Caprimulgus pulchellus,ジャワヨタカ
Caprimulgus ruficollis,アカエリヨタカ
Caprimulgus rufigena,ホオアカヨタカ
Caprimulgus solala,エチオピアヨタカ
Caprimulgus stellatus,ホシヨタカ
Caprimulgus tristigma,ゴマフヨタカ
Caprimulgus vexillarius,フキナガシヨタカ
Capsiempis flaveola,キイロコバシハエトリ
Caracara lutosa,グアダルーペカラカラ
Caracara plancus,ミナミカラカラ
Cardellina canadensis,クロボシアメリカムシクイ
Cardellina pusilla,ウィルソンアメリカムシクイ
Cardellina rubra,ベニアメリカムシクイ
Cardellina rubrifrons,アカガオアメリカムシクイ
Cardellina versicolor,ズキンベニアメリカムシクイ
Cardinalis cardinalis,ショウジョウコウカンチョウ
Cardinalis phoeniceus,ミナミショウジョウコウカンチョウ
Cardinalis sinuatus,ムネアカコウカンチョウ
Carduelis carduelis,ゴシキヒワ
Carduelis citrinella,シトロンヒワ
Carduelis corsicana,コルシカヒワ
Cariama cristata,アカノガンモドキ
Caridonax fulgidus,コシジロショウビン
Carpococcyx radiceus,ハシリカッコウ
Carpococcyx renauldi,アカハシハシリカッコウ
Carpococcyx viridis,スマトラハシリカッコウ
Carpodacus davidianus,チュウゴクコウザンマシコ
Carpodacus dubius,チュウゴクマミジロマシコ
Carpodacus edwardsii,チャゴシマシコ
Carpodacus erythrinus,アカマシコ
Carpodacus ferreorostris,オガサワラマシコ
Carpodacus formosanus,タイワンマシコ
Carpodacus grandis,ヒマラヤマシコ
Carpodacus pulcherrimus,ヒマラヤコウザンマシコ
Carpodacus puniceus,ムネアカマシコ
Carpodacus rhodochlamys,ヒゴロモマシコ
Carpodacus roborowskii,ハネナガマシコ
Carpodacus rodochroa,バラマユマシコ
Carpodacus rodopeplus,フタスジマシコ
Carpodacus roseus,オオマシコ
Carpodacus rubicilla,シロボシマシコ
Carpodacus rubicilloides,セスジシロボシマシコ
Carpodacus sibiricus,ベニマシコ
Carpodacus sillemi,チベットマシコ
Carpodacus sipahi,シュイロマシコ
Carpodacus stoliczkae,ウスマシコ
Carpodacus subhimachalus,ベニマユマシコ
Carpodacus synoicus,サバクマシコ
Carpodacus thura,ヒマラヤマミジロマシコ
Carpodacus trifasciatus,ミスジマシコ
Carpodacus verreauxii,シャープマシコ
Carpodacus vinaceus,タカサゴマシコ
Carpodacus waltoni,バラゴシマシコ
Carpodectes antoniae,キバシユキカザリドリ
Carpodectes hopkei,クロボシユキカザリドリ
Carpodectes nitidus,ユキカザリドリ
Carpornis cucullata,ズキンカザリドリ
Carpornis melanocephala,ズグロカザリドリ
Carpospiza brachydactyla,ウスイロイワスズメ
Carterornis castus,ヤムデナカササギビタキ
Carterornis chrysomela,キイロカササギビタキ
Carterornis leucotis,ミミジロカササギビタキ
Carterornis pileatus,モルッカカササギビタキ
Caryothraustes canadensis,キミドリイカル
Caryothraustes poliogaster,シロハラキミドリイカル
Casiornis fuscus,ハイノドカシアタイランチョウ
Casiornis rufus,カシアタイランチョウ
Cassiculus melanicterus,キバネツリスドリ
Castanozoster thoracicus,チャムネシトド
Casuarius bennetti,コヒクイドリ
Casuarius casuarius,ヒクイドリ
Casuarius unappendiculatus,パプアヒクイドリ
Catamblyrhynchus diadema,ズキンコウカンチョウ
Catamenia analis,オビオタネワリ
Catamenia homochroa,コウゲンタネワリ
Catamenia inornata,ムジタネワリ
Catharopeza bishopi,メジロアメリカムシクイ
Cathartes aura,ヒメコンドル
Cathartes burrovianus,キガシラコンドル
Cathartes melambrotus,オオキガシラコンドル
Catharus aurantiirostris,アカハシチャツグミ
Catharus bicknelli,ヒスパニョラチャツグミ
Catharus dryas,ムナフチャツグミ
Catharus frantzii,チャボウシツグミ
Catharus fuscater,ウスグロチャツグミ
Catharus fuscescens,ビリーチャツグミ
Catharus gracilirostris,ハシグロチャツグミ
Catharus guttatus,チャイロコツグミ
Catharus mexicanus,ズグロチャツグミ
Catharus minimus,ハイイロチャツグミ
Catharus occidentalis,メキシコチャツグミ
Catharus ustulatus,オリーブチャツグミ
Catherpes mexicanus,ムナジロミソサザイ
Catreus wallichii,カンムリキジ
Catriscus brevirostris,ウチワセッカ
Ceblepyris caesius,ハイイロオオサンショウクイ
Ceblepyris cinereus,マダガスカルオオサンショウクイ
Ceblepyris cucullatus,コモロオオサンショウクイ
Ceblepyris graueri,コムナジロオオサンショウクイ
Ceblepyris pectoralis,ムナジロオオサンショウクイ
Cecropis abyssinica,コズアカコシアカツバメ
Cecropis badia,マラヤコシアカツバメ
Cecropis cucullata,ズアカコシアカツバメ
Cecropis daurica,コシアカツバメ
Cecropis hyperythra,スリランカコシアカツバメ
Cecropis semirufa,アカハラコシアカツバメ
Cecropis senegalensis,アフリカコシアカツバメ
Celebesica abbotti,ミヤマオオサンショウクイ
Celeus castaneus,チャバネテンニョゲラ
Celeus elegans,チャバラテンニョゲラ
Celeus flavescens,キガシラテンニョゲラ
Celeus flavus,オボロテンニョゲラ
Celeus galeatus,ナキクマゲラ
Celeus loricatus,ヒメテンニョゲラ
Celeus lugubris,メガネテンニョゲラ
Celeus obrieni,ケンプフェルテンニョゲラ
Celeus ochraceus,セアカテンニョゲラ
Celeus spectabilis,ムナグロテンニョゲラ
Celeus torquatus,クビワテンニョゲラ
Celeus undatus,シマテンニョゲラ
Centrocercus minimus,ガニソンキジオライチョウ
Centrocercus urophasianus,キジオライチョウ
Centronyx bairdii,バードヒメドリ
Centronyx henslowii,ヘンスローヒメドリ
Centropus andamanensis,アンダマンバンケン
Centropus anselli,チャバラバンケン
Centropus ateralbus,ニューブリテンバンケン
Centropus bengalensis,バンケン
Centropus bernsteini,アカジマバンケン
Centropus burchellii,ズグロバンケン
Centropus celebensis,セレベスバンケン
Centropus chalybeus,ビアクバンケン
Centropus chlororhynchos,セイロンバンケン
Centropus cupreicaudus,ドウイロオナガバンケン
Centropus goliath,オニバンケン
Centropus grillii,ムナグロバンケン
Centropus leucogaster,ノドグロバンケン
Centropus melanops,カオグロバンケン
Centropus menbeki,パプアバンケン
Centropus milo,キガシラバンケン
Centropus monachus,ズアオバンケン
Centropus nigrorufus,ジャワバンケン
Centropus phasianinus,キジバンケン
Centropus rectunguis,コユビバンケン
Centropus senegalensis,セネガルバンケン
Centropus sinensis,オオバンケン
Centropus spilopterus,ケイバンケン
Centropus steerii,ミンドロバンケン
Centropus superciliosus,マミジロバンケン
Centropus toulou,アフリカバンケン
Centropus unirufus,アカチャバンケン
Centropus violaceus,スミレバンケン
Centropus viridis,ミドリバンケン
Cephalopterus glabricollis,アカノドカサドリ
Cephalopterus ornatus,カサドリ
Cephalopterus penduliger,ナガエカサドリ
Cephalopyrus flammiceps,ベニビタイガラ
Cepphus carbo,ケイマフリ
Cepphus columba,ウミバト
Cepphus grylle,ハジロウミバト
Ceratogymna atrata,クロコブサイチョウ
Ceratogymna elata,キンコブサイチョウ
Ceratopipra chloromeros,マルオキモモマイコドリ
Ceratopipra cornuta,アカヅノマイコドリ
Ceratopipra erythrocephala,キガシラマイコドリ
Ceratopipra mentalis,キモモマイコドリ
Ceratopipra rubrocapilla,アカガシラマイコドリ
Cercibis oxycerca,キバシトキ
Cercococcyx mechowi,オナガカッコウ
Cercococcyx montanus,シマオナガカッコウ
Cercococcyx olivinus,オリーブオナガカッコウ
Cercomacra brasiliana,ウスハイイロアリドリ
Cercomacra carbonaria,オナガクロアリドリ
Cercomacra cinerascens,ハイイロアリドリ
Cercomacra ferdinandi,バナナルクロアリドリ
Cercomacra manu,マヌーアリドリ
Cercomacra melanaria,マトグロソクロアリドリ
Cercomacra nigricans,クロアリドリ
Cercomacroides fuscicauda,ミズベクロアリドリ
Cercomacroides laeta,ウィリスクロアリドリ
Cercomacroides nigrescens,カタジロクロアリドリ
Cercomacroides parkeri,パーカークロアリドリ
Cercomacroides serva,ハイグロアリドリ
Cercomacroides tyrannina,ウスグロアリドリ
Cercotrichas galactotes,オタテヤブコマドリ
Cercotrichas hartlaubi,マミジロヤブコマドリ
Cercotrichas leucophrys,フタスジヤブコマドリ
Cercotrichas paena,アカオヤブコマドリ
Cercotrichas podobe,クロヤブコマ
Cereopsis novaehollandiae,ロウバシガン
Cerorhinca monocerata,ウトウ
Certhia americana,アメリカキバシリ
Certhia brachydactyla,タンシキバシリ
Certhia discolor,チャバラキバシリ
Certhia familiaris,キバシリ
Certhia himalayana,ヒマラヤキバシリ
Certhia hodgsoni,ホジソンキバシリ
Certhia manipurensis,マニプルキバシリ
Certhia nipalensis,ワキアカキバシリ
Certhia tianquanensis,シセンキバシリ
Certhiasomus stictolaemus,コオナガオニキバシリ
Certhiaxis cinnamomeus,キバシリカマドドリ
Certhiaxis mustelinus,コキバシリカマドドリ
Certhidea fusca,ハイイロムシクイフィンチ
Certhidea olivacea,ムシクイフィンチ
Certhilauda chuana,コウゲンヤブヒバリ
Certhilauda curvirostris,ハシボソヒバリ
Certhilauda semitorquata,ヒガシハシナガヒバリ
Certhilauda subcoronata,カルーハシナガヒバリ
Certhionyx variegatus,ハジロクロミツスイ
Ceryle rudis,ヒメヤマセミ
Cettia brunnifrons,チャガシラコウグイス
Cettia castaneocoronata,クリガシラコビトサザイ
Cettia cetti,ヨーロッパウグイス
Cettia major,チャガシラウグイス
Ceuthmochares aereus,キバシバンケンモドキ
Ceuthmochares australis,ミナミバンケンモドキ
Ceyx argentatus,セジロカワセミ
Ceyx azureus,ルリミツユビカワセミ
Ceyx cajeli,ブルカワセミ
Ceyx collectoris,ニュージョージアカワセミ
Ceyx cyanopectus,アオオビカワセミ
Ceyx dispar,マヌスカワセミ
Ceyx erithaca,ミツユビカワセミ
Ceyx fallax,セレベスカワセミ
Ceyx flumenicola,キタセジロカワセミ
Ceyx gentianus,マキラカワセミ
Ceyx lepidus,マメカワセミ
Ceyx margarethae,カワリカワセミ
Ceyx meeki,キタソロモンカワセミ
Ceyx melanurus,アカカワセミ
Ceyx mulcatus,ニューアイルランドカワセミ
Ceyx nigromaxilla,ガダルカナルカワセミ
Ceyx pusillus,ヒメミツユビカワセミ
Ceyx rufidorsa,セアカミツユビカワセミ
Ceyx sacerdotis,ニューブリテンカワセミ
Ceyx solitarius,パプアカワセミ
Ceyx wallacii,スラカワセミ
Ceyx websteri,ビスマルクカワセミ
Chaetocercus astreans,サンタマルタエリマキチビハチドリ
Chaetocercus berlepschi,ムナジロチビハチドリ
Chaetocercus bombus,バラノドチビハチドリ
Chaetocercus heliodor,エリマキチビハチドリ
Chaetocercus jourdanii,ハリオハチドリ
Chaetocercus mulsant,シロハラチビハチドリ
Chaetops aurantius,オレンジイワトビヒタキ
Chaetops frenatus,アカイワトビヒタキ
Chaetoptila angustipluma,ハワイカオグロミツスイ
Chaetorhynchus papuensis,パプアオウチュウ
Chaetura andrei,ノドジロタンビハリオアマツバメ
Chaetura brachyura,タンビハリオアマツバメ
Chaetura chapmani,ハイバラハリオアマツバメ
Chaetura cinereiventris,ハイゴシハリオアマツバメ
Chaetura egregia,コシジロハリオアマツバメ
Chaetura fumosa,パナマハリオアマツバメ
Chaetura martinica,アンチルハリオアマツバメ
Chaetura meridionalis,ノドジロタンビハリオアマツバメ
Chaetura pelagica,エントツアマツバメ
Chaetura spinicaudus,シロオビハリオアマツバメ
Chaetura vauxi,ノドジロハリオアマツバメ
Chalcites basalis,マミジロテリカッコウ
Chalcites crassirostris,モルッカテリカッコウ
Chalcites lucidus,ヨコジマテリカッコウ
Chalcites megarhynchus,ハシナガヒメカッコウ
Chalcites meyerii,パプアテリカッコウ
Chalcites minutillus,アカメテリカッコウ
Chalcites osculans,ミミグロカッコウ
Chalcites ruficollis,ノドアカテリカッコウ
Chalcomitra adelberti,キノドタイヨウチョウ
Chalcomitra amethystina,アメシストタイヨウチョウ
Chalcomitra balfouri,ソコトラタイヨウチョウ
Chalcomitra fuliginosa,チョコレートタイヨウチョウ
Chalcomitra hunteri,ノドグロヒムネタイヨウチョウ
Chalcomitra rubescens,アオノドタイヨウチョウ
Chalcomitra senegalensis,ヒムネタイヨウチョウ
Chalcoparia singalensis,ホオアカコバシタイヨウチョウ
Chalcophaps indica,キンバト
Chalcophaps longirostris,タイヘイヨウキンバト
Chalcophaps stephani,チャイロキンバト
Chalcopsitta atra,スミインコ
Chalcopsitta duivenbodei,キバネインコ
Chalcopsitta scintillata,キスジインコ
Chalcostigma herrani,ニジイロコバシハチドリ
Chalcostigma heteropogon,アゴヒゲコバシハチドリ
Chalcostigma olivaceum,オリーブコバシハチドリ
Chalcostigma ruficeps,ズアカコバシハチドリ
Chalcostigma stanleyi,セアオコバシハチドリ
Chalcothraupis ruficervix,キンエリフウキンチョウ
Chalybura buffonii,ワタハラハチドリ
Chalybura urochrysia,ドウイロハチドリ
Chamaea fasciata,ミソサザイモドキ
Chamaepetes goudotii,カマバネシャクケイ
Chamaepetes unicolor,クロシャクケイ
Chamaetylas choloensis,ノドジロムジヒタキ
Chamaetylas fuelleborni,ムナジロムジヒタキ
Chamaetylas poliocephala,マミジロムジヒタキ
Chamaetylas poliophrys,ノドアカムジヒタキ
Chamaeza campanisona,アリツグミ
Chamaeza meruloides,カクレアリツグミ
Chamaeza mollissima,アンデスアリツグミ
Chamaeza nobilis,クロビタイアリツグミ
Chamaeza ruficauda,アカオアリツグミ
Chamaeza turdina,オウギアリツグミ
Charadrius hiaticula,ハジロコチドリ
Charadrius melodus,フエコチドリ
Charadrius semipalmatus,ミズカキチドリ
Charadrius vociferus,フタオビチドリ
Charitospiza eucosma,ヒガラモドキ
Charminetta wilhelminae,コシアカキスジインコ
Charmosyna josefinae,コウゴウインコ
Charmosyna papou,オナガパプアインコ
Charmosynoides margarethae,キフジンインコ
Charmosynopsis pulchella,アカオキスジインコ
Charmosynopsis toxopei,ブルインコ
Chasiempis ibidis,オアフヒタキ
Chasiempis sandwichensis,ハワイヒタキ
Chasiempis sclateri,カウアイヒタキ
Chauna chavaria,クロエリサケビドリ
Chauna torquata,カンムリサケビドリ
Chelictinia riocourii,アフリカツバメトビ
Chelidoptera tenebrosa,ツバメオオガシラ
Chelidorhynx hypoxanthus,キバラオウギビタキ
Chenonetta jubata,タテガミガン
Chenorhamphus campbelli,ズアカヒロハシムシクイ
Chenorhamphus grayi,アオヒロハシムシクイ
Cheramoeca leucosterna,セジロツバメ
Chersomanes albofasciata,シロスジハシボソヒバリ
Chersomanes beesleyi,ビーズレーハシボソヒバリ
Chersophilus duponti,デュポンヒバリ
Chionis albus,サヤハシチドリ
Chionis minor,カオグロサヤハシチドリ
Chionomesa fimbriata,テリノドエメラルドハチドリ
Chionomesa lactea,シロスジエメラルドハチドリ
Chiroxiphia bokermanni,アラリペマイコドリ
Chiroxiphia boliviana,ボリビアセアオマイコドリ
Chiroxiphia caudata,エンビセアオマイコドリ
Chiroxiphia galeata,ヘルメットマイコドリ
Chiroxiphia lanceolata,ハリオセアオマイコドリ
Chiroxiphia linearis,オナガセアオマイコドリ
Chiroxiphia pareola,セアオマイコドリ
Chlamydera cerviniventris,チャバラニワシドリ
Chlamydera guttata,ニシマダラニワシドリ
Chlamydera lauterbachi,キバラニワシドリ
Chlamydera maculata,マダラニワシドリ
Chlamydera nuchalis,オオニワシドリ
Chlamydochaera jefferyi,キンガオサンショウクイ
Chlamydotis macqueenii,サバクフサエリショウノガン
Chlamydotis undulata,フサエリショウノガン
Chlidonias albostriatus,クロビタイアジサシ
Chlidonias hybrida,クロハラアジサシ
Chlidonias leucopterus,ハジロクロハラアジサシ
Chlidonias niger,ハシグロクロハラアジサシ
Chloebia gouldiae,コキンチョウ
Chloephaga hybrida,シロコバシガン
Chloephaga melanoptera,アンデスガン
Chloephaga picta,マゼランガン
Chloephaga poliocephala,コバシガン
Chloephaga rubidiceps,チャガシラコバシガン
Chlorestes candida,シロハラエメラルドハチドリ
Chlorestes cyanus,シロアゴサファイアハチドリ
Chlorestes eliciae,オウゴンサファイアハチドリ
Chlorestes julie,スミレハラハチドリ
Chlorestes notata,アイオハチドリ
Chloridops kona,ハワイマシコ
Chloris ambigua,ズグロカワラヒワ
Chloris chloris,アオカワラヒワ
Chloris kittlitzi,オガサワラカワラヒワ
Chloris monguilloti,ベトナムカワラヒワ
Chloris sinica,カワラヒワ
Chloris spinoides,キバラカワラヒワ
Chloroceryle aenea,コミドリヤマセミ
Chloroceryle amazona,オオミドリヤマセミ
Chloroceryle americana,ミドリヤマセミ
Chloroceryle inda,アカハラミドリヤマセミ
Chlorochrysa calliparaea,ホオアカエメラルドフウキンチョウ
Chlorochrysa nitidissima,ゴシキエメラルドフウキンチョウ
Chlorochrysa phoenicotis,エメラルドフウキンチョウ
Chlorocichla falkensteini,キノドアオヒヨドリ
Chlorocichla flaviventris,キバラアオヒヨドリ
Chlorocichla laetissima,タノシタアオヒヨドリ
Chlorocichla prigoginei,プリゴジンアオヒヨドリ
Chlorocichla simplex,ノドジロアオヒヨドリ
Chlorodrepanis flava,オアフミツスイ
Chlorodrepanis stejnegeri,カウアイミツスイ
Chlorodrepanis virens,ハワイミツスイ
Chlorophanes spiza,ズグロミツドリ
Chlorophoneus bocagei,マユジロシロハラモズ
Chlorophoneus kupeensis,ノドジロハイイロモズ
Chlorophoneus multicolor,タショクミドリヤブモズ
Chlorophoneus nigrifrons,クロガオミドリヤブモズ
Chlorophoneus olivaceus,オリーブミドリヤブモズ
Chlorophoneus sulfureopectus,ミドリヤブモズ
Chlorophonia callophrys,アオボウシミドリフウキンチョウ
Chlorophonia cyanea,ミドリフウキンチョウ
Chlorophonia cyanocephala,キンゴシフウキンチョウ
Chlorophonia elegantissima,ルリゴシサンショクフウキンチョウ
Chlorophonia flavirostris,キエリミドリフウキンチョウ
Chlorophonia musica,サンショクフウキンチョウ
Chlorophonia occipitalis,ズアオミドリフウキンチョウ
Chlorophonia pyrrhophrys,クリムネフウキンチョウ
Chloropicus namaquus,クロヒゲゲラ
Chloropicus pyrrhogaster,アカハラゲラ
Chloropicus xantholophus,キガシラゲラ
Chloropipo flavicapilla,キガシラミドリマイコドリ
Chloropipo unicolor,ペルークロマイコドリ
Chloropsis aurifrons,キビタイコノハドリ
Chloropsis cochinchinensis,アオバネコノハドリ
Chloropsis cyanopogon,コノハドリ
Chloropsis flavipennis,ミンダナオコノハドリ
Chloropsis hardwickii,アカハラコノハドリ
Chloropsis jerdoni,ジャードンコノハドリ
Chloropsis kinabaluensis,ボルネオコノハドリ
Chloropsis media,スマトラコノハドリ
Chloropsis palawanensis,パラワンコノハドリ
Chloropsis sonnerati,オオコノハドリ
Chloropsis venusta,アオメコノハドリ
Chlorornis riefferii,ワカクサフウキンチョウ
Chlorospingus canigularis,ハイノドヤブフウキンチョウ
Chlorospingus flavigularis,キノドヤブフウキンチョウ
Chlorospingus flavopectus,ヤブフウキンチョウ
Chlorospingus inornatus,ホシヤブフウキンチョウ
Chlorospingus parvirostris,コバシヤブフウキンチョウ
Chlorospingus pileatus,マミジロヤブフウキンチョウ
Chlorospingus semifuscus,チャバラヤブフウキンチョウ
Chlorospingus tacarcunae,メジロヤブフウキンチョウ
Chlorostilbon alice,ミドリオヒメエメラルドハチドリ
Chlorostilbon assimilis,パナマヒメエメラルドハチドリ
Chlorostilbon gibsoni,アカハシヒメエメラルドハチドリ
Chlorostilbon lucidus,アオムネヒメエメラルドハチドリ
Chlorostilbon melanorhynchus,ニシアンデスエメラルドハチドリ
Chlorostilbon mellisugus,アイオヒメエメラルドハチドリ
Chlorostilbon olivaresi,コロンビアヒメエメラルドハチドリ
Chlorostilbon poortmani,タンビヒメエメラルドハチドリ
Chlorostilbon russatus,ドウイロヒメエメラルドハチドリ
Chlorostilbon stenurus,ホソオヒメエメラルドハチドリ
Chlorothraupis carmioli,オリーブフウキンチョウ
Chlorothraupis frenata,キビタイオリーブフウキンチョウ
Chlorothraupis olivacea,メガネオリーブフウキンチョウ
Chlorothraupis stolzmanni,キムネオリーブフウキンチョウ
Chondestes grammacus,ヒバリヒメドリ
Chondrohierax uncinatus,カギハシトビ
Chordeiles acutipennis,コアメリカヨタカ
Chordeiles gundlachii,カリブヨタカ
Chordeiles minor,アメリカヨタカ
Chordeiles nacunda,シロハラヨタカ
Chordeiles pusillus,コビトアメリカヨタカ
Chordeiles rupestris,スナイロアメリカヨタカ
Chroicocephalus brunnicephalus,チャガシラカモメ
Chroicocephalus bulleri,ハシグロカモメ
Chroicocephalus cirrocephalus,ズアオカモメ
Chroicocephalus genei,ハシボソカモメ
Chroicocephalus hartlaubii,アフリカギンカモメ
Chroicocephalus maculipennis,ミナミユリカモメ
Chroicocephalus novaehollandiae,ギンカモメ
Chroicocephalus philadelphia,ボナパルトカモメ
Chroicocephalus ridibundus,ユリカモメ
Chroicocephalus serranus,アンデスカモメ
Chrysococcyx caprius,ブロンズミドリカッコウ
Chrysococcyx cupreus,ミドリカッコウ
Chrysococcyx flavigularis,キノドミドリカッコウ
Chrysococcyx klaas,シロハラミドリカッコウ
Chrysococcyx maculatus,ミドリテリカッコウ
Chrysococcyx xanthorhynchus,スミレテリカッコウ
Chrysocolaptes erythrocephalus,ズアカコガネゲラ
Chrysocolaptes festivus,セグロコガネゲラ
Chrysocolaptes guttacristatus,オオコガネゲラ
Chrysocolaptes haematribon,ルソンコガネゲラ
Chrysocolaptes lucidus,コガネゲラ
Chrysocolaptes stricklandi,セアカコガネゲラ
Chrysocolaptes strictus,ジャワコガネゲラ
Chrysocolaptes validus,アカハラコガネゲラ
Chrysocolaptes xanthocephalus,キガオコガネゲラ
Chrysocorythus estherae,ハグロヒワ
Chrysolampis mosquitus,ルビートパーズハチドリ
Chrysolophus amherstiae,ギンケイ
Chrysolophus pictus,キンケイ
Chrysomma altirostre,インドセンニュウチメドリ
Chrysomma sinense,キンメセンニュウチメドリ
Chrysomus icterocephalus,キガシラハゴロモガラス
Chrysomus ruficapillus,チャガシラハゴロモガラス
Chrysophlegma flavinucha,キエリアオゲラ
Chrysophlegma mentale,チャバネアオゲラ
Chrysophlegma miniaceum,シマベニアオゲラ
Chrysothlypis chrysomelas,キンクロフウキンチョウ
Chrysothlypis salmoni,ニショクフウキンチョウ
Chrysuronia boucardi,マングローブエメラルドハチドリ
Chrysuronia brevirostris,ユキムネエメラルドハチドリ
Chrysuronia coeruleogularis,ルリノドハチドリ
Chrysuronia goudoti,ミドリルリノドハチドリ
Chrysuronia grayi,ズアオサファイアハチドリ
Chrysuronia humboldtii,フンボルトサファイアハチドリ
Chrysuronia leucogaster,オグロエメラルドハチドリ
Chrysuronia lilliae,ルリハラハチドリ
Chrysuronia oenone,コガネオハチドリ
Chrysuronia versicolor,アオボウシエメラルドハチドリ
Chunga burmeisteri,ハイイロノガンモドキ
Cichladusa arquata,アサナキヒタキ
Cichladusa guttata,クロボシアサナキヒタキ
Cichladusa ruficauda,アカオアサナキヒタキ
Cichlocolaptes leucophrus,マユナガカマドドリ
Cichlocolaptes mazarbarnetti,インペイカマドドリ
Cichlopsis leucogenys,キノドヒトリツグミ
Cicinnurus regius,ヒヨクドリ
Ciconia abdimii,アオハシコウ
Ciconia boyciana,コウノトリ
Ciconia ciconia,シュバシコウ
Ciconia episcopus,エンビコウ
Ciconia maguari,シロエンビコウ
Ciconia nigra,ナベコウ
Ciconia stormi,スンダエンビコウ
Cinclidium frontale,オグロコンヒタキ
Cinclocerthia gutturalis,ハイイロフルエドリ
Cinclocerthia ruficauda,フルエドリ
Cinclodes albidiventris,クリバネカワカマドドリ
Cinclodes albiventris,キバネカワカマドドリ
Cinclodes antarcticus,クロイソカマドドリ
Cinclodes aricomae,ロイヤルカマドドリ
Cinclodes atacamensis,ハジロカワカマドドリ
Cinclodes comechingonus,コメチンゴネスカワカマドドリ
Cinclodes excelsior,キマユジカマドドリ
Cinclodes fuscus,オビバネカワカマドドリ
Cinclodes nigrofumosus,ウミベカマドドリ
Cinclodes olrogi,アルゼンチンカワカマドドリ
Cinclodes oustaleti,ヒメカワカマドドリ
Cinclodes pabsti,オナガカワカマドドリ
Cinclodes palliatus,シロハラカワカマドドリ
Cinclodes patagonicus,パタゴニアカワカマドドリ
Cinclodes taczanowskii,アライソカマドドリ
Cincloramphus bivittatus,チモールムシクイ
Cincloramphus cruralis,ヒバリモドキ
Cincloramphus grosvenori,ニューブリテンツグミモドキ
Cincloramphus llaneae,ブーゲンビルツグミモドキ
Cincloramphus mariae,カレドニアオナガセッカ
Cincloramphus mathewsi,コシアカヒバリモドキ
Cincloramphus rubiginosus,ハシリツグミモドキ
Cincloramphus rufus,ハチマキムシクイ
Cincloramphus timoriensis,ズアカオオセッカ
Cincloramphus whitneyi,ニューヘブリデスツグミモドキ
Cinclosoma ajax,パプアウズラチメドリ
Cinclosoma alisteri,セアカウズラチメドリ
Cinclosoma castaneothorax,クリムネウズラチメドリ
Cinclosoma castanotum,クリゴシウズラチメドリ
Cinclosoma cinnamomeum,ニッケイウズラチメドリ
Cinclosoma clarum,アカガネウズラチメドリ
Cinclosoma marginatum,ニシウズラチメドリ
Cinclosoma punctatum,ウズラチメドリ
Cinclus cinclus,ムナジロカワガラス
Cinclus leucocephalus,シロガシラカワガラス
Cinclus mexicanus,メキシコカワガラス
Cinclus pallasii,カワガラス
Cinclus schulzii,ノドアカカワガラス
Cinnycerthia fulva,キイロミソサザイ
Cinnycerthia olivascens,オリーブイロミソサザイ
Cinnycerthia peruana,ヒメアカミソサザイ
Cinnycerthia unirufa,アカミソサザイ
Cinnyricinclus leucogaster,シロハラムクドリ
Cinnyris afer,オオゴシキタイヨウチョウ
Cinnyris asiaticus,ムラサキタイヨウチョウ
Cinnyris batesi,ヒメオリーブタイヨウチョウ
Cinnyris bifasciatus,ヒメニシキタイヨウチョウ
Cinnyris bouvieri,キフサタイヨウチョウ
Cinnyris buettikoferi,スンバタイヨウチョウ
Cinnyris chalcomelas,スミレイロニシキタイヨウチョウ
Cinnyris chalybeus,ミナミゴシキタイヨウチョウ
Cinnyris chloropygius,オリーブゴシキタイヨウチョウ
Cinnyris coccinigastrus,ニシキタイヨウチョウ
Cinnyris comorensis,アンジュアンタイヨウチョウ
Cinnyris congensis,オオムネアカオナガタイヨウチョウ
Cinnyris coquerellii,マヨットタイヨウチョウ
Cinnyris cupreus,ブロンズタイヨウチョウ
Cinnyris dussumieri,セーシェルタイヨウチョウ
Cinnyris erythrocercus,ムネアカオナガタイヨウチョウ
Cinnyris fuelleborni,モリゴシキタイヨウチョウ
Cinnyris fuscus,ウスグロタイヨウチョウ
Cinnyris habessinicus,テリタイヨウチョウ
Cinnyris humbloti,コモロタイヨウチョウ
Cinnyris johannae,アカハラタイヨウチョウ
Cinnyris jugularis,キバラタイヨウチョウ
Cinnyris lotenius,クリムネタイヨウチョウ
Cinnyris loveridgei,ハシナガゴシキタイヨウチョウ
Cinnyris ludovicensis,アンゴラゴシキタイヨウチョウ
Cinnyris manoensis,ハイゴシゴシキタイヨウチョウ
Cinnyris mariquensis,ヒガシニシキタイヨウチョウ
Cinnyris mediocris,ゴシキタイヨウチョウ
Cinnyris minullus,コゴシキタイヨウチョウ
Cinnyris moreaui,タンザニアゴシキタイヨウチョウ
Cinnyris nectarinioides,クロハラオナガタイヨウチョウ
Cinnyris neergaardi,クロハラゴシキタイヨウチョウ
Cinnyris notatus,マダガスカルタイヨウチョウ
Cinnyris osea,キタキフサタイヨウチョウ
Cinnyris oustaleti,アンゴラシロハラタイヨウチョウ
Cinnyris pembae,ペンバニシキタイヨウチョウ
Cinnyris prigoginei,ミヤマゴシキタイヨウチョウ
Cinnyris pulchellus,ウツクシオナガタイヨウチョウ
Cinnyris regius,シリアカゴシキタイヨウチョウ
Cinnyris reichenowi,キタゴシキタイヨウチョウ
Cinnyris rockefelleri,コンゴゴシキタイヨウチョウ
Cinnyris rufipennis,ベニバネタイヨウチョウ
Cinnyris shelleyi,ヒムネニシキタイヨウチョウ
Cinnyris solaris,チモールタイヨウチョウ
Cinnyris sovimanga,アルダブラタイヨウチョウ
Cinnyris stuhlmanni,ザイールゴシキタイヨウチョウ
Cinnyris superbus,ワキアカタイヨウチョウ
Cinnyris talatala,シロハラタイヨウチョウ
Cinnyris tsavoensis,ツアボタイヨウチョウ
Cinnyris ursulae,ニシネズミタイヨウチョウ
Cinnyris usambaricus,ウサンバラゴシキタイヨウチョウ
Cinnyris venustus,カワリタイヨウチョウ
Circaetus beaudouini,ボードワンチュウヒワシ
Circaetus cinerascens,オビチュウヒワシ
Circaetus cinereus,チャイロチュウヒワシ
Circaetus fasciolatus,ミナミオビチュウヒワシ
Circaetus gallicus,チュウヒワシ
Circaetus pectoralis,ムナグロチュウヒワシ
Circaetus spectabilis,ヘビワシ
Circus aeruginosus,ヨーロッパチュウヒ
Circus approximans,ミナミチュウヒ
Circus assimilis,ウスユキチュウヒ
Circus buffoni,ハネナガチュウヒ
Circus cinereus,アンデスチュウヒ
Circus cyaneus,ハイイロチュウヒ
Circus hudsonius,アメリカハイイロチュウヒ
Circus macrosceles,マダガスカルチュウヒ
Circus macrourus,ウスハイイロチュウヒ
Circus maillardi,レユニオンチュウヒ
Circus maurus,クロチュウヒ
Circus melanoleucos,マダラチュウヒ
Circus pygargus,ヒメハイイロチュウヒ
Circus ranivorus,アフリカチュウヒ
Circus spilonotus,チュウヒ
Circus spilothorax,パプアチュウヒ
Ciridops anna,ウラアイハワネ
Cissa chinensis,ヘキサン
Cissa hypoleuca,シナヘキサン
Cissa jefferyi,ボルネオタンビヘキサン
Cissa thalassina,タンビヘキサン
Cissomela pectoralis,クロオビミツスイ
Cissopis leverianus,カササギフウキンチョウ
Cisticola aberdare,ケニアセッカ
Cisticola aberrans,ミナミイワセッカ
Cisticola angusticauda,オナガセッカ
Cisticola anonymus,サエズリセッカ
Cisticola aridulus,サバクセッカ
Cisticola ayresii,タンビセッカ
Cisticola bodessa,エチオピアセッカ
Cisticola brachypterus,クチブエセッカ
Cisticola brunnescens,チビオセッカ
Cisticola bulliens,アンゴラセッカ
Cisticola cantans,ウタイセッカ
Cisticola carruthersi,クロボウシセッカ
Cisticola cherina,マダガスカルセッカ
Cisticola chiniana,アフリカセッカ
Cisticola chubbi,クロガオセッカ
Cisticola cinereolus,サメイロセッカ
Cisticola cinnamomeus,ニッケイセッカ
Cisticola dambo,オグロセッカ
Cisticola distinctus,ヒガシシロハラセッカ
Cisticola erythrops,アカガオセッカ
Cisticola exilis,タイワンセッカ
Cisticola eximius,セグロセッカ
Cisticola fulvicapilla,フエセッカ
Cisticola galactotes,ササフセッカ
Cisticola guinea,ニシズアカセッカ
Cisticola haesitatus,ソコトラセッカ
Cisticola hunteri,タカネセッカ
Cisticola juncidis,セッカ
Cisticola lais,シロハラセッカ
Cisticola lateralis,ススイロセッカ
Cisticola melanurus,オグロイロムシクイ
Cisticola nana,ヒメセッカ
Cisticola natalensis,エリフセッカ
Cisticola nigriloris,ハナグロセッカ
Cisticola njombe,ノドジロセッカ
Cisticola pipiens,チャボウシセッカ
Cisticola restrictus,タナセッカ
Cisticola robustus,エリアカセッカ
Cisticola ruficeps,ズアカセッカ
Cisticola rufilatus,マミジロセッカ
Cisticola rufus,アカセッカ
Cisticola subruficapilla,ハイイロセッカ
Cisticola textrix,ムナフセッカ
Cisticola tinniens,アカボウシセッカ
Cisticola troglodytes,キツネセッカ
Cisticola woosnami,ススチャセッカ
Cistothorus apolinari,オオヌマミソサザイ
Cistothorus meridae,ミヤマヌマミソサザイ
Cistothorus palustris,ハシナガヌマミソサザイ
Cistothorus platensis,コバシヌマミソサザイ
Cittura cyanotis,アオミミショウビン
Cladorhynchus leucocephalus,ムネアカセイタカシギ
Clamator coromandus,カンムリカッコウ
Clamator glandarius,マダラカンムリカッコウ
Clamator jacobinus,クロシロカンムリカッコウ
Clamator levaillantii,ムナフカンムリカッコウ
Clanga clanga,カラフトワシ
Clanga hastata,インドワシ
Clanga pomarina,アシナガワシ
Clangula hyemalis,コオリガモ
Claravis pretiosa,ソライロアルキバト
Cleptornis marchei,オウゴンミツスイ
Clibanornis dendrocolaptoides,タンビアレチカマドドリ
Clibanornis erythrocephalus,アカズキンカマドドリ
Clibanornis rectirostris,チャボウシカマドドリ
Clibanornis rubiginosus,サビイロカマドドリ
Clibanornis rufipectus,サンタマルタカマドドリ
Climacteris affinis,マミジロキノボリ
Climacteris erythrops,ベニマユキノボリ
Climacteris melanurus,オグロキノボリ
Climacteris picumnus,チャイロキノボリ
Climacteris rufus,チャバラキノボリ
Clytoctantes alixii,ソリハシヤブアリドリ
Clytoctantes atrogularis,ノドグロヤブアリドリ
Clytomyias insignis,ヒロハシムシクイ
Clytorhynchus hamlini,レンネルオオハシヒタキ
Clytorhynchus nigrogularis,カオグロオオハシヒタキ
Clytorhynchus pachycephaloides,カレドニアオオハシヒタキ
Clytorhynchus sanctaecrucis,サンタクルーズオオハシヒタキ
Clytorhynchus vitiensis,フィジーオオハシヒタキ
Clytospiza monteiri,チャバラアラレチョウ
Cnemarchus erythropygius,コシアカヤブタイランチョウ
Cnemarchus rufipennis,シロハラヤブタイランチョウ
Cnemathraupis aureodorsalis,ペルーキバラフウキンチョウ
Cnemathraupis eximia,ムナグロキバラフウキンチョウ
Cnemophilus loriae,ルリフウチョウモドキ
Cnemophilus macgregorii,カンムリフウチョウモドキ
Cnemoscopus rubrirostris,ハイズキンフウキンチョウ
Cnemotriccus fuscatus,チャイロハエトリ
Cnipodectes subbrunneus,チャイロタイランチョウ
Cnipodectes superrufus,クリイロタイランチョウ
Coccopygia bocagei,アンゴラカエデチョウ
Coccopygia melanotis,キバラカエデチョウ
Coccopygia quartinia,ヒガシキバラカエデチョウ
Coccothraustes coccothraustes,シメ
Coccycua cinerea,ハイイロアメリカカッコウ
Coccycua minuta,ヒメリスカッコウ
Coccycua pumila,ヒメアメリカカッコウ
Coccyzus americanus,キバシカッコウ
Coccyzus erythropthalmus,ハシグロカッコウ
Coccyzus euleri,ギンムネカッコウ
Coccyzus ferrugineus,ココスカッコウ
Coccyzus lansbergi,ハイズキンカッコウ
Coccyzus longirostris,ヒスパニョラトゲカッコウ
Coccyzus melacoryphus,コミミグロカッコウ
Coccyzus merlini,オオトゲカッコウ
Coccyzus minor,マングローブカッコウ
Coccyzus pluvialis,ハイムネリスカッコウ
Coccyzus rufigularis,クリムネリスカッコウ
Coccyzus vetula,ジャマイカトゲカッコウ
Coccyzus vieilloti,プエルトリコトゲカッコウ
Cochlearius cochlearius,ヒロハシサギ
Cochoa azurea,ジャワミヤマツグミ
Cochoa beccarii,スマトラミヤマツグミ
Cochoa purpurea,ムラサキミヤマツグミ
Cochoa viridis,ミドリミヤマツグミ
Coeligena bonapartei,キンバラインカハチドリ
Coeligena coeligena,ブロンズインカハチドリ
Coeligena helianthea,ゴシキインカハチドリ
Coeligena iris,ニジインカハチドリ
Coeligena lutetiae,モンツキインカハチドリ
Coeligena orina,ミドリインカハチドリ
Coeligena phalerata,オジロインカハチドリ
Coeligena prunellei,クロインカハチドリ
Coeligena torquata,シロエリインカハチドリ
Coeligena violifer,ルリノドインカハチドリ
Coeligena wilsoni,チャイロインカハチドリ
Coenocorypha aucklandica,ムカシジシギ
Coenocorypha barrierensis,ホクトウムジシギ
Coenocorypha huegeli,スネアーズムジシギ
Coenocorypha iredalei,ナントウムジシギ
Coenocorypha pusilla,チャタムジシギ
Coereba flaveola,マミジロミツドリ
Colaptes aeruginosus,アオバネモリゲラ
Colaptes atricollis,ノドグロシマオゲラ
Colaptes auratus,ハシボソキツツキ
Colaptes auricularis,ハイガシラモリゲラ
Colaptes campestris,アリツカゲラ
Colaptes chrysoides,ミナミハシボソキツツキ
Colaptes fernandinae,キューバハシボソキツツキ
Colaptes melanochloros,アオシマオゲラ
Colaptes oceanicus,バミューダハシボソキツツキ
Colaptes pitius,チリアレチゲラ
Colaptes punctigula,ヒメシマオゲラ
Colaptes rivolii,アカバネモリゲラ
Colaptes rubiginosus,キンバネモリゲラ
Colaptes rupicola,アンデスアレチゲラ
Colibri coruscans,アオミミハチドリ
Colibri cyanotus,ヒメミドリハチドリ
Colibri delphinae,チャイロハチドリ
Colibri serrirostris,シロハラハチドリ
Colibri thalassinus,ミドリハチドリ
Colinus cristatus,カンムリコリン
Colinus leucopogon,ノドジロコリン
Colinus nigrogularis,ノドグロコリン
Colinus virginianus,コリンウズラ
Colius castanotus,コシアカネズミドリ
Colius colius,セジロネズミドリ
Colius leucocephalus,シロガシラネズミドリ
Colius striatus,チャイロネズミドリ
Collocalia affinis,ハネアシユビアナツバメ
Collocalia dodgei,ボルネオアナツバメ
Collocalia esculenta,シロハラアナツバメ
Collocalia isonota,ミネアナツバメ
Collocalia linchi,ドウクツアナツバメ
Collocalia marginata,ハイゴシアナツバメ
Collocalia natalis,クリスマスアナツバメ
Collocalia neglecta,スナイロアナツバメ
Collocalia sumbawae,トゥンガラアナツバメ
Collocalia troglodytes,コビトアナツバメ
Collocalia uropygialis,サテンアナツバメ
Colluricincla boweri,ムナフモズツグミ
Colluricincla harmonica,ハイイロモズツグミ
Colluricincla megarhyncha,チャイロモズツグミ
Colluricincla tenebrosa,ススイロモズツグミ
Colluricincla woodwardi,チャバラモズツグミ
Coloeus dauuricus,コクマルガラス
Coloeus monedula,ニシコクマルガラス
Colonia colonus,シラガフタオタイランチョウ
Colorhamphus parvirostris,パタゴニアヒタキタイランチョウ
Columba albinucha,シロエリバト
Columba albitorques,シロエリカワラバト
Columba argentina,ギンモリバト
Columba arquatrix,オリーブバト
Columba bollii,カナリーバト
Columba delegorguei,ブロンズエリジロバト
Columba elphinstonii,カノコモリバト
Columba eversmanni,ヒガシヒメモリバト
Columba guinea,ウロコカワラバト
Columba hodgsonii,ゴマフバト
Columba iriditorques,ニジェリバト
Columba janthina,カラスバト
Columba jouyi,リュウキュウカラスバト
Columba junoniae,ゲッケイジュバト
Columba leucomela,シロガシラカラスバト
Columba leuconota,ユキバト
Columba livia,カワラバト（ドバト）
Columba malherbii,サントメニジェリバト
Columba oenas,ヒメモリバト
Columba oliviae,ソマリアヒメバト
Columba pallidiceps,キアシカラスバト
Columba palumboides,アンダマンモリバト
Columba palumbus,モリバト
Columba pollenii,コモロオリーブバト
Columba pulchricollis,タイワンジュズカケバト
Columba punicea,ムラサキモリバト
Columba rupestris,コウライバト
Columba sjostedti,カメルーンオリーブバト
Columba thomensis,サントメオリーブバト
Columba torringtoniae,セイロンカノコモリバト
Columba trocaz,マデイラバト
Columba unicincta,ハラジロバト
Columba versicolor,オガサワラカラスバト
Columba vitiensis,アカメカラスバト
Columbina buckleyi,オオスズメバト
Columbina cruziana,キバシヒメバト
Columbina cyanopis,アオメヒメバト
Columbina inca,インカバト
Columbina minuta,フナシスズメバト
Columbina passerina,スズメバト
Columbina picui,イチモンジバト
Columbina squammata,サザナミインカバト
Columbina talpacoti,ケアシスズメバト
Compsothraupis loricata,ヒノドフウキンチョウ
Conioptilon mcilhennyi,カオグロカザリドリ
Conirostrum albifrons,ボウシマルハシミツドリ
Conirostrum bicolor,セアオマルハシミツドリ
Conirostrum binghami,オオミツドリ
Conirostrum cinereum,マルハシミツドリ
Conirostrum ferrugineiventre,マミジロマルハシミツドリ
Conirostrum leucogenys,ミミジロマルハシミツドリ
Conirostrum margaritae,ハイイロマルハシミツドリ
Conirostrum rufum,アカマユマルハシミツドリ
Conirostrum sitticolor,アカハラマルハシミツドリ
Conirostrum speciosum,シリアカマルハシミツドリ
Conirostrum tamarugense,タマルゴマルハシミツドリ
Conopias albovittatus,シロハチマキヒタキモドキ
Conopias cinchoneti,キハチマキヒタキモドキ
Conopias parvus,キノドハチマキヒタキモドキ
Conopias trivirgatus,ハチマキヒタキモドキ
Conopophaga ardesiaca,ネズミアリサザイ
Conopophaga aurita,ムナオビアリサザイ
Conopophaga castaneiceps,クリボウシアリサザイ
Conopophaga cearae,セアラーアリサザイ
Conopophaga lineata,アカアリサザイ
Conopophaga melanogaster,クロハラアリサザイ
Conopophaga melanops,ホオグロアリサザイ
Conopophaga peruviana,ハイノドアリサザイ
Conopophaga roberti,クロズキンアリサザイ
Conopophila albogularis,ノドジロムジミツスイ
Conopophila rufogularis,ノドアカムジミツスイ
Conopophila whitei,ハイイロムジミツスイ
Conothraupis mesoleuca,コマルハシフウキンチョウ
Conothraupis speculigera,マルハシフウキンチョウ
Contopus albogularis,ノドジロモリタイランチョウ
Contopus caribaeus,ダイアンチルヒタキモドキ
Contopus cinereus,ネッタイモリタイランチョウ
Contopus cooperi,ナキヒタキモドキ
Contopus fumigatus,ミヤマヒタキモドキ
Contopus hispaniolensis,ヒスパニョラモリタイランチョウ
Contopus latirostris,ショウアンチルヒタキモドキ
Contopus lugubris,ハイイロヒタキモドキ
Contopus nigrescens,クロモリタイランチョウ
Contopus ochraceus,ミヤマモリタイランチョウ
Contopus pallidus,ジャマイカモリタイランチョウ
Contopus pertinax,メキシコヒタキモドキ
Contopus sordidulus,ニシモリタイランチョウ
Contopus virens,モリタイランチョウ
Conuropsis carolinensis,カロライナインコ
Copsychus albiventris,アンダマンシキチョウ
Copsychus albospecularis,マダガスカルシキチョウ
Copsychus cebuensis,セブクロシキチョウ
Copsychus fulicatus,インドヒタキ
Copsychus luzoniensis,マミジロシキチョウ
Copsychus malabaricus,アカハラシキチョウ
Copsychus mindanensis,フィリピンシキチョウ
Copsychus niger,クロシキチョウ
Copsychus pyrropygus,コシアカシキチョウ
Copsychus saularis,シキチョウ
Copsychus sechellarum,セーシェルシキチョウ
Copsychus stricklandii,シラガシキチョウ
Copsychus superciliaris,ビサヤシキチョウ
Coracias abyssinicus,オナガニシブッポウソウ
Coracias affinis,インドシナブッポウソウ
Coracias benghalensis,インドブッポウソウ
Coracias caudatus,ライラックニシブッポウソウ
Coracias cyanogaster,アオハラニシブッポウソウ
Coracias garrulus,ニシブッポウソウ
Coracias naevius,チャガシラニシブッポウソウ
Coracias spatulatus,ラケットニシブッポウソウ
Coracias temminckii,セレベスブッポウソウ
Coracina atriceps,モルッカオニサンショウクイ
Coracina bicolor,シロハラオオサンショウクイ
Coracina boyeri,ノドグロオオサンショウクイ
Coracina caeruleogrisea,ハシブトオニサンショウクイ
Coracina caledonica,メラネシアオニサンショウクイ
Coracina dobsoni,アンダマンオオサンショウクイ
Coracina fortis,ブルオニサンショウクイ
Coracina javensis,ジャワオニサンショウクイ
Coracina larvata,カオグロオオサンショウクイ
Coracina leucopygia,コシジロオオサンショウクイ
Coracina lineata,ヨコジマカッコウサンショウクイ
Coracina longicauda,ズキンオニサンショウクイ
Coracina macei,オオオニサンショウクイ
Coracina maxima,ジサンショウクイ
Coracina novaehollandiae,オーストラリアオニサンショウクイ
Coracina papuensis,パプアオオサンショウクイ
Coracina parvula,ハルマヘラオオサンショウクイ
Coracina personata,ウォーレスサンショウクイ
Coracina schistacea,スーラオニサンショウクイ
Coracina striata,カッコウサンショウクイ
Coracina temminckii,セレベスオオサンショウクイ
Coracina welchmani,キタメラネシアオニサンショウクイ
Coracopsis barklyi,セーシェルインコ
Coracopsis nigra,コクロインコ
Coracopsis vasa,クロインコ
Coracornis raveni,セレベスモズヒタキ
Coracornis sanghirensis,サンギヘモズヒタキ
Coragyps atratus,クロコンドル
Corapipo altera,シロエリマイコドリ
Corapipo gutturalis,ノドジロマイコドリ
Corapipo leucorrhoa,シロムネマイコドリ
Corcorax melanorhamphos,オオツチスドリ
Cormobates leucophaea,ノドジロキノボリ
Cormobates placens,パプアキノボリ
Corthylio calendula,ルビーキクイタダキ
Corvinella corvina,キバシオナガモズ
Corvus albicollis,シロエリオオハシガラス
Corvus albus,ムナジロガラス
Corvus bennetti,ミナミコガラス
Corvus brachyrhynchos,アメリカガラス
Corvus capensis,ツルハシガラス
Corvus corax,ワタリガラス
Corvus cornix,ズキンガラス
Corvus corone,ハシボソガラス
Corvus coronoides,ミナミワタリガラス
Corvus crassirostris,オオハシガラス
Corvus cryptoleucus,シロエリガラス
Corvus edithae,ソマリガラス
Corvus enca,スンダガラス
Corvus florensis,フロレスガラス
Corvus frugilegus,ミヤマガラス
Corvus fuscicapillus,チャガシラガラス
Corvus hawaiiensis,ハワイガラス
Corvus imparatus,メキシコガラス
Corvus insularis,ビスマルクガラス
Corvus jamaicensis,ジャマイカガラス
Corvus kubaryi,クバリーガラス
Corvus leucognaphalus,ヒスパニオラガラス
Corvus macrorhynchos,ハシブトガラス
Corvus meeki,ブーゲンビルガラス
Corvus mellori,ミナミコワタリガラス
Corvus moneduloides,カレドニアガラス
Corvus nasicus,キューバガラス
Corvus orru,ミナミガラス
Corvus ossifragus,ウオガラス
Corvus palmarum,ヤシガラス
Corvus rhipidurus,チビオガラス
Corvus ruficollis,チャエリガラス
Corvus sinaloae,ニシメキシコガラス
Corvus splendens,イエガラス
Corvus tasmanicus,モリガラス
Corvus torquatus,クビワガラス
Corvus tristis,ハゲガオガラス
Corvus typicus,セレベスガラス
Corvus unicolor,バンガイガラス
Corvus validus,モルッカガラス
Corvus woodfordi,ソロモンガラス
Corydon sumatranus,ガマヒロハシ
Corypha africana,チャエリヤブヒバリ
Corypha apiata,ハイイロヤブヒバリ
Corypha fasciolata,ヒガシハイイロヤブヒバリ
Corypha hypermetra,サビバネヤブヒバリ
Corypha sharpii,ソマリチャエリヤブヒバリ
Corypha somalica,ソマリアヤブヒバリ
Coryphaspiza melanotis,マミジロシトド
Coryphistera alaudina,ヒバリカマドドリ
Coryphospingus cucullatus,ベニイタダキ
Coryphospingus pileatus,シロハラベニイタダキ
Corythaeola cristata,カンムリエボシドリ
Corythopis delalandi,ミナミタヒバリタイランチョウ
Corythopis torquatus,タヒバリタイランチョウ
Corythornis cristatus,カンムリカワセミ
Corythornis leucogaster,シロハラカワセミ
Corythornis madagascariensis,マダガスカルヒメショウビン
Corythornis vintsioides,マダガスカルカンムリカワセミ
Coscoroba coscoroba,カモハクチョウ
Cossypha albicapillus,オオツグミヒタキ
Cossypha cyanocampter,ルリカタツグミヒタキ
Cossypha dichroa,チャバラツグミヒタキ
Cossypha heinrichi,シロガシラツグミヒタキ
Cossypha heuglini,マミジロツグミヒタキ
Cossypha natalensis,ズアカツグミヒタキ
Cossypha niveicapilla,シロズキンツグミヒタキ
Cossypha semirufa,オグロツグミヒタキ
Cossyphicula isabellae,ミヤマツグミヒタキ
Cossyphicula roberti,シロハラツグミヒタキ
Cotinga amabilis,メキシコルリカザリドリ
Cotinga cayana,ソライロカザリドリ
Cotinga cotinga,ムネムラサキカザリドリ
Cotinga maculata,アオオビカザリドリ
Cotinga maynana,ノドムラサキカザリドリ
Cotinga nattererii,ルリカザリドリ
Cotinga ridgwayi,コスタリカルリカザリドリ
Coturnicops exquisitus,シマクイナ
Coturnicops noveboracensis,アメリカシマクイナ
Coturnix coromandelica,ムナグロウズラ
Coturnix coturnix,ヨーロッパウズラ
Coturnix delegorguei,ヤクシャウズラ
Coturnix japonica,ウズラ
Coturnix novaezelandiae,ニュージーランドウズラ
Coturnix pectoralis,オーストラリアウズラ
Coua caerulea,アオジカッコウ
Coua coquereli,ニシジカッコウ
Coua cristata,カンムリジカッコウ
Coua cursor,ハシリジカッコウ
Coua delalandei,マダガスカルジカッコウ
Coua gigas,オニジカッコウ
Coua reynaudii,アカビタイジカッコウ
Coua ruficeps,アカボウシジカッコウ
Coua serriana,ムネアカジカッコウ
Coua verreauxi,ミナミジカッコウ
Cracticus argenteus,ギンイロモズガラス
Cracticus cassicus,ズグロモズガラス
Cracticus louisiadensis,コシジロモズガラス
Cracticus mentalis,セグロモズガラス
Cracticus nigrogularis,ノドグロモズガラス
Cracticus torquatus,ハイイロモズガラス
Cranioleuca albicapilla,キボウシカマドドリ
Cranioleuca albiceps,シロガシラカマドドリ
Cranioleuca antisiensis,ホオスジカマドドリ
Cranioleuca berlepschi,セアカアレチカマドドリ
Cranioleuca curtata,ハイマユカマドドリ
Cranioleuca demissa,ズアカカマドドリ
Cranioleuca dissita,コイバアカオカマドドリ
Cranioleuca erythrops,アカガオカマドドリ
Cranioleuca hellmayri,コロンビアカマドドリ
Cranioleuca henricae,インキジヴィカザリドリ
Cranioleuca marcapatae,タカネカマドドリ
Cranioleuca muelleri,ウロコカマドドリ
Cranioleuca obsoleta,オリーブカマドドリ
Cranioleuca pallida,シロハラカマドドリ
Cranioleuca pyrrhophia,シマボウシカマドドリ
Cranioleuca semicinerea,ハイガシラカマドドリ
Cranioleuca subcristata,シマカムリカマドドリ
Cranioleuca vulpecula,パーカーカマドドリ
Cranioleuca vulpina,アカオカマドドリ
Crax alberti,アオコブホウカンチョウ
Crax alector,メスグロホウカンチョウ
Crax blumenbachii,アカハシホウカンチョウ
Crax daubentoni,キコブホウカンチョウ
Crax fasciolata,ハゲガオホウカンチョウ
Crax globulosa,ホオダレホウカンチョウ
Crax rubra,オオホウカンチョウ
Creagrus furcatus,アカメカモメ
Creatophora cinerea,トサカムクドリ
Crecopsis egregia,アフリカウズラクイナ
Creurgops dentatus,ネズミフウキンチョウ
Creurgops verticalis,ボウシフウキンチョウ
Crex crex,ウズラクイナ
Crinifer concolor,ムジハイイロエボシドリ
Crinifer leucogaster,シロハラハイイロエボシドリ
Crinifer personatus,クロガオハイイロエボシドリ
Crinifer piscator,ハイイロエボシドリ
Crinifer zonurus,ヒガシハイイロエボシドリ
Criniger barbatus,アゴヒゲヒヨドリ
Criniger calurus,シロヒゲヒヨドリ
Criniger chloronotus,セミドリアゴヒゲヒヨドリ
Criniger ndussumensis,コンゴシロヒゲヒヨドリ
Criniger olivaceus,キイロヒゲヒヨドリ
Crithagra albogularis,ノドジロカナリア
Crithagra ankoberensis,アンコベルカナリア
Crithagra atrogularis,ミナミキゴシカナリア
Crithagra buchanani,ケニアハシブトカナリア
Crithagra burtoni,ハシブトクロカナリア
Crithagra canicapilla,ニシアフリカカナリア
Crithagra capistrata,カオグロカナリア
Crithagra citrinelloides,ムナフヒワ
Crithagra citrinipectus,キムネカナリア
Crithagra concolor,サントメマシコ
Crithagra donaldsoni,ハシブトカナリア
Crithagra dorsostriata,シロハラキイロカナリア
Crithagra flavigula,キノドカナリア
Crithagra flaviventris,キイロカナリア
Crithagra frontalis,ニシムナフヒワ
Crithagra gularis,ホオグロカナリア
Crithagra hyposticta,ヒガシムナフヒワ
Crithagra koliensis,ヌマカナリア
Crithagra leucoptera,ハジロカナリア
Crithagra leucopygia,コシジロカナリア
Crithagra melanochroa,キペンゲレカナリア
Crithagra menachensis,アラビアカナリア
Crithagra mennelli,ミミグロカナリア
Crithagra mozambica,キマユカナリア
Crithagra reichardi,ムナフホオグロカナリア
Crithagra reichenowi,ケニアキゴシカナリア
Crithagra rothschildi,オリーブカナリア
Crithagra rufobrunnea,プリンシペカナリア
Crithagra scotops,モリカナリア
Crithagra striolata,タテフカナリア
Crithagra sulphurata,オオカナリア
Crithagra symonsi,ドラケンスバーグヒワ
Crithagra totta,ケープヒワ
Crithagra tristriata,チャイロカナリア
Crithagra whytii,ミナミキマユカナリア
Crithagra xantholaema,サルバドールカナリア
Crithagra xanthopygia,アビシニアキゴシカナリア
Crossleyia tenebrosa,ススケマダガスカルヒヨドリ
Crossleyia xanthophrys,キマユマダガスカルチメドリ
Crossoptilon auritum,アオミミキジ
Crossoptilon crossoptilon,シロミミキジ
Crossoptilon harmani,チベットシロミミキジ
Crossoptilon mantchuricum,ミミキジ
Crotophaga ani,オオハシカッコウ
Crotophaga major,オニオオハシカッコウ
Crotophaga sulcirostris,ミゾハシカッコウ
Crypsirina cucullata,ラケットオナガ
Crypsirina temia,クロラケットオナガ
Cryptillas victorini,ケープオウギセッカ
Cryptoleucopteryx plumbea,ヒメアオノスリ
Cryptolybia olivacea,ミドリゴシキドリ
Cryptomicroeca flaviventris,カレドニアキバラヒタキ
Cryptopezus nattereri,ムナボシモリジアリドリ
Cryptophaps poecilorrhoa,セレベスバト
Cryptopipo holochlora,ミドリマイコドリ
Cryptospiza jacksoni,ウスグロハゴロモキンパラ
Cryptospiza reichenovii,アカガオハゴロモキンパラ
Cryptospiza salvadorii,ハゴロモキンパラ
Cryptospiza shelleyi,ズアカハゴロモキンパラ
Cryptosylvicola randrianasoloi,マダガスカルミヤマムシクイ
Crypturellus atrocapillus,ズグロシギダチョウ
Crypturellus bartletti,オトメシギダチョウ
Crypturellus berlepschi,ススグロシギダチョウ
Crypturellus boucardi,モリシギダチョウ
Crypturellus brevirostris,アマゾンシギダチョウ
Crypturellus casiquiare,トラフシギダチョウ
Crypturellus cinereus,ムジシギダチョウ
Crypturellus cinnamomeus,ヤブシギダチョウ
Crypturellus duidae,アオアシシギダチョウ
Crypturellus erythropus,アカアシシギダチョウ
Crypturellus kerriae,コシジマシギダチョウ
Crypturellus noctivagus,キアシシギダチョウ
Crypturellus obsoletus,チャイロシギダチョウ
Crypturellus parvirostris,コバシシギダチョウ
Crypturellus ptaritepui,メジロシギダチョウ
Crypturellus soui,コシギダチョウ
Crypturellus strigulosus,ブラジルシギダチョウ
Crypturellus tataupa,ヒメシギダチョウ
Crypturellus transfasciatus,マミジロシギダチョウ
Crypturellus undulatus,シロハラシギダチョウ
Crypturellus variegatus,ムネアカシギダチョウ
Cuculus canorus,カッコウ
Cuculus clamosus,クロカッコウ
Cuculus crassirostris,セレベスジュウイチ
Cuculus gularis,アフリカカッコウ
Cuculus lepidus,スンダツツドリ
Cuculus micropterus,セグロカッコウ
Cuculus optatus,ツツドリ
Cuculus poliocephalus,ホトトギス
Cuculus rochii,マダガスカルホトトギス
Cuculus saturatus,ヒマラヤツツドリ
Cuculus solitarius,チャムネカッコウ
Culicicapa ceylonensis,ハイガシラヒタキ
Culicicapa helianthea,カナリアヒタキ
Culicivora caudacuta,ハリオタイランチョウ
Curaeus curaeus,ミナミムクドリモドキ
Curruca balearica,バレアレスムシクイ
Curruca boehmi,ムナオビカラムシクイ
Curruca buryi,アラビアカラムシクイ
Curruca cantillans,シラヒゲムシクイ
Curruca communis,ノドジロムシクイ
Curruca conspicillata,ミナミノドジロムシクイ
Curruca crassirostris,ヒガシメジロムシクイ
Curruca curruca,コノドジロムシクイ
Curruca deserti,アフリカサバクムシクイ
Curruca deserticola,チャバラムシクイ
Curruca hortensis,メジロムシクイ
Curruca layardi,ムナフカラムシクイ
Curruca leucomelaena,オグロムシクイ
Curruca lugens,チャイロカラムシクイ
Curruca melanocephala,クロガシラムシクイ
Curruca melanothorax,キプロスムシクイ
Curruca mystacea,メネトリームシクイ
Curruca nana,サバクムシクイ
Curruca nisoria,シマムシクイ
Curruca ruppeli,ノドグロムシクイ
Curruca sarda,ネズミオナガムシクイ
Curruca subalpina,アコウザンムシクイ
Curruca subcoerulea,ケープカラムシクイ
Curruca undata,オナガムシクイ
Cursorius coromandelicus,インドスナバシリ
Cursorius cursor,スナバシリ
Cursorius rufus,ミナミスナバシリ
Cursorius somalensis,ソマリアスナバシリ
Cursorius temminckii,アフリカスナバシリ
Cutia legalleni,ベトナムセアカチメドリ
Cutia nipalensis,セアカチメドリ
Cyanerpes caeruleus,ムラサキミツドリ
Cyanerpes cyaneus,ルリミツドリ
Cyanerpes lucidus,アオミツドリ
Cyanerpes nitidus,コバシルリミツドリ
Cyanicterus cyanicterus,セアオフウキンチョウ
Cyanistes caeruleus,アオガラ
Cyanistes cyanus,ルリガラ
Cyanistes teneriffae,テネリフェアオガラ
Cyanochen cyanoptera,アオバコバシガン
Cyanocitta cristata,アオカケス
Cyanocitta stelleri,ステラーカケス
Cyanocompsa parellina,コクロルリノジコ
Cyanocorax affinis,ムナグロルリサンジャク
Cyanocorax beecheii,スミレヌレバカケス
Cyanocorax cayanus,シロハラルリサンジャク
Cyanocorax chrysops,ルリサンジャク
Cyanocorax coeruleus,アオサンジャク
Cyanocorax colliei,コリーカンムリサンジャク
Cyanocorax cristatellus,カンムリルリサンジャク
Cyanocorax cyanomelas,ムラサキサンジャク
Cyanocorax cyanopogon,エリジロルリサンジャク
Cyanocorax dickeyi,フサエボシルリサンジャク
Cyanocorax formosus,カンムリサンジャク
Cyanocorax heilprini,シロエリルリサンジャク
Cyanocorax melanocyaneus,ヤマヌレバカケス
Cyanocorax morio,チャイロカケス
Cyanocorax mystacalis,オジロルリサンジャク
Cyanocorax sanblasianus,ヌレバカケス
Cyanocorax violaceus,カオグロルリサンジャク
Cyanocorax yncas,インカサンジャク
Cyanocorax yucatanicus,ユカタンヌレバカケス
Cyanoderma chrysaeum,キガシラモリチメドリ
Cyanoderma erythropterum,アオメモリチメドリ
Cyanoderma melanothorax,ミカヅキモリチメドリ
Cyanoderma pyrrhops,クロアゴモリチメドリ
Cyanoderma ruficeps,ズアカチメドリ
Cyanoderma rufifrons,ノドフズアカチメドリ
Cyanograucalus azureus,ルリオオサンショウクイ
Cyanolanius madagascarinus,ルリイロマダガスカルモズ
Cyanoliseus patagonus,イワインコ
Cyanoloxia brissonii,コシアカクロルリノジコ
Cyanoloxia cyanoides,クロルリノジコ
Cyanoloxia glaucocaerulea,ソライロノジコ
Cyanoloxia rothschildii,アマゾンノジコ
Cyanolyca argentigula,ギンノドアオカケス
Cyanolyca armillata,クロエリアオカケス
Cyanolyca cucullata,ボウシアオカケス
Cyanolyca mirabilis,ノドジロアオカケス
Cyanolyca nanus,ヒメアオカケス
Cyanolyca pulchra,シロガシラアオカケス
Cyanolyca pumilo,ノドグロアオカケス
Cyanolyca turcosa,ジュズカケアオカケス
Cyanolyca viridicyanus,カオグロアオカケス
Cyanomitra alinae,ルリガシラタイヨウチョウ
Cyanomitra bannermani,ミナミアオガシラタイヨウチョウ
Cyanomitra cyanolaema,ルリノドタイヨウチョウ
Cyanomitra olivacea,オリーブタイヨウチョウ
Cyanomitra oritis,ニシルリガシラタイヨウチョウ
Cyanomitra veroxii,ネズミタイヨウチョウ
Cyanomitra verticalis,アオガシラタイヨウチョウ
Cyanopica cooki,イベリアオナガ
Cyanopica cyanus,オナガ
Cyanopsitta spixii,アオコンゴウインコ
Cyanoptila cumatilis,カラオオルリ
Cyanoptila cyanomelana,オオルリ
Cyanoramphus auriceps,キガシラアオハシインコ
Cyanoramphus cookii,ノーフォークインコ
Cyanoramphus forbesi,チャタムアオハシインコ
Cyanoramphus hochstetteri,ライシェックアオハシインコ
Cyanoramphus malherbi,マレルブアオハシインコ
Cyanoramphus novaezelandiae,アオハシインコ
Cyanoramphus saisseti,ニューカレドニアハシインコ
Cyanoramphus ulietanus,ウリエテアオハシインコ
Cyanoramphus unicolor,ムジアオハシインコ
Cyanoramphus zealandicus,タヒチアオハシインコ
Cyclarhis gujanensis,アカマユカラシモズ
Cyclarhis nigrirostris,ハシグロカラシモズ
Cyclopsitta desmarestii,クサビオヒメインコ
Cyclopsitta diophthalma,イチジクインコ
Cyclopsitta edwardsii,アカノドミミカザリインコ
Cyclopsitta salvadorii,ミミカザリインコ
Cygnus atratus,コクチョウ
Cygnus buccinator,ナキハクチョウ
Cygnus columbianus,コハクチョウ
Cygnus cygnus,オオハクチョウ
Cygnus melancoryphus,クロエリハクチョウ
Cygnus olor,コブハクチョウ
Cymbilaimus lineatus,サザナミアリモズ
Cymbilaimus sanctaemariae,タケヤブサザナミアリモズ
Cymbirhynchus macrorhynchos,クロアカヒロハシ
Cynanthus auriceps,キボウシヒメエメラルドハチドリ
Cynanthus canivetii,エンビヒメエメラルドハチドリ
Cynanthus doubledayi,ミナミアカハシハチドリ
Cynanthus forficatus,コスメルヒメエメラルドハチドリ
Cynanthus latirostris,アカハシハチドリ
Cyornis banyumas,ジャワヒメアオヒタキ
Cyornis brunneatus,ムナオビミツリンヒタキ
Cyornis caerulatus,クロアゴヒメアオヒタキ
Cyornis colonus,スラミツリンヒタキ
Cyornis glaucicomans,チュウゴクヒメアオヒタキ
Cyornis hainanus,ハイナンヒメアオヒタキ
Cyornis herioti,ルソンヒメアオヒタキ
Cyornis lemprieri,ラムゼイヒメアオヒタキ
Cyornis magnirostris,オオヒメアオヒタキ
Cyornis montanus,ダヤクヒメアオヒタキ
Cyornis nicobaricus,ニコバルミツリンヒタキ
Cyornis olivaceus,オリーブミツリンヒタキ
Cyornis omissus,スラウェシヒメアオヒタキ
Cyornis pallidipes,シロハラヒメアオヒタキ
Cyornis pelingensis,バンガイミツリンヒタキ
Cyornis poliogenys,メスガタヒメアオヒタキ
Cyornis rubeculoides,ムネアカヒメアオヒタキ
Cyornis ruckii,ミミグロヒメアオヒタキ
Cyornis ruficauda,アカオミツリンヒタキ
Cyornis rufigastra,マングローブヒメアオヒタキ
Cyornis sumatrensis,インドシナヒメアオヒタキ
Cyornis superbus,ボルネオヒメアオヒタキ
Cyornis tickelliae,ノドアカヒメアオヒタキ
Cyornis turcosus,マレーシアヒメアオヒタキ
Cyornis umbratilis,ノドジロミツリンヒタキ
Cyornis unicolor,ウスヒメアオヒタキ
Cyornis whitei,ミヤマヒメアオヒタキ
Cyphorhinus arada,ウタミソサザイ
Cyphorhinus phaeocephalus,キタウタミソサザイ
Cyphorhinus thoracicus,クリムネウタミソサザイ
Cypseloides cherriei,シロボシムジアマツバメ
Cypseloides cryptus,シロアゴムジアマツバメ
Cypseloides fumigatus,ムジアマツバメ
Cypseloides lemosi,ムナジロムジアマツバメ
Cypseloides niger,クロムジアマツバメ
Cypseloides rothschildi,オオアマツバメ
Cypseloides senex,オオムジアマツバメ
Cypseloides storeri,シロビタイアマツバメ
Cypsiurus balasiensis,アジアヤシアマツバメ
Cypsiurus gracilis,マダガスカルスアマツバメ
Cypsiurus parvus,ヤシアマツバメ
Cypsnagra hirundinacea,コシジロフウキンチョウ
Cyrtonyx montezumae,シロマダラウズラ
Cyrtonyx ocellatus,タマフウズラ
Dacelo gaudichaud,チャバラワライカワセミ
Dacelo leachii,アオバネワライカワセミ
Dacelo novaeguineae,ワライカワセミ
Dacelo rex,ハシブトカワセミ
Dacelo tyro,アルーワライカワセミ
Dacnis albiventris,シロハラヒワミツドリ
Dacnis berlepschi,ムネアカヒワミツドリ
Dacnis cayana,ヒワミツドリ
Dacnis egregia,キバネヒワミツドリ
Dacnis flaviventer,キバラヒワミツドリ
Dacnis hartlaubi,ハシブトヒワミツドリ
Dacnis lineata,カオグロヒワミツドリ
Dacnis nigripes,アシグロヒワミツドリ
Dacnis venusta,モモアカヒワミツドリ
Dacnis viguieri,セグロヒワミツドリ
Dactylortyx thoracicus,ユビナガウズラ
Daphoenositta chrysoptera,オーストラリアゴジュウカラ
Daphoenositta miranda,アカガオゴジュウカラ
Daphoenositta papuensis,パプアゴジュウカラ
Daption capense,マダラフルマカモメ
Daptrius albogularis,シロハラカラカラ
Daptrius ater,キノドカラカラ
Daptrius australis,フォークランドカラカラ
Daptrius carunculatus,マダラコシジロカラカラ
Daptrius chimachima,キバラカラカラ
Daptrius chimango,チマンゴカラカラ
Daptrius megalopterus,アンデスカラカラ
Dasycrotapha plateni,コビトモリチメドリ
Dasycrotapha pygmaea,ビサヤモリチメドリ
Dasycrotapha speciosa,キミミモリチメドリ
Dasylophus cumingi,ウロコバンケンモドキ
Dasylophus superciliosus,カンムリバンケンモドキ
Dasyornis brachypterus,ヒゲムシクイ
Dasyornis broadbenti,ズアカヒゲムシクイ
Dasyornis longirostris,ハシナガヒゲムシクイ
Deconychura longicauda,オナガオニキバシリ
Delacourella capistrata,ホオジロオリーブキンパラ
Deleornis axillaris,ハイガシラコバシタイヨウチョウ
Deleornis fraseri,アカフサコバシタイヨウチョウ
Delichon dasypus,イワツバメ
Delichon lagopodum,ニシイワツバメ
Delichon nipalense,ノドグロイワツバメ
Dendragapus fuliginosus,ススイロライチョウ
Dendragapus obscurus,アオライチョウ
Dendrexetastes rufigula,カギハシオニキバシリ
Dendrocincla anabatina,キマユコオニキバシリ
Dendrocincla fuliginosa,コオニキバシリ
Dendrocincla homochroa,アカコオニキバシリ
Dendrocincla merula,シロアゴコオニキバシリ
Dendrocincla turdina,ミナミコオニキバシリ
Dendrocincla tyrannina,ミヤマコオニキバシリ
Dendrocitta bayleii,アンダマンオナガ
Dendrocitta cinerascens,ボルネオシラガオナガ
Dendrocitta formosae,タイワンオナガ
Dendrocitta frontalis,カオグロオナガ
Dendrocitta leucogastra,シロハラオナガ
Dendrocitta occipitalis,シラガオナガ
Dendrocitta vagabunda,チャイロオナガ
Dendrocolaptes certhia,ヨコジマオニキバシリ
Dendrocolaptes hoffmannsi,ハシグロオニキバシリ
Dendrocolaptes picumnus,オニキバシリ
Dendrocolaptes platyrostris,コバシオニキバシリ
Dendrocolaptes sanctithomae,キタヨコジマオニキバシリ
Dendrocopos analis,ムナホシアカゲラ
Dendrocopos assimilis,カタジロアカゲラ
Dendrocopos atratus,ムナフアカゲラ
Dendrocopos darjellensis,キバラアカゲラ
Dendrocopos himalayensis,ヒマラヤアカゲラ
Dendrocopos hyperythrus,チャバラアカゲラ
Dendrocopos leucopterus,ハジロアカゲラ
Dendrocopos leucotos,オオアカゲラ
Dendrocopos macei,コモンアカゲラ
Dendrocopos major,アカゲラ
Dendrocopos noguchii,ノグチゲラ
Dendrocopos syriacus,カオジロアカゲラ
Dendrocoptes auriceps,キボウシアカゲラ
Dendrocoptes dorae,アラビアアカゲラ
Dendrocoptes medius,ヒメアカゲラ
Dendrocygna arborea,ハシグロリュウキュウガモ
Dendrocygna arcuata,オオリュウキュウガモ
Dendrocygna autumnalis,アカハシリュウキュウガモ
Dendrocygna bicolor,アカリュウキュウガモ
Dendrocygna eytoni,カザリリュウキュウガモ
Dendrocygna guttata,シラボシリュウキュウガモ
Dendrocygna javanica,リュウキュウガモ
Dendrocygna viduata,シロガオリュウキュウガモ
Dendroma erythroptera,クリバネマユカマドドリ
Dendroma rufa,キビタイマユカマドドリ
Dendronanthus indicus,イワミセキレイ
Dendropicos abyssinicus,キタアフリカコゲラ
Dendropicos elachus,ニシアフリカコゲラ
Dendropicos elliotii,ズグロゲラ
Dendropicos fuscescens,アフリカコゲラ
Dendropicos gabonensis,ゴマフゲラ
Dendropicos goertae,ハイイロゲラ
Dendropicos griseocephalus,ハイガシラゲラ
Dendropicos lugubris,ユウウツコゲラ
Dendropicos obsoletus,ハイビタイゲラ
Dendropicos poecilolaemus,ウガンダアフリカコゲラ
Dendropicos spodocephalus,リキュウガシラゲラ
Dendropicos stierlingi,エリグロゲラ
Dendroplex kienerii,チャバネオニキバシリ
Dendroplex picus,ケンハシオニキバシリ
Dendrortyx barbatus,ヒゲウズラ
Dendrortyx leucophrys,シロマユオナガウズラ
Dendrortyx macroura,オナガウズラ
Deroptyus accipitrinus,ヒオウギインコ
Dessonornis anomalus,ムジツグミヒタキ
Dessonornis archeri,アカチャツグミヒタキ
Dessonornis caffer,ツグミヒタキ
Dessonornis humeralis,ノドジロツグミヒタキ
Devioeca papuana,パプアオリーブヒタキ
Diaphorapteryx hawkinsi,ワレカウリクイナ
Dicaeum aeneum,ソロモンハナドリ
Dicaeum annae,アンナハナドリ
Dicaeum anthonyi,キボウシハナドリ
Dicaeum aureolimbatum,セレベスハナドリ
Dicaeum australe,ゴシキハナドリ
Dicaeum bicolor,ニショクハナドリ
Dicaeum celebicum,ノドアカハナドリ
Dicaeum concolor,アオハナドリ
Dicaeum cruentatum,セアカハナドリ
Dicaeum dayakorum,メガネハナドリ
Dicaeum erythrorhynchos,アカハシハナドリ
Dicaeum erythrothorax,ノドジロハナドリ
Dicaeum eximium,ビスマルクハナドリ
Dicaeum geelvinkianum,パプアハナドリ
Dicaeum haematostictum,ネグロスハナドリ
Dicaeum hirundinaceum,ヤドリギハナドリ
Dicaeum hypoleucum,シロハラハナドリ
Dicaeum igniferum,スジグロハナドリ
Dicaeum ignipectus,ハナドリ
Dicaeum maugei,スンダハナドリ
Dicaeum minullum,ムジハナドリ
Dicaeum monticolum,ボルネオノドアカハナドリ
Dicaeum nehrkorni,ズアカハナドリ
Dicaeum nigrilore,ハシナガハナドリ
Dicaeum nitidum,ルイジアードハナドリ
Dicaeum pectorale,ムネアカハナドリ
Dicaeum pygmaeum,パラワンハナドリ
Dicaeum quadricolor,ヨイロハナドリ
Dicaeum retrocinctum,ミンドロハナドリ
Dicaeum sanguinolentum,キノドヤドリギハナドリ
Dicaeum schistaceiceps,ハルマヘラハナドリ
Dicaeum trigonostigma,オレンジハナドリ
Dicaeum tristrami,サンクリストバルハナドリ
Dicaeum trochileum,ショウジョウハナドリ
Dicaeum virescens,アンダマンハナドリ
Dicaeum vulneratum,ハイビタイハナドリ
Dichrozona cincta,ハシナガアリドリ
Dicrurus adsimilis,クロオウチュウ
Dicrurus aeneus,ヒメオウチュウ
Dicrurus aldabranus,アルダブラオウチュウ
Dicrurus andamanensis,アンダマンオウチュウ
Dicrurus annectens,ハシブトオウチュウ
Dicrurus atripennis,テリハオウチュウ
Dicrurus balicassius,ヤハズカンムリオウチュウ
Dicrurus bracteatus,テリオウチュウ
Dicrurus caerulescens,シロハラオウチュウ
Dicrurus densus,ウォーレスオウチュウ
Dicrurus forficatus,マダガスカルオウチュウ
Dicrurus fuscipennis,コモロオウチュウ
Dicrurus hottentottus,カンムリオウチュウ
Dicrurus leucophaeus,ハイイロオウチュウ
Dicrurus lophorinus,スリランカオウチュウ
Dicrurus ludwigii,カクビオウチュウ
Dicrurus macrocercus,オウチュウ
Dicrurus megarhynchus,フキナガシオウチュウ
Dicrurus menagei,タブラスオウチュウ
Dicrurus modestus,ビロードオウチュウ
Dicrurus montanus,セレベスオウチュウ
Dicrurus paradiseus,カザリオウチュウ
Dicrurus remifer,ヒメカザリオウチュウ
Dicrurus sumatranus,スマトラオウチュウ
Dicrurus waldenii,マヨットオウチュウ
Didunculus strigirostris,オオハシバト
Diglossa albilatera,ワキジロハナサシミツドリ
Diglossa baritula,ハナサシミツドリ
Diglossa brunneiventris,ノドグロハナサシミツドリ
Diglossa caerulescens,アオハナサシミツドリ
Diglossa carbonaria,ハイバラハナサシミツドリ
Diglossa cyanea,カオグロハナサシミツドリ
Diglossa duidae,ウロコハナサシミツドリ
Diglossa glauca,ムラサキハナサシミツドリ
Diglossa gloriosa,メリダハナサシミツドリ
Diglossa gloriosissima,チャバラハナサシミツドリ
Diglossa humeralis,クロハナサシミツドリ
Diglossa indigotica,アイイロハナサシミツドリ
Diglossa lafresnayii,アオカタハナサシミツドリ
Diglossa major,オオハナサシミツドリ
Diglossa mystacalis,シラヒゲハナサシミツドリ
Diglossa plumbea,ウスズミハナサシミツドリ
Diglossa sittoides,ムネアカハナサシミツドリ
Diglossa venezuelensis,ミヤマハナサシミツドリ
Dinemellia dinemelli,シロガシラウシハタオリ
Dinopium benghalense,ヒメコガネゲラ
Dinopium everetti,ノドホシミユビゲラ
Dinopium javanense,ズアカミユビゲラ
Dinopium shorii,ヒマラヤズアカミユビゲラ
Diomedea amsterdamensis,アムステルダムアホウドリ
Diomedea antipodensis,アンティポデスアホウドリ
Diomedea dabbenena,ゴウワタリアホウドリ
Diomedea epomophora,ミナミシロアホウドリ
Diomedea exulans,ワタリアホウドリ
Diomedea sanfordi,キタシロアホウドリ
Diopsittaca nobilis,コミドリコンゴウインコ
Diphyllodes magnificus,キンミノフウチョウ
Diphyllodes respublica,アカミノフウチョウ
Discosura conversii,ミドリトゲオハチドリ
Discosura langsdorffi,クロハラトゲオハチドリ
Discosura letitiae,ドウイロトゲオハチドリ
Discosura longicaudus,ヒメラケットハチドリ
Discosura popelairii,カンムリトゲオハチドリ
Diuca diuca,ジュウカチョウ
Dives dives,ウタムクドリモドキ
Dives warczewiczi,ヤブクロムクドリモドキ
Dolichonyx oryzivorus,ボボリンク
Doliornis remseni,クリハラカザリドリ
Doliornis sclateri,チャバラカザリドリ
Donacobius atricapilla,ミズベマネシツグミ
Donacospiza albifrons,ミズベシトド
Doricha eliza,オビロエンビハチドリ
Doricha enicura,トガリエンビハチドリ
Doryfera johannae,スミレビタイヤリハチドリ
Doryfera ludovicae,ミドリビタイヤリハチドリ
Drepanis coccinea,ベニハワイミツスイ
Drepanis funerea,クロハワイミツスイ
Drepanis pacifica,キゴシクロハワイミツスイ
Drepanorhynchus reichenowi,キンバネオナガタイヨウチョウ
Drepanornis albertisi,クロカマハシフウチョウ
Drepanornis bruijnii,シロカマハシフウチョウ
Dreptes thomensis,クロオニタイヨウチョウ
Driophlox atrimaxillaris,ホオグロエンジフウキンチョウ
Driophlox cristata,カンムリアリフウキンチョウ
Driophlox fuscicauda,ノドアカアリフウキンチョウ
Driophlox gutturalis,ヒボウシアリフウキンチョウ
Dromaius novaehollandiae,エミュー
Dromas ardeola,カニチドリ
Dromococcyx pavoninus,ヒメキジミチバシリ
Dromococcyx phasianellus,キジミチバシリ
Drymocichla incana,アカバネハイイロムシクイ
Drymodes beccarii,パプアメグロヤブコマ
Drymodes brunneopygia,ミナミメグロヤブコマ
Drymodes superciliaris,キタメグロヤブコマ
Drymophila caudata,オナガアリドリ
Drymophila devillei,シマオナガアリドリ
Drymophila ferruginea,アカハラオナガアリドリ
Drymophila genei,アカオオナガアリドリ
Drymophila hellmayri,サンタマルタアリドリ
Drymophila klagesi,クラーゲスアリドリ
Drymophila malura,オグロオナガアリドリ
Drymophila ochropyga,キゴシオナガアリドリ
Drymophila rubricollis,バートニーオナガアリドリ
Drymophila squamata,ウロコオナガアリドリ
Drymophila striaticeps,シマガシラアリドリ
Drymornis bridgesii,ハシナガオニキバシリ
Drymotoxeres pucheranii,オオユミハシオニキバシリ
Dryobates cathpharius,ヒムネアカゲラ
Dryobates minor,コアカゲラ
Dryobates nuttallii,シロハラシマアカゲラ
Dryobates pubescens,セジロコゲラ
Dryobates scalaris,シマアカゲラ
Dryocopus hodgei,アンダマンキタタキ
Dryocopus javensis,キタタキ
Dryocopus lineatus,シマクマゲラ
Dryocopus martius,クマゲラ
Dryocopus pileatus,エボシクマゲラ
Dryocopus schulzii,ヒメクマゲラ
Dryolimnas augusti,レユニオンクイナ
Dryolimnas cuvieri,ノドジロクイナ
Dryoscopus angolensis,アカアシフクレヤブモズ
Dryoscopus cubla,セグロフクレヤブモズ
Dryoscopus gambensis,フクレヤブモズ
Dryoscopus pringlii,コセグロフクレヤブモズ
Dryoscopus sabini,オグロフクレヤブモズ
Dryoscopus senegalensis,アカメフクレヤブモズ
Dubusia castaneoventris,クリハラフウキンチョウ
Dubusia taeniata,ギンマユフウキンチョウ
Ducula aenea,ミカドバト
Ducula aurorae,タヒチコブバト
Ducula badia,ヤマミカドバト
Ducula bakeri,ニューヘブリデスミカドバト
Ducula basilica,モルッカミカドバト
Ducula bicolor,ソデグロバト
Ducula brenchleyi,ソロモンミカドバト
Ducula carola,ウロコミカドバト
Ducula chalconota,ムネアカミカドバト
Ducula cineracea,チモールミカドバト
Ducula concinna,キンメミカドバト
Ducula finschii,アカハラミカドバト
Ducula forsteni,シロハラオビオバト
Ducula galeata,マルケサスコブバト
Ducula goliath,オオミカドバト
Ducula lacernulata,セグロミカドバト
Ducula latrans,フィジーミカドバト
Ducula luctuosa,セレベスソデグロバト
Ducula melanochroa,クロミカドバト
Ducula mindorensis,ミンドロオビオバト
Ducula mullerii,クロエリミカドバト
Ducula myristicivora,クロコブバト
Ducula neglecta,セラムミカドバト
Ducula nicobarica,ニコバルミカドバト
Ducula oceanica,コブバト
Ducula pacifica,ミナミコブバト
Ducula perspicillata,メジロミカドバト
Ducula pickeringii,ハイイロミカドバト
Ducula pinon,アカメミカドバト
Ducula pistrinaria,メラネシアミカドバト
Ducula poliocephala,アカハラオビオバト
Ducula radiata,ハイガシラオビオバト
Ducula rosacea,ズアカミカドバト
Ducula rubricera,アカコブバト
Ducula rufigaster,スミレオミカドバト
Ducula spilorrhoa,パプアソデグロバト
Ducula subflavescens,キイロソデグロバト
Ducula whartoni,クリスマスミカドバト
Ducula zoeae,バラムネミカドバト
Dulus dominicus,ヤシドリ
Dumetella carolinensis,ネコマネドリ
Dumetia atriceps,ズグロインドチメドリ
Dumetia hyperythra,インドチメドリ
Dyaphorophyia castanea,メスアカメガネヒタキ
Dyaphorophyia hormophora,ニシアフリカメガネヒタキ
Dyaphorophyia tonsa,コシミノメガネヒタキ
Dysithamnus leucostictus,シロスジアリモズモドキ
Dysithamnus mentalis,ハイイロアリモズモドキ
Dysithamnus occidentalis,ニショクアリモズ
Dysithamnus plumbeus,ナマリイロアリモズモドキ
Dysithamnus puncticeps,シロボシアリモズモドキ
Dysithamnus stictothorax,アリモズモドキ
Dysithamnus striaticeps,シマアリモズモドキ
Dysithamnus xanthopterus,コシアカアリモズモドキ
Dysmorodrepanis munroi,ラナイマシコ
Eclectus roratus,オオハナインコ
Ectopistes migratorius,リョコウバト
Edolisoma admiralitatis,マヌスオオサンショウクイ
Edolisoma anale,カレドニアオオサンショウクイ
Edolisoma ceramense,ウスズミオオサンショウクイ
Edolisoma coerulescens,フィリピンオオサンショウクイ
Edolisoma dispar,カイサンショウクイ
Edolisoma dohertyi,スンバオオサンショウクイ
Edolisoma holopolium,ソロモンオオサンショウクイ
Edolisoma incertum,カタグロオオサンショウクイ
Edolisoma melas,クロオオサンショウクイ
Edolisoma mindanense,クロムネオオサンショウクイ
Edolisoma monacha,パラウセミサンショウクイ
Edolisoma montanum,クロハラオオサンショウクイ
Edolisoma morio,ネズミオオサンショウクイ
Edolisoma ostentum,ハジロオオサンショウクイ
Edolisoma remotum,ハイガシラセミサンショウクイ
Edolisoma salomonis,ソロモンセミサンショウクイ
Edolisoma schisticeps,ホオグロオオサンショウクイ
Edolisoma sula,スラサンショウクイ
Edolisoma tenuirostre,セミサンショウクイ
Egretta ardesiaca,クロコサギ
Egretta caerulea,ヒメアカクロサギ
Egretta eulophotes,カラシラサギ
Egretta garzetta,コサギ
Egretta gularis,アフリカクロサギ
Egretta novaehollandiae,カオジロサギ
Egretta picata,ムナジロクロサギ
Egretta rufescens,アカクロサギ
Egretta sacra,クロサギ
Egretta thula,ユキコサギ
Egretta tricolor,サンショクサギ
Egretta vinaceigula,ノドアカクロサギ
Elachura formosa,シロボシサザイチメドリ
Elaenia albiceps,シラギクタイランチョウ
Elaenia brachyptera,ナリーニョギクタイランチョウ
Elaenia chiriquensis,コシラギクタイランチョウ
Elaenia cristata,エボシキクタイランチョウ
Elaenia dayi,オニギクタイランチョウ
Elaenia fallax,アンチルシラギクタイランチョウ
Elaenia flavogaster,キバラシラギクタイランチョウ
Elaenia frantzii,ミヤマキクタイランチョウ
Elaenia gigas,マダラシラギクタイランチョウ
Elaenia martinica,カリブシラギクタイランチョウ
Elaenia mesoleuca,オリーブシラギクタイランチョウ
Elaenia obscura,タカネキクタイランチョウ
Elaenia pallatangae,キイロシラギクタイランチョウ
Elaenia parvirostris,メジロシラギクタイランチョウ
Elaenia pelzelni,チャイロシラギクタイランチョウ
Elaenia ridleyana,ノロンハシラギクタイランチョウ
Elaenia ruficeps,アカギクタイランチョウ
Elaenia spectabilis,オオシラギクタイランチョウ
Elaenia strepera,ネズミシラギクタイランチョウ
Elanoides forficatus,ツバメトビ
Elanus axillaris,オーストラリアカタグロトビ
Elanus caeruleus,カタグロトビ
Elanus leucurus,オジロトビ
Elanus scriptus,クロオビトビ
Elaphrornis palliseri,セイロンオウギセッカ
Electron carinatum,ミドリヒロハシハチクイモドキ
Electron platyrhynchum,ヒロハシハチクイモドキ
Eleoscytalopus indigoticus,ムナジロオタテドリ
Eleoscytalopus psychopompus,ワキチャオタテドリ
Eleothreptus anomalus,カマバネヨタカ
Eleothreptus candicans,ハジロヨタカ
Elliotomyia chionogaster,ユキハラエメラルドハチドリ
Elliotomyia viridicauda,アオシロエメラルドハチドリ
Elminia albicauda,オジロソライロヒタキ
Elminia albiventris,シロハラカンムリヒタキ
Elminia albonotata,オジロカンムリヒタキ
Elminia longicauda,ソライロヒタキ
Elminia nigromitrata,クロカンムリヒタキ
Emarginata schlegelii,オグロイワビタキ
Emarginata sinuata,イワビタキ
Emarginata tractrac,ダマリイワビタキ
Emberiza affinis,コシアカホオジロ
Emberiza aureola,シマアオジ
Emberiza bruniceps,チャキンチョウ
Emberiza buchanani,イワバホオジロ
Emberiza cabanisi,キンムネホオグロ
Emberiza caesia,ノドアカホオジロ
Emberiza calandra,ハタホオジロ
Emberiza capensis,ケープホオジロ
Emberiza chrysophrys,キマユホオジロ
Emberiza cia,ヒゲホオジロ
Emberiza cineracea,キノドアオジ
Emberiza cioides,ホオジロ
Emberiza cirlus,ノドグロアオジ
Emberiza citrinella,キアオジ
Emberiza elegans,ミヤマホオジロ
Emberiza flaviventris,キンムネホオジロ
Emberiza fucata,ホオアカ
Emberiza godlewskii,ミヤマヒゲホオジロ
Emberiza goslingi,ゴスリングホオジロ
Emberiza hortulana,ズアオホオジロ
Emberiza impetuani,ヒバリホオジロ
Emberiza jankowskii,コマホオジロ
Emberiza koslowi,クビワホオジロ
Emberiza lathami,レンジャクノジコ
Emberiza leucocephalos,シラガホオジロ
Emberiza melanocephala,ズグロチャキンチョウ
Emberiza pallasi,シベリアジュリン
Emberiza personata,アオジ
Emberiza poliopleura,ソマリアキンムネホオジロ
Emberiza pusilla,コホオアカ
Emberiza rustica,カシラダカ
Emberiza rutila,シマノジコ
Emberiza sahari,イエホオジロ
Emberiza schoeniclus,オオジュリン
Emberiza siemsseni,ウスグロホオジロ
Emberiza socotrana,ソコトラホオジロ
Emberiza spodocephala,シベリアアオジ
Emberiza stewarti,ハイガシラホオジロ
Emberiza striolata,シマホオジロ
Emberiza sulphurata,ノジコ
Emberiza tahapisi,ナナスジホオジロ
Emberiza tristrami,シロハラホオジロ
Emberiza variabilis,クロジ
Emberiza yessoensis,コジュリン
Emberizoides duidae,ドゥイダクサビオノジコ
Emberizoides herbicola,クサビオノジコ
Emberizoides ypiranganus,ヒメクサビオノジコ
Embernagra longicauda,キノドソウゲンノジコ
Embernagra platensis,ソウゲンノジコ
Emblema modesta,サクラスズメ
Emblema pictum,コマチスズメ
Emblema ruficauda,コモンチョウ
Eminia lepida,ハイガシラムシクイ
Empidonax affinis,マツメジロハエトリ
Empidonax albigularis,シロノドメジロハエトリ
Empidonax alnorum,キタメジロハエトリ
Empidonax atriceps,ズグロメジロハエトリ
Empidonax difficilis,キノドメジロハエトリ
Empidonax flavescens,キメジロハエトリ
Empidonax flaviventris,キバラメジロハエトリ
Empidonax fulvifrons,ウスチャメジロハエトリ
Empidonax hammondii,ハモンドメジロハエトリ
Empidonax minimus,チビメジロハエトリ
Empidonax oberholseri,ネズミメジロハエトリ
Empidonax traillii,メジロハエトリ
Empidonax virescens,ミドリメジロハエトリ
Empidonax wrightii,ハイイロメジロハエトリ
Empidonomus varius,キカムリタイランチョウ
Empidornis semipartitus,ギンビタキ
Enicognathus ferrugineus,コイミドリインコ
Enicognathus leptorhynchus,ハシナガインコ
Enicurus immaculatus,セグロエンビシキチョウ
Enicurus leschenaulti,エンビシキチョウ
Enicurus maculatus,セボシエンビシキチョウ
Enicurus ruficapillus,アカエリエンビシキチョウ
Enicurus schistaceus,セアオエンビシキチョウ
Enicurus scouleri,シロクロヒタキ
Enicurus velatus,ヒメエンビシキチョウ
Enodes erythrophris,アカマユムクドリ
Ensifera ensifera,ヤリハシハチドリ
Entomodestes coracinus,クロヒトリツグミ
Entomodestes leucotis,ミミジロクロヒトリツグミ
Entomyzon cyanotis,アオツラミツスイ
Eolophus roseicapilla,モモイロインコ
Eophona migratoria,コイカル
Eophona personata,イカル
Eopsaltria australis,ヒガシキバラヒタキ
Eopsaltria capito,キアシヒタキ
Eopsaltria georgiana,シロハラヒタキ
Eopsaltria griseogularis,ニシキバラヒタキ
Eopsaltria leucops,カオジロキアシヒタキ
Eopsaltria placens,パプアキイロヒタキ
Eos bornea,ヒインコ
Eos cyanogenia,クラカケヒインコ
Eos histrio,ヤクシャインコ
Eos reticulata,アオスジヒインコ
Eos semilarvata,ホオアオインコ
Eos squamata,コムラサキインコ
Ephippiorhynchus asiaticus,セイタカコウ
Ephippiorhynchus senegalensis,クラハシコウ
Epimachus fastosus,オナガカマハシフウチョウ
Epimachus meyeri,チャイロカマハシフウチョウ
Epinecrophylla amazonica,マデイラヒメアリサザイ
Epinecrophylla erythrura,アカオヒメアリサザイ
Epinecrophylla fulviventris,ホシノドヒメアリサザイ
Epinecrophylla gutturalis,チャバラヒメアリサザイ
Epinecrophylla haematonota,セアカヒメアリサザイ
Epinecrophylla leucophthalma,メジロヒメアリサザイ
Epinecrophylla ornata,ノドグロヒメアリサザイ
Epinecrophylla spodionota,サンロクヒメアリサザイ
Epthianura albifrons,カオジロオーストラリアヒタキ
Epthianura aurifrons,オレンジオーストラリアヒタキ
Epthianura crocea,キイロオーストラリアヒタキ
Epthianura tricolor,ベニオーストラリアヒタキ
Eremalauda dunni,ウロコスナヒバリ
Eremalauda eremodites,アラビアヒバリ
Eremomela atricollis,クビワヒメムシクイ
Eremomela badiceps,チャボウシヒメムシクイ
Eremomela canescens,キムネヒメムシクイ
Eremomela flavicrissalis,コキバラヒメムシクイ
Eremomela gregalis,キゴシヒメムシクイ
Eremomela icteropygialis,キバラヒメムシクイ
Eremomela pusilla,セミドリヒメムシクイ
Eremomela scotops,ミドリボウシヒメムシクイ
Eremomela turneri,クリビタイヒメムシクイ
Eremomela usticollis,アカオビヒメムシクイ
Eremophila alpestris,ハマヒバリ
Eremophila bilopha,ウスイロハマヒバリ
Eremopterix australis,クロミミスズメヒバリ
Eremopterix griseus,ハイガシラスズメヒバリ
Eremopterix hova,マダガスカルヤブヒバリ
Eremopterix leucopareia,スズメヒバリ
Eremopterix leucotis,ホオジロスズメヒバリ
Eremopterix nigriceps,ズグロスズメヒバリ
Eremopterix signatus,ゴシキスズメヒバリ
Eremopterix verticalis,シロエリスズメヒバリ
Eriocnemis aline,ミドリワタアシハチドリ
Eriocnemis cupreoventris,ドウバラワタアシハチドリ
Eriocnemis derbyi,クロモモワタアシハチドリ
Eriocnemis glaucopoides,ズアオワタアシハチドリ
Eriocnemis godini,アオノドワタアシハチドリ
Eriocnemis isabellae,エリマキアシハチドリ
Eriocnemis luciani,アオハラワタアシハチドリ
Eriocnemis mirabilis,ニシキワタアシハチドリ
Eriocnemis mosquera,キンムネワタアシハチドリ
Eriocnemis nigrivestis,ムナグロワタアシハチドリ
Eriocnemis vestita,ヒカリワタアシハチドリ
Erithacus rubecula,ヨーロッパコマドリ
Erpornis zantholeuca,アオチメドリ
Erythrocercus holochlorus,キイロヒメヒタキ
Erythrocercus livingstonei,アカオヒメヒタキ
Erythrocercus mccallii,クリガシラヒメヒタキ
Erythrogenys erythrocnemis,ムナフマルハシ
Erythrogenys erythrogenys,ホオアカマルハシ
Erythrogenys gravivox,クロスジマルハシ
Erythrogenys hypoleucos,オオマルハシ
Erythrogenys mcclellandi,ムナホシマルハシ
Erythrogenys swinhoei,ハイワキマルハシ
Erythrogonys cinctus,ワキアカチドリ
Erythromachus leguati,ロドリゲスクイナ
Erythropitta arquata,アオオビヤイロチョウ
Erythropitta celebensis,スラウェシヤイロチョウ
Erythropitta dohertyi,スラヤイロチョウ
Erythropitta erythrogaster,アカハラヤイロチョウ
Erythropitta granatina,ムラサキヤイロチョウ
Erythropitta kochi,ルソンヤイロチョウ
Erythropitta macklotii,パプアヤイロチョウ
Erythropitta meeki,ルイジアードヤイロチョウ
Erythropitta novaehibernicae,ニューアイルランドヤイロチョウ
Erythropitta rubrinucha,ブルヤイロチョウ
Erythropitta rufiventris,モルッカヤイロチョウ
Erythropitta ussheri,クロアカヤイロチョウ
Erythropitta venusta,スマトラヤイロチョウ
Erythrotriorchis buergersi,カタアカオオタカ
Erythrotriorchis radiatus,アカオオタカ
Erythrura coloria,ホオアカセイコウチョウ
Erythrura cyaneovirens,セイキヒノマルチョウ
Erythrura hyperythra,チャバラセイコウチョウ
Erythrura kleinschmidti,キバシセイコウチョウ
Erythrura papuana,パプアセイコウチョウ
Erythrura pealii,フィジーヒノマルチョウ
Erythrura prasina,セイコウチョウ
Erythrura psittacea,ヒノマルチョウ
Erythrura regia,ロイヤルヒノマルチョウ
Erythrura trichroa,ナンヨウセイコウチョウ
Erythrura tricolor,チモールセイコウチョウ
Erythrura viridifacies,ルソンセイコウチョウ
Esacus magnirostris,ハシブトオオイシチドリ
Esacus recurvirostris,ソリハシオオイシチドリ
Estrilda astrild,オナガカエデチョウ
Estrilda atricapilla,ズグロカエデチョウ
Estrilda kandti,ミヤマズグロカエデチョウ
Estrilda melpoda,ホオアカカエデチョウ
Estrilda nigriloris,クロスジカエデチョウ
Estrilda nonnula,クロガミカエデチョウ
Estrilda paludicola,チャムネカエデチョウ
Estrilda poliopareia,アナンブラカエデチョウ
Estrilda rhodopyga,アカバネカエデチョウ
Estrilda rufibarba,アラビアカエデチョウ
Estrilda troglodytes,カエデチョウ
Eubucco bourcierii,ズアカゴシキドリ
Eubucco richardsoni,キノドゴシキドリ
Eubucco tucinkae,アカズキンゴシキドリ
Eubucco versicolor,イロマジリゴシキドリ
Euchrepomis callinota,コシアカアリサザイ
Euchrepomis humeralis,クリカタアリサザイ
Euchrepomis sharpei,キゴシアリサザイ
Euchrepomis spodioptila,ハイバネアリサザイ
Eucometis penicillata,カンムリフウキンチョウ
Eudocimus albus,シロトキ
Eudocimus ruber,ショウジョウトキ
Eudromia elegans,カンムリシギダチョウ
Eudromia formosa,ミコシギダチョウ
Eudromias morinellus,コバシチドリ
Eudynamys melanorhynchus,スラウェシオニカッコウ
Eudynamys orientalis,オーストラリアオニカッコウ
Eudynamys scolopaceus,オニカッコウ
Eudyptes chrysocome,イワトビペンギン
Eudyptes chrysolophus,マカロニペンギン
Eudyptes moseleyi,キタイワトビペンギン
Eudyptes pachyrhynchus,キマユペンギン
Eudyptes robustus,ハシブトペンギン
Eudyptes schlegeli,ロイヤルペンギン
Eudyptes sclateri,マユダチペンギン
Eudyptula minor,コビトペンギン
Eugenes fulgens,アオノドハチドリ
Eugenes spectabilis,タラマンカハチドリ
Eugerygone rubra,セアカヒタキ
Eugralla paradoxa,ワキアカオタテドリ
Eulacestoma nigropectus,ホオダレモズガラ
Eulampis holosericeus,ウチワハチドリ
Eulampis jugularis,オウギハチドリ
Eulidia yarrellii,カワリオハチドリ
Eulipoa wallacei,モルッカツカツクリ
Eumomota superciliosa,アオマユハチクイモドキ
Eumyias additus,ブルミツリンヒタキ
Eumyias albicaudatus,インドアイイロヒタキ
Eumyias hoevelli,セレベスヒメアオヒタキ
Eumyias hyacinthinus,チモールヒメヒタキ
Eumyias indigo,アイイロヒタキ
Eumyias oscillans,フロレスミツリンヒタキ
Eumyias panayensis,アオムネヒタキ
Eumyias sanfordi,サンフォードヒメアオヒタキ
Eumyias sordidus,セイロンヒタキ
Eumyias thalassinus,ロクショウヒタキ
Euneornis campestris,ノドアカミツドリ
Eunymphicus cornutus,ヘイワインコ
Eunymphicus uvaeensis,ウベアインコ
Euodice cantans,アフリカギンバシ
Euodice malabarica,ギンバシ
Eupetes macrocerus,クイナチメドリ
Eupetomena cirrochloris,ウスグロハチドリ
Eupetomena macroura,ツバメハチドリ
Euphagus carolinus,クロムクドリモドキ
Euphagus cyanocephalus,テリムクドリモドキ
Eupherusa cyanophrys,クロビタイオジロハチドリ
Eupherusa eximia,クロスジオジロハチドリ
Eupherusa nigriventris,クロハラオジロハチドリ
Eupherusa poliocerca,オジロハチドリ
Eupherusa ridgwayi,メキシコモリハチドリ
Euphonia affinis,ヤブスミレフウキンチョウ
Euphonia anneae,チャボウシスミレフウキンチョウ
Euphonia cayennensis,モンキスミレフウキンチョウ
Euphonia chalybea,ミドリスミレフウキンチョウ
Euphonia chlorotica,オジロスミレフウキンチョウ
Euphonia chrysopasta,シロアゴフウキンチョウ
Euphonia concinna,クロビタイスミレフウキンチョウ
Euphonia finschi,ロライマスミレフウキンチョウ
Euphonia fulvicrissa,シリアカスミレフウキンチョウ
Euphonia gouldi,キビタイフウキンチョウ
Euphonia hirundinacea,キノドスミレフウキンチョウ
Euphonia imitans,ホシスミレフウキンチョウ
Euphonia jamaica,ジャマイカスミレフウキンチョウ
Euphonia laniirostris,ハシブトスミレフウキンチョウ
Euphonia luteicapilla,キボウシスミレフウキンチョウ
Euphonia mesochrysa,ブロンズフウキンチョウ
Euphonia minuta,シロハラスミレフウキンチョウ
Euphonia pectoralis,クリハラスミレフウキンチョウ
Euphonia plumbea,ハイイロスミレフウキンチョウ
Euphonia rufiventris,アカハラスミレフウキンチョウ
Euphonia saturata,キカムリスミレフウキンチョウ
Euphonia trinitatis,トリニダードスミレフウキンチョウ
Euphonia violacea,スミレフウキンチョウ
Euphonia xanthogaster,キバラスミレフウキンチョウ
Euplectes afer,オウゴンチョウ
Euplectes albonotatus,ハジロホウオウ
Euplectes ardens,アカエリホウオウ
Euplectes aureus,ズグロオウゴンチョウ
Euplectes axillaris,アカガタホウオウ
Euplectes capensis,キゴシオウゴンチョウ
Euplectes diadematus,ベニヒタイオウゴンチョウ
Euplectes franciscanus,キタキンランチョウ
Euplectes gierowii,クロキンランチョウ
Euplectes hartlaubi,オナガキガタホウオウ
Euplectes hordeaceus,ベニビタイキンランチョウ
Euplectes jacksoni,オドリホウオウ
Euplectes macroura,キガタホウオウ
Euplectes nigroventris,ムナグロキンランチョウ
Euplectes orix,オオキンランチョウ
Euplectes progne,コクホウオウ
Euplectes psammacromius,ミヤマキガタホウオウ
Eupodotis caerulescens,アオショウノガン
Eupodotis senegalensis,セネガルショウノガン
Eupsittula aurea,テツバシメキシコインコ
Eupsittula cactorum,サボテンインコ
Eupsittula canicularis,メキシコインコ
Eupsittula nana,ジャマイカインコ
Eupsittula pertinax,チャノドインコ
Euptilotis neoxenus,ミミキヌバネドリ
Euptilotus eutilotus,チャイロヒヨドリ
Eurillas ansorgei,チャイロアオヒヨ
Eurillas curvirostris,ウスグロヒヨ
Eurillas gracilis,ヒメハイヒヨ
Eurillas latirostris,キスジアオヒヨ
Eurillas virens,ヒメアオヒヨドリ
Eurocephalus anguitimens,シロズキンヤブモズ
Eurocephalus ruppelli,キタシロズキンヤブモズ
Eurostopodus archboldi,ミヤマヒゲナシヨタカ
Eurostopodus argus,ヒゲナシヨタカ
Eurostopodus diabolicus,セレベスヒゲナシヨタカ
Eurostopodus exul,ニューカレドニアヨタカ
Eurostopodus mystacalis,オオヒゲナシヨタカ
Eurostopodus nigripennis,ソロモンヨタカ
Eurostopodus papuensis,パプアヒゲナシヨタカ
Euryceros prevostii,ヘルメットモズ
Eurylaimus javanicus,アズキヒロハシ
Eurylaimus ochromalus,クビワヒロハシ
Euryptila subcinnamomea,ニッケイムシクイ
Eurypyga helias,ジャノメドリ
Eurystomus azureus,モルッカブッポウソウ
Eurystomus glaucurus,アフリカブッポウソウ
Eurystomus gularis,アオノドアフリカブッポウソウ
Eurystomus orientalis,ブッポウソウ
Euscarthmus meloryphus,チャボウシコビトハエトリ
Euscarthmus rufomarginatus,ワキアカコビトハエトリ
Euschistospiza cinereovinacea,コモンハイイロアラレチョウ
Euschistospiza dybowskii,ハイイロアラレチョウ
Eutoxeres aquila,カマハシハチドリ
Eutoxeres condamini,アカオカマハシハチドリ
Eutrichomyias rowleyi,バンガイヒタキ
Eutriorchis astur,マダガスカルヘビワシ
Falcipennis falcipennis,カマバネライチョウ
Falco alopex,キツネチョウゲンボウ
Falco amurensis,アカアシチョウゲンボウ
Falco araeus,セーシェルチョウゲンボウ
Falco ardosiaceus,ハイイロチョウゲンボウ
Falco berigora,チャイロハヤブサ
Falco biarmicus,ラナーハヤブサ
Falco cenchroides,オーストラリアチョウゲンボウ
Falco cherrug,ワキスジハヤブサ
Falco chicquera,アカガシラチョウゲンボウ
Falco columbarius,コチョウゲンボウ
Falco concolor,ウスズミハヤブサ
Falco cuvierii,アフリカチゴハヤブサ
Falco deiroleucus,アカハラハヤブサ
Falco dickinsoni,ハイガシラチョウゲンボウ
Falco duboisi,レユニオンチョウゲンボウ
Falco eleonorae,エレオノラハヤブサ
Falco fasciinucha,タイタハヤブサ
Falco femoralis,オナガハヤブサ
Falco hypoleucos,ハイイロハヤブサ
Falco jugger,ラガーハヤブサ
Falco longipennis,オーストラリアチゴハヤブサ
Falco mexicanus,ソウゲンハヤブサ
Falco moluccensis,モルッカチョウゲンボウ
Falco naumanni,ヒメチョウゲンボウ
Falco newtoni,マダガスカルチョウゲンボウ
Falco novaeseelandiae,ニュージーランドハヤブサ
Falco peregrinus,ハヤブサ
Falco punctatus,モーリシャスチョウゲンボウ
Falco rufigularis,コウモリハヤブサ
Falco rupicoloides,メジロチョウゲンボウ
Falco rupicolus,ミナミアフリカチョウゲンボウ
Falco rusticolus,シロハヤブサ
Falco severus,ミナミチゴハヤブサ
Falco sparverius,アメリカチョウゲンボウ
Falco subbuteo,チゴハヤブサ
Falco subniger,クロハヤブサ
Falco tinnunculus,チョウゲンボウ
Falco vespertinus,ニシアカアシチョウゲンボウ
Falco zoniventris,ヨコジマチョウゲンボウ
Falculea palliata,ハシナガオオハシモズ
Falcunculus frontatus,ハシブトモズヒタキ
Falcunculus leucogaster,ニシハシブトモズヒタキ
Falcunculus whitei,キタハシブトモズヒタキ
Ferminia cerverai,セジマミソサザイ
Ficedula albicilla,オジロビタキ
Ficedula albicollis,シロエリヒタキ
Ficedula basilanica,ネズミヒタキ
Ficedula bonthaina,セレベスヤマヒタキ
Ficedula buruensis,モルッカヒタキ
Ficedula crypta,チャイロヒタキ
Ficedula disposita,ミヤマチャイロヒタキ
Ficedula dumetoria,ハジロビタキ
Ficedula elisae,キムネビタキ
Ficedula erithacus,セアオビタキ
Ficedula harterti,スンバヒタキ
Ficedula henrici,ダマールヒタキ
Ficedula hodgsoni,コビトアオヒタキ
Ficedula hyperythra,ムネアカヒタキ
Ficedula hypoleuca,マダラヒタキ
Ficedula luzoniensis,ルソンヤマビタキ
Ficedula mugimaki,ムギマキ
Ficedula narcissina,キビタキ
Ficedula nigrorufa,クロアカヒタキ
Ficedula owstoni,リュウキュウキビタキ
Ficedula parva,ニシオジロビタキ
Ficedula platenae,パラワンヒタキ
Ficedula riedeli,タニバルヒタキ
Ficedula ruficauda,アカオサメビタキ
Ficedula rufigula,セレベスヒタキ
Ficedula sapphira,サファイアヒタキ
Ficedula semitorquata,ハンエリヒタキ
Ficedula speculigera,アトラスマダラヒタキ
Ficedula strophiata,ノドグロヒタキ
Ficedula subrubra,カシミールオジロビタキ
Ficedula superciliaris,マユヒタキ
Ficedula timorensis,チモールヒタキ
Ficedula tricolor,カオグロヒタキ
Ficedula westermanni,ハジロマユヒタキ
Ficedula zanthopygia,マミジロキビタキ
Florisuga fusca,クロハチドリ
Florisuga mellivora,シロエリハチドリ
Fluvicola albiventer,セグロコマダラタイランチョウ
Fluvicola nengeta,マダラタイランチョウ
Fluvicola pica,コマダラタイランチョウ
Formicarius analis,カオグロアリツグミ
Formicarius colma,ズアカアリツグミ
Formicarius moniliger,マヤアリツグミ
Formicarius nigricapillus,ズグロアリツグミ
Formicarius rufifrons,アカビタイアリツグミ
Formicarius rufipectus,ムネアカアリツグミ
Formicivora acutirostris,ハシナガアリサザイ
Formicivora erythronotos,ズキンヒメアリサザイ
Formicivora grantsaui,シンコラアリサザイ
Formicivora grisea,ワキジロアリサザイ
Formicivora iheringi,ハシボソアリサザイ
Formicivora melanogaster,マミジロアリサザイ
Formicivora rufa,ムナグロアリサザイ
Formicivora serrana,ブラジルアリサザイ
Forpus coelestis,マメルリハシインコ
Forpus conspicillatus,アオメルリハシインコ
Forpus cyanopygius,メキシコルリハシインコ
Forpus modestus,アオハシルリハシインコ
Forpus passerinus,テリルリハシインコ
Forpus xanthops,キガシラマメルリハシインコ
Forpus xanthopterygius,ハシブトルリハシインコ
Foudia aldabrana,アルダブラベニノジコ
Foudia eminentissima,シロハラベニノジコ
Foudia flavicans,ロドリゲスベニノジコ
Foudia madagascariensis,ベニノジコ
Foudia omissa,マダガスカルベニノジコ
Foudia rubra,モーリシャスベニノジコ
Foudia sechellarum,セーシェルベニノジコ
Foulehaio carunculatus,ニクダレミツスイ
Foulehaio procerior,ニシニクダレミツスイ
Foulehaio taviunensis,キタニクダレミツスイ
Francolinus francolinus,ムナグロシャコ
Francolinus pictus,シロタマシャコ
Francolinus pintadeanus,コモンシャコ
Fraseria caerulescens,ウスハイイロヒタキ
Fraseria cinerascens,マミジロモリヒタキ
Fraseria griseigularis,オグロハイイロヒタキ
Fraseria lendu,コンゴサメビタキ
Fraseria ocreata,モリヒタキ
Fraseria olivascens,オリーブサメビタキ
Fraseria plumbea,オジロハイイロヒタキ
Fraseria tessmanni,オオススイロヒタキ
Fratercula arctica,ニシツノメドリ
Fratercula cirrhata,エトピリカ
Fratercula corniculata,ツノメドリ
Frederickena fulva,キイロカンムリアリモズ
Frederickena unduliger,マダラカンムリアリモズ
Frederickena viridis,カンムリアリモズ
Fregata andrewsi,シロハラグンカンドリ
Fregata aquila,メスグログンカンドリ
Fregata ariel,コグンカンドリ
Fregata magnificens,アメリカグンカンドリ
Fregata minor,オオグンカンドリ
Fregetta grallaria,シロハラウミツバメ
Fregetta maoriana,ニュージーランドウミツバメ
Fregetta tropica,クロハラウミツバメ
Fregilupus varius,カンムリムクドリ
Fringilla coelebs,ズアオアトリ
Fringilla montifringilla,アトリ
Fringilla polatzeki,グランカナリーアオアトリ
Fringilla teydea,テネリフェアオアトリ
Fulica alai,ハワイオオバン
Fulica americana,アメリカオオバン
Fulica ardesiaca,アンデスオオバン
Fulica armillata,ナンベイオオバン
Fulica atra,オオバン
Fulica cornuta,ツノオオバン
Fulica cristata,アフリカオオバン
Fulica gigantea,オニオオバン
Fulica leucoptera,ハジロオオバン
Fulica newtonii,マスカリンオオバン
Fulica rufifrons,アカビタイオオバン
Fulmarus glacialis,フルマカモメ
Fulmarus glacialoides,ギンフルマカモメ
Fulvetta cinereiceps,アリサンチメドリ
Fulvetta danisi,ノドジマチメドリ
Fulvetta formosana,タイワンチメドリ
Fulvetta ludlowi,チャノドチメドリ
Fulvetta manipurensis,シマノドチメドリ
Fulvetta ruficapilla,チャミミチメドリ
Fulvetta striaticollis,カンスーチメドリ
Fulvetta vinipectus,ノドジロチメドリ
Furnarius cristatus,カンムリカマドドリ
Furnarius figulus,オビバネカマドドリ
Furnarius leucopus,アカアシカマドドリ
Furnarius minor,コカマドドリ
Furnarius rufus,セアカカマドドリ
Furnarius torridus,ハシジロカマドドリ
Gactornis enarratus,キエリヨタカ
Galbalcyrhynchus leucotis,ミミジロキリハシ
Galbalcyrhynchus purusianus,クリイロキリハシ
Galbula albirostris,キバシキリハシ
Galbula chalcothorax,ムラサキキリハシ
Galbula cyanescens,アオボウシキリハシ
Galbula cyanicollis,ホオアカキリハシ
Galbula dea,オナガキリハシ
Galbula galbula,ミドリオキリハシ
Galbula leucogastra,ブロンズキリハシ
Galbula pastazae,セミドリキリハシ
Galbula ruficauda,アカオキリハシ
Galbula tombacea,シロアゴキリハシ
Galerida cristata,カンムリヒバリ
Galerida deva,デカンカンムリヒバリ
Galerida magnirostris,ハシブトカンムリヒバリ
Galerida malabarica,マラバルカンムリヒバリ
Galerida modesta,コカンムリヒバリ
Galerida theklae,コバシカンムリヒバリ
Gallicolumba crinigera,ミンダナオヒムネバト
Gallicolumba keayi,ネグロスヒムネバト
Gallicolumba luzonica,ヒムネバト
Gallicolumba menagei,タウィタウィヒムネバト
Gallicolumba platenae,ミンドロヒムネバト
Gallicolumba rufigula,キンムネバト
Gallicolumba tristigmata,セレベスウズラバト
Gallicrex cinerea,ツルクイナ
Gallinago andina,プナタシギ
Gallinago delicata,アメリカタシギ
Gallinago gallinago,タシギ
Gallinago hardwickii,オオジシギ
Gallinago imperialis,セジマタシギ
Gallinago jamesoni,アンデスタシギ
Gallinago macrodactyla,マダガスカルジシギ
Gallinago magellanica,マゼランタシギ
Gallinago media,ヨーロッパジシギ
Gallinago megala,チュウジシギ
Gallinago nemoricola,モリジシギ
Gallinago nigripennis,アフリカジシギ
Gallinago nobilis,ハシナガシギ
Gallinago paraguaiae,パラグアイタシギ
Gallinago solitaria,アオシギ
Gallinago stenura,ハリオシギ
Gallinago stricklandii,ハシブトタシギ
Gallinago undulata,オニタシギ
Gallinula chloropus,バン
Gallinula comeri,ゴーフバン
Gallinula galeata,アメリカバン
Gallinula nesiotis,トリスタンバン
Gallinula pacifica,サモアオグロバン
Gallinula silvestris,サンクリストバルオグロバン
Gallinula tenebrosa,ネッタイバン
Gallirallus australis,ニュージーランドクイナ
Gallirallus calayanensis,カラヤンクイナ
Gallirallus castaneoventris,マングローブクイナ
Gallirallus dieffenbachii,チャタムオビクイナ
Gallirallus insignis,ニューブリテンクイナ
Gallirallus lafresnayanus,ニューカレドニアクイナ
Gallirallus modestus,チャタムクイナ
Gallirallus okinawae,ヤンバルクイナ
Gallirallus owstoni,グアムクイナ
Gallirallus pacificus,タヒチクイナ
Gallirallus philippensis,ナンヨウクイナ
Gallirallus poecilopterus,フィジークイナ
Gallirallus rovianae,ソロモンクイナ
Gallirallus sylvestris,ロードハウクイナ
Gallirallus torquatus,ムナオビクイナ
Gallirallus wakensis,ウェーククイナ
Gallirallus wallacii,ハルマヘラクイナ
Gallirallus woodfordi,ウッドフォードクイナ
Gallirex johnstoni,アカエリエボシドリ
Gallirex porphyreolophus,ズグロエボシドリ
Galloperdix bicalcarata,セイロンケズメシャコ
Galloperdix lunulata,クロアシケズメシャコ
Galloperdix spadicea,アカケズメシャコ
Gallus gallus,セキショクヤケイ
Gallus lafayettii,セイロンヤケイ
Gallus sonneratii,ハイイロヤケイ
Gallus varius,アオエリヤケイ
Gampsonyx swainsonii,シンジュトビ
Gampsorhynchus rufulus,シロガシラモズチメドリ
Gampsorhynchus torquatus,エリモズチメドリ
Garritornis isidorei,パプアマルハシ
Garrodia nereis,ヒメアシナガウミツバメ
Garrulax annamensis,ベトナムガビチョウ
Garrulax bicolor,スマトラガビチョウ
Garrulax canorus,ガビチョウ
Garrulax castanotis,ホオアカガビチョウ
Garrulax ferrarius,カンボジアガビチョウ
Garrulax leucolophus,ハクオウチョウ
Garrulax maesi,ハイイロガビチョウ
Garrulax merulinus,ムナボシガビチョウ
Garrulax milleti,クロズキンガビチョウ
Garrulax monileger,ヒメクビワガビチョウ
Garrulax palliatus,チャバネガビチョウ
Garrulax rufifrons,チャビタイガビチョウ
Garrulax strepitans,シロエリガビチョウ
Garrulax taewanus,タイワンガビチョウ
Garrulus glandarius,カケス
Garrulus lanceolatus,インドカケス
Garrulus lidthi,ルリカケス
Gavia adamsii,ハシジロアビ
Gavia arctica,オオハム
Gavia immer,ハシグロアビ
Gavia pacifica,シロエリオオハム
Gavia stellata,アビ
Gavicalis fasciogularis,サザナミミツスイ
Gavicalis versicolor,タテフミツスイ
Gavicalis virescens,ウタイミツスイ
Gecinulus grantia,タケゲラ
Gecinulus rafflesii,マレーズアカミユビゲラ
Gecinulus viridis,アオタケゲラ
Gelochelidon nilotica,ハシブトアジサシ
Geobiastes squamiger,ウロコジブッポウソウ
Geocerthia serrana,シマカマハシカマドドリ
Geococcyx californianus,オオミチバシリ
Geococcyx velox,コミチバシリ
Geocolaptes olivaceus,イワキツツキ
Geoffroyus geoffroyi,アカガオインコ
Geoffroyus heteroclitus,キガシラインコ
Geoffroyus simplex,ミドリガシラインコ
Geokichla camaronensis,ミミグロジツグミ
Geokichla cinerea,クロボシジツグミ
Geokichla citrina,オレンジジツグミ
Geokichla crossleyi,アカフタオビツグミ
Geokichla dohertyi,セアカジツグミ
Geokichla dumasi,ブルジツグミ
Geokichla erythronota,ムナグロジツグミ
Geokichla gurneyi,アフリカジツグミ
Geokichla guttata,ゴマフジツグミ
Geokichla interpres,クリガシラジツグミ
Geokichla joiceyi,セラムツグミ
Geokichla leucolaema,エンガノジツグミ
Geokichla mendeni,ペレングジツグミ
Geokichla oberlaenderi,コンゴジツグミ
Geokichla peronii,チモールジツグミ
Geokichla piaggiae,アビシニアジツグミ
Geokichla princei,フタオビツグミ
Geokichla schistacea,ホオジロジツグミ
Geokichla sibirica,マミジロ
Geokichla spiloptera,セイロンジツグミ
Geokichla wardii,シロクロジツグミ
Geopelia cuneata,ウスユキバト
Geopelia humeralis,ベニカノコバト
Geopelia maugeus,スンダチョウショウバト
Geopelia placida,オーストラリアチョウショウバト
Geopelia striata,チョウショウバト
Geophaps plumifera,ショウキバト
Geophaps scripta,ライチョウバト
Geophaps smithii,アカメシャコバト
Geositta antarctica,コバシジカマドドリ
Geositta crassirostris,ハシブトジカマドドリ
Geositta cunicularia,ジカマドドリ
Geositta isabellina,コシジロジカマドドリ
Geositta maritima,ハイイロジカマドドリ
Geositta peruviana,ウミベジカマドドリ
Geositta poeciloptera,ヒメジカマドドリ
Geositta punensis,コウゲンジカマドドリ
Geositta rufipennis,アカバネジカマドドリ
Geositta saxicolina,チャバネジカマドドリ
Geositta tenuirostris,ハシボソジカマドドリ
Geospiza acutirostris,ハシナガガラパゴスフィンチ
Geospiza conirostris,オオサボテンフィンチ
Geospiza difficilis,ハシボソガラパゴスフィンチ
Geospiza fortis,ガラパゴスフィンチ
Geospiza fuliginosa,コガラパゴスフィンチ
Geospiza magnirostris,オオガラパゴスフィンチ
Geospiza propinqua,ゲノベササボテンフィンチ
Geospiza scandens,サボテンフィンチ
Geospiza septentrionalis,キュウケツコガラパゴスフィンチ
Geospizopsis plebejus,ハイムネヤマシトド
Geospizopsis unicolor,ネズミヤマシトド
Geothlypis aequinoctialis,メンガタアメリカムシクイ
Geothlypis auricularis,クロビタイアメリカムシクイ
Geothlypis beldingi,キオビカオグロムシクイ
Geothlypis chiriquensis,パナマカオグロムシクイ
Geothlypis flavovelata,キズキンカオグロムシクイ
Geothlypis formosa,メガネアメリカムシクイ
Geothlypis nelsoni,ズキンカオグロムシクイ
Geothlypis philadelphia,ノドグロアメリカムシクイ
Geothlypis poliocephala,ハシブトアメリカムシクイ
Geothlypis rostrata,バハマカオグロムシクイ
Geothlypis semiflava,オリーブズキンカオグロムシクイ
Geothlypis speciosa,クロガシラオグロムシクイ
Geothlypis tolmiei,ニシノドグロアメリカムシクイ
Geothlypis trichas,カオグロアメリカムシクイ
Geothlypis velata,ミナミカオグロアメリカムシクイ
Geotrygon caniceps,ハイビタイウズラバト
Geotrygon chrysia,テリハウズラバト
Geotrygon leucometopia,シロビタイウズラバト
Geotrygon montana,ヤマウズラバト
Geotrygon mystacea,オオテリハウズラバト
Geotrygon purpurata,ムラサキウズラバト
Geotrygon saphirina,クロヒゲウズラバト
Geotrygon versicolor,カンムリウズラバト
Geotrygon violacea,シロハラウズラバト
Geranoaetus albicaudatus,オジロノスリ
Geranoaetus melanoleucus,ワシノスリ
Geranoaetus polyosoma,セアカノスリ
Geranospiza caerulescens,セイタカノスリ
Geronticus calvus,ハゲトキ
Geronticus eremita,ホオアカトキ
Gerygone albofrontata,チャタムセンニョムシクイ
Gerygone chloronota,ミドリセンニョムシクイ
Gerygone chrysogaster,キバラセンニョムシクイ
Gerygone dorsalis,ワキアカセンニョムシクイ
Gerygone flavolateralis,カレドニアセンニョムシクイ
Gerygone fusca,オジロセンニョムシクイ
Gerygone hypoxantha,ビアクセンニョムシクイ
Gerygone igata,ニュージーランドセンニョムシクイ
Gerygone inornata,チモールセンニョムシクイ
Gerygone insularis,ロードハウセンニョムシクイ
Gerygone levigaster,マングローブセンニョムシクイ
Gerygone magnirostris,ハシブトセンニョムシクイ
Gerygone modesta,ノーフォークセンニョムシクイ
Gerygone mouki,チャイロセンニョムシクイ
Gerygone olivacea,ノドジロセンニョムシクイ
Gerygone palpebrosa,ノドグロセンニョムシクイ
Gerygone ruficollis,タカネセンニョムシクイ
Gerygone sulphurea,マレーシアセンニョムシクイ
Gerygone tenebrosa,メジロセンニョムシクイ
Glareola cinerea,ハイイロツバメチドリ
Glareola isabella,アシナガツバメチドリ
Glareola lactea,ヒメツバメチドリ
Glareola maldivarum,ツバメチドリ
Glareola nordmanni,ハグロツバメチドリ
Glareola nuchalis,エリジロツバメチドリ
Glareola ocularis,チャバラツバメチドリ
Glareola pratincola,ニシツバメチドリ
Glaucestrilda caerulescens,アサギリチョウ
Glaucestrilda perreini,オグロアサギリチョウ
Glaucestrilda thomensis,サントメアサギリチョウ
Glaucidium albertinum,コンゴスズメフクロウ
Glaucidium bolivianum,ユンガススズメフクロウ
Glaucidium brasilianum,アカスズメフクロウ
Glaucidium californicum,ロッキースズメフクロウ
Glaucidium capense,ヨコジマスズメフクロウ
Glaucidium castanopterum,ジャワスズメフクロウ
Glaucidium castanotum,クリセスズメフクロウ
Glaucidium cobanense,グアテマラスズメフクロウ
Glaucidium costaricanum,コスタリカスズメフクロウ
Glaucidium cuculoides,オオスズメフクロウ
Glaucidium gnoma,メキシコスズメフクロウ
Glaucidium griseiceps,チュウベイスズメフクロウ
Glaucidium hardyi,アマゾンスズメフクロウ
Glaucidium hoskinsii,バハスズメフクロウ
Glaucidium jardinii,アンデススズメフクロウ
Glaucidium minutissimum,コスズメフクロウ
Glaucidium mooreorum,ペルナンブコスズメフクロウ
Glaucidium nana,ミナミスズメフクロウ
Glaucidium nubicola,コロンビアスズメフクロウ
Glaucidium palmarum,コリマスズメフクロウ
Glaucidium parkeri,アネッタイスズメフクロウ
Glaucidium passerinum,スズメフクロウ
Glaucidium perlatum,アフリカスズメフクロウ
Glaucidium peruanum,ペルースズメフクロウ
Glaucidium radiatum,モリスズメフクロウ
Glaucidium sanchezi,タマウリパススズメフクロウ
Glaucidium siju,キューバスズメフクロウ
Glaucidium sjostedti,セアカスズメフクロウ
Glaucidium tephronotum,ムネアカスズメフクロウ
Glaucis aeneus,ブロンズハチドリ
Glaucis dohrnii,カギハシハチドリ
Glaucis hirsutus,ムネアカハチドリ
Gliciphila melanops,カレハミツスイ
Gliciphila notabilis,ニューヘブリデスミツスイ
Gliciphila undulata,ヨコジマミツスイ
Glossopsitta concinna,ジャコウインコ
Glossoptilus goldiei,スジハラスミレインコ
Glycichaera fallax,メジロミツスイ
Glyphorynchus spirurus,チビオニキバシリ
Gnorimopsar chopi,ミゾハシクロムクドリモドキ
Goldmania bella,ビジョハチドリ
Goldmania violiceps,ムラサキボウシハチドリ
Goodfellowia miranda,アポオオサマムクドリ
Gorsachius goisagi,ミゾゴイ
Gorsachius melanolophus,ズグロミゾゴイ
Goura cristata,カンムリバト
Goura scheepmakeri,ミナミカンムリバト
Goura sclaterii,ムネアカカンムリバト
Goura victoria,オウギバト
Gracula indica,ミナミキュウカンチョウ
Gracula ptilogenys,セイロンキュウカンチョウ
Gracula religiosa,キュウカンチョウ
Gracula robusta,ニアスキュウカンチョウ
Gracupica contra,ホオジロムクドリ
Gracupica nigricollis,クビワムクドリ
Grafisia torquata,ムナジロテリムク
Grallaria albigula,シロハラジアリドリ
Grallaria alleni,ヒゲジアリドリ
Grallaria alvarezi,チャミジアリドリ
Grallaria andicolus,メジロジアリドリ
Grallaria ayacuchensis,アヤクチョジアリドリ
Grallaria bangsi,サンタマルタジアリドリ
Grallaria blakei,クリイロジアリドリ
Grallaria cajamarcae,カハマルカジアリドリ
Grallaria capitalis,チャイロクリセジアリドリ
Grallaria carrikeri,ハシジロジアリドリ
Grallaria centralis,オクサパンパジアリドリ
Grallaria chthonia,ベネズエラジアリドリ
Grallaria cochabambae,ボリビアジアリドリ
Grallaria dignissima,ムネアカジアリドリ
Grallaria eludens,ペルージアリドリ
Grallaria erythroleuca,アカシロジアリドリ
Grallaria erythrotis,アカガオジアリドリ
Grallaria excelsa,オオジアリドリ
Grallaria flavotincta,キムネクリセジアリドリ
Grallaria gigantea,オニジアリドリ
Grallaria gravesi,チャチャポヤスジアリドリ
Grallaria griseonucha,ハイエリジアリドリ
Grallaria guatimalensis,ウロコジアリドリ
Grallaria haplonota,チャイロジアリドリ
Grallaria hypoleuca,シロハラクリセジアリドリ
Grallaria kaestneri,クンディナマルカジアリドリ
Grallaria milleri,チャオビジアリドリ
Grallaria nuchalis,クリエリジアリドリ
Grallaria obscura,フニンジアリドリ
Grallaria occabambae,ウルバンバジアリドリ
Grallaria oneilli,パナオジアリドリ
Grallaria przewalskii,サビイロクリセジアリドリ
Grallaria quitensis,オリーブジアリドリ
Grallaria ridgelyi,ジョコトコジアリドリ
Grallaria ruficapilla,クリガシラジアリドリ
Grallaria rufocinerea,ニショクジアリドリ
Grallaria rufula,ムイスカジアリドリ
Grallaria saltuensis,ペリヤジアリドリ
Grallaria saturata,エクアドルジアリドリ
Grallaria sinaensis,プノジアリドリ
Grallaria spatiator,シエラネバダジアリドリ
Grallaria squamigera,サザナミジアリドリ
Grallaria urraoensis,ウラオジアリドリ
Grallaria varia,ジアリドリ
Grallaria watkinsi,ワトキンスジアリドリ
Grallaricula cucullata,アカズキンヒメジアリドリ
Grallaricula cumanensis,スクレヒメジアリドリ
Grallaricula ferrugineipectus,チャムネヒメジアリドリ
Grallaricula flavirostris,キムネヒメジアリドリ
Grallaricula leymebambae,レイメバンバヒメジアリドリ
Grallaricula lineifrons,ミカヅキヒメジアリドリ
Grallaricula loricata,ウロコヒメジアリドリ
Grallaricula nana,ハイボウシヒメジアリドリ
Grallaricula ochraceifrons,キイロヒメジアリドリ
Grallaricula peruviana,ペルーヒメジアリドリ
Grallina bruijnii,ヤマツチスドリ
Grallina cyanoleuca,ツチスドリ
Graminicola bengalensis,コシアカセッカ
Graminicola striatus,チュウゴクコシアカセッカ
Grammatoptila striata,シロスジガビチョウ
Granatellus pelzelni,バラムネアメリカムシクイ
Granatellus sallaei,コムネアカアメリカムシクイ
Granatellus venustus,ムネアカアメリカムシクイ
Granatina granatina,トキワスズメ
Granatina ianthinogaster,ムラサキトキワスズメ
Grandala coelicolor,ムラサキツグミ
Grantiella picta,ミミジロセグロミツスイ
Graueria vittata,サザナミムシクイ
Graydidascalus brachyurus,ヨツボシミドリインコ
Griseotyrannus aurantioatrocristatus,ハイイロキカムリタイランチョウ
Grus americana,アメリカシロヅル
Grus carunculata,ホオカザリヅル
Grus grus,クロヅル
Grus japonensis,タンチョウ
Grus monacha,ナベヅル
Grus nigricollis,オグロヅル
Grus paradisea,ハゴロモヅル
Grus virgo,アネハヅル
Guadalcanaria inexpectata,ガダルカナルミツスイ
Guaruba guarouba,ニョオウインコ
Gubernatrix cristata,コクカンチョウ
Gubernetes yetapa,フキナガシタイランチョウ
Guira guira,アマゾンカッコウ
Gulosus aristotelis,ヨーロッパヒメウ
Guttera plumifera,コカンムリホロホロチョウ
Guttera pucherani,カンムリホロホロチョウ
Guyramemua affine,チャパダハエトリ
Gygis alba,シロアジサシ
Gygis microrhyncha,コシロアジサシ
Gymnasio nudipes,プエルトリコオオコノハズク
Gymnobucco bonapartei,ハイノドゴシキドリ
Gymnobucco calvus,ハゲガオゴシキドリ
Gymnobucco peli,ハナヒゲゴシキドリ
Gymnobucco sladeni,コンゴハナヒゲゴシキドリ
Gymnocichla nudiceps,ハゲアリドリ
Gymnocrex plumbeiventris,アカメクイナ
Gymnocrex rosenbergii,アオメクイナ
Gymnocrex talaudensis,メジロクイナ
Gymnoderus foetidus,ハゲクビカザリドリ
Gymnogyps californianus,カリフォルニアコンドル
Gymnomystax mexicanus,オオムクドリモドキ
Gymnomyza aubryana,オオミツスイ
Gymnomyza brunneirostris,チャバシオオミツスイ
Gymnomyza samoensis,ハシグロオオミツスイ
Gymnomyza viridis,キバシオオミツスイ
Gymnophaps albertisii,アカメミヤマバト
Gymnophaps mada,オナガミヤマバト
Gymnophaps solomonensis,ソロモンミヤマバト
Gymnophaps stalkeri,セラムミヤマバト
Gymnopithys bicolor,ニショクアリドリ
Gymnopithys leucaspis,ホオジロニショクアリドリ
Gymnopithys rufigula,メガネアリドリ
Gymnorhina tibicen,カササギフエガラス
Gymnorhinus cyanocephalus,マツカケス
Gymnoris dentata,ヤブイワスズメ
Gymnoris pyrgita,アフリカコイワスズメ
Gymnoris superciliaris,マミジロイワスズメ
Gymnoris xanthocollis,コイワスズメ
Gypaetus barbatus,ヒゲワシ
Gypohierax angolensis,ヤシハゲワシ
Gyps africanus,コシジロハゲワシ
Gyps bengalensis,ベンガルハゲワシ
Gyps coprotheres,ケープシロエリハゲワシ
Gyps fulvus,シロエリハゲワシ
Gyps himalayensis,ヒマラヤハゲワシ
Gyps indicus,インドハゲワシ
Gyps rueppelli,マダラハゲワシ
Gyps tenuirostris,ハシボソハゲワシ
Gypsophila brevicaudata,ノドフサザイチメドリ
Gypsophila crassa,ノドジロサザイチメドリ
Gypsophila crispifrons,クロサザイチメドリ
Gypsophila rufipectus,スマトラサザイチメドリ
Habia rubica,ズアカアリフウキンチョウ
Haematoderus militaris,ベニカザリドリ
Haematopus ater,ミナミクロミヤコドリ
Haematopus bachmani,クロミヤコドリ
Haematopus chathamensis,チャタムミヤコドリ
Haematopus finschi,ミナミミヤコドリ
Haematopus fuliginosus,オーストラリアクロミヤコドリ
Haematopus leucopodus,マゼランミヤコドリ
Haematopus longirostris,オーストラリアミヤコドリ
Haematopus meadewaldoi,カナリークロミヤコドリ
Haematopus moquini,アフリカクロミヤコドリ
Haematopus ostralegus,ミヤコドリ
Haematopus palliatus,アメリカミヤコドリ
Haematopus unicolor,ニュージーランドミヤコドリ
Haematortyx sanguiniceps,アカガシラシャコ
Haemorhous cassinii,ズアカマシコ
Haemorhous mexicanus,メキシコマシコ
Haemorhous purpureus,ムラサキマシコ
Hafferia fortis,ススイロアリドリ
Hafferia immaculata,アオメアリドリ
Hafferia zeledoni,ゼレドンアリドリ
Halcyon albiventris,チャガシラショウビン
Halcyon badia,セグロショウビン
Halcyon chelicuti,タテフコショウビン
Halcyon coromanda,アカショウビン
Halcyon cyanoventris,ジャワショウビン
Halcyon gularis,チャムネショウビン
Halcyon leucocephala,ハイガシラショウビン
Halcyon malimbica,アオムネショウビン
Halcyon pileata,ヤマショウビン
Halcyon senegalensis,セネガルショウビン
Halcyon senegaloides,マングローブショウビン
Halcyon smyrnensis,アオショウビン
Haliaeetus albicilla,オジロワシ
Haliaeetus leucocephalus,ハクトウワシ
Haliaeetus leucoryphus,キガシラウミワシ
Haliaeetus pelagicus,オオワシ
Haliastur indus,シロガシラトビ
Haliastur sphenurus,フエフキトビ
Halobaena caerulea,アオミズナギドリ
Hamirostra melanosternon,クロムネトビ
Hapalopsittaca amazonina,アカガタインコ
Hapalopsittaca fuertesi,アイバネインコ
Hapalopsittaca melanotis,クロガタインコ
Hapalopsittaca pyrrhops,ホオアカインコ
Hapaloptila castanea,シロガオアマドリ
Haplophaedia assimilis,キモモアシゲハチドリ
Haplophaedia aureliae,ミドリアシゲハチドリ
Haplophaedia lugens,ハイイロアシゲハチドリ
Haplospiza rustica,ウスズミシトド
Haplospiza unicolor,ミナミウスズミシトド
Harpactes ardens,バラムネキヌバネドリ
Harpactes diardii,バラエリキヌバネドリ
Harpactes duvaucelii,コシアカキヌバネドリ
Harpactes erythrocephalus,ズアカキヌバネドリ
Harpactes fasciatus,インドキヌバネドリ
Harpactes kasumba,アカエリキヌバネドリ
Harpactes oreskios,ヤマキヌバネドリ
Harpactes orrhophaeus,ズグロキヌバネドリ
Harpactes wardi,ビルマキヌバネドリ
Harpactes whiteheadi,ノドグロキヌバネドリ
Harpagus bidentatus,ハバシトビ
Harpagus diodon,モモアカトビ
Harpia harpyja,オウギワシ
Harpyopsis novaeguineae,パプアオウギワシ
Hartertula flavoviridis,ヤハズニセムシクイチメドリ
Hartlaubius auratus,マダガスカルムクドリ
Hedydipna collaris,キバラコバシタイヨウチョウ
Hedydipna metallica,エジプトタイヨウチョウ
Hedydipna pallidigaster,シロハラコバシタイヨウチョウ
Hedydipna platura,ナイルタイヨウチョウ
Heinrichia calligyna,セレベスコバネヒタキ
Heleia crassirostris,ハシブトメジロ
Heleia dohertyi,カンムリメジロ
Heleia goodfellowi,ホオグロメジロ
Heleia javanica,ジャワハイノドメジロ
Heleia muelleri,チモールハシブトメジロ
Heleia pinaiae,チャムネメジロ
Heleia squamiceps,ウロコメジロ
Heleia squamifrons,コビトメジロ
Heleia superciliaris,マユメジロ
Heleia wallacei,ウォーレスメジロ
Heliactin bilophus,ツノホウセキハチドリ
Heliangelus amethysticollis,アメシストテンシハチドリ
Heliangelus exortis,トルマリンテンシハチドリ
Heliangelus mavors,キエリテンシハチドリ
Heliangelus micraster,ヒノドテンシハチドリ
Heliangelus regalis,ロイヤルテンシハチドリ
Heliangelus spencei,シロエリテンシハチドリ
Heliangelus strophianus,ビロードテンシハチドリ
Heliangelus viola,フジノドテンシハチドリ
Helicolestes hamatus,ハシボソトビ
Heliobletus contaminatus,ノドジロヒメカマドドリ
Heliodoxa aurescens,ホウセキハチドリ
Heliodoxa branickii,アカバネテリハチドリ
Heliodoxa gularis,ヒノマルテリハチドリ
Heliodoxa imperatrix,エンビテリハチドリ
Heliodoxa jacula,ミドリボウシテリハチドリ
Heliodoxa leadbeateri,スミレビタイテリハチドリ
Heliodoxa rubinoides,チャムネテリハチドリ
Heliodoxa rubricauda,ルビーハチドリ
Heliodoxa schreibersii,ノドグロテリハチドリ
Heliodoxa xanthogonys,ミドリビタイテリハチドリ
Heliomaster constantii,ムジボウシノドフサハチドリ
Heliomaster furcifer,ノドフサハチドリ
Heliomaster longirostris,ハシナガハチドリ
Heliomaster squamosus,シロスジハチドリ
Heliopais personatus,アジアヒレアシ
Heliornis fulica,アメリカヒレアシ
Heliothryx auritus,ミミグロセンニョハチドリ
Heliothryx barroti,スミレセンニョハチドリ
Hellmayrea gularis,マミジロカマドドリ
Helmitheros vermivorum,フタスジアメリカムシクイ
Helopsaltes amnicola,エゾセンニュウ
Helopsaltes certhiola,シベリアセンニュウ
Helopsaltes fasciolatus,シベリアエゾセンニュウ
Helopsaltes ochotensis,シマセンニュウ
Helopsaltes pleskei,ウチヤマセンニュウ
Helopsaltes pryeri,オオセッカ
Hemicircus canente,クロカンムリコゲラ
Hemicircus concretus,カンムリコゲラ
Hemignathus affinis,マウイカワリハシハワイミツスイ
Hemignathus hanapepe,カウアイカワリハシハワイミツスイ
Hemignathus lucidus,オアフカワリハシハワイミツスイ
Hemignathus wilsoni,カワリハシハワイミツスイ
Hemimacronyx chloris,キテンタヒバリ
Hemiphaga chathamensis,チャタムバト
Hemiphaga novaeseelandiae,ニュージーランドバト
Hemiprocne comata,コシラヒゲカンムリアマツバメ
Hemiprocne coronata,インドカンムリアマツバメ
Hemiprocne longipennis,カンムリアマツバメ
Hemiprocne mystacea,シラヒゲカンムリアマツバメ
Hemipus hirundinaceus,ハグロヒタキサンショウクイ
Hemipus picatus,ヒタキサンショウクイ
Hemitesia neumanni,コビトサザイモドキ
Hemitesia pallidipes,キアシヤブサメ
Hemithraupis flavicollis,キゴシフウキンチョウ
Hemithraupis guira,カオグロキゴシフウキンチョウ
Hemithraupis ruficapilla,ズアカキゴシフウキンチョウ
Hemitriccus cinnamomeipectus,シナモンコビトドリモドキ
Hemitriccus cohnhafti,アクレコビトドリモドキ
Hemitriccus diops,コビトドリモドキ
Hemitriccus flammulatus,シロスジコビトドリモドキ
Hemitriccus furcatus,エンビコビトドリモドキ
Hemitriccus granadensis,ノドグロコビトドリモドキ
Hemitriccus griseipectus,シロハラコビトドリモドキ
Hemitriccus inornatus,ムジコビトドリモドキ
Hemitriccus iohannis,アマゾンコビトドリモドキ
Hemitriccus josephinae,ヒロハシコビトドリモドキ
Hemitriccus kaempferi,ブラジルコビトドリモドキ
Hemitriccus margaritaceiventer,ギンバラコビトドリモドキ
Hemitriccus minimus,クロスジコビトドリモドキ
Hemitriccus minor,ヒメコビトドリモドキ
Hemitriccus mirandae,キムネコビトドリモドキ
Hemitriccus nidipendulus,ツリスコビトドリモドキ
Hemitriccus obsoletus,チャムネコビトドリモドキ
Hemitriccus orbitatus,メガネコビトドリモドキ
Hemitriccus rufigularis,チャノドコビトドリモドキ
Hemitriccus spodiops,ボリビアコビトドリモドキ
Hemitriccus striaticollis,シマノドコビトドリモドキ
Hemitriccus zosterops,メジロコビトドリモドキ
Hemixos castanonotus,クリイロヒヨドリ
Hemixos flavala,キバネヒヨドリ
Henicopernis infuscatus,クロハチクマ
Henicopernis longicauda,オナガハチクマ
Henicophaps albifrons,ハシナガバト
Henicophaps foersteri,ニューブリテンハシナガバト
Henicorhina anachoreta,サンタマルタモリミソサザイ
Henicorhina leucophrys,ハイムネモリミソサザイ
Henicorhina leucoptera,シロスジモリミソサザイ
Henicorhina leucosticta,ムナジロモリミソサザイ
Henicorhina negreti,ムンチケモリミソサザイ
Herpetotheres cachinnans,ワライハヤブサ
Herpsilochmus atricapillus,ズグロマユアリサザイ
Herpsilochmus axillaris,キムネマユアリサザイ
Herpsilochmus dorsimaculatus,セボシマユアリサザイ
Herpsilochmus dugandi,ニシオジロマユアリサザイ
Herpsilochmus gentryi,コダイマユアリサザイ
Herpsilochmus longirostris,ハシナガマユアリサザイ
Herpsilochmus motacilloides,キバラマユアリサザイ
Herpsilochmus parkeri,ノドアカマユアリサザイ
Herpsilochmus pectoralis,ミカヅキマユアリサザイ
Herpsilochmus pileatus,バイアマユアリサザイ
Herpsilochmus praedictus,ヨソクマユアリサザイ
Herpsilochmus roraimae,オナガマユアリサザイ
Herpsilochmus rufimarginatus,アカバネマユアリサザイ
Herpsilochmus stictocephalus,ハイイロマユアリサザイ
Herpsilochmus sticturus,オジロマユアリサザイ
Herpsilochmus stotzi,アリプアナマユアリサザイ
Hesperiphona abeillei,ズグロシメ
Hesperiphona vespertina,キビタイシメ
Hesperoburhinus bistriatus,マミジロイシチドリ
Hesperoburhinus superciliaris,ペルーイシチドリ
Heteralocha acutirostris,ホオダレムクドリ
Heterocercus aurantiivertex,マルオマイコドリ
Heterocercus flavivertex,キボウシマルオマイコドリ
Heterocercus linteatus,ヒボウシマルオマイコドリ
Heteromirafra archeri,ソマリアニセヤブヒバリ
Heteromirafra ruddi,ニセヤブヒバリ
Heteromunia pectoralis,ムナジロシマコキン
Heteromyias albispecularis,マミジロヤブヒタキ
Heteromyias cinereifrons,ハイガシラヤブヒタキ
Heteronetta atricapilla,ズグロガモ
Heterophasia auricularis,ミミジロチメドリ
Heterophasia capistrata,ズグロウタイチメドリ
Heterophasia desgodinsi,クロガシラウタイチメドリ
Heterophasia gracilis,ハイイロウタイチメドリ
Heterophasia melanoleuca,シロクロウタイチメドリ
Heterophasia picaoides,オナガウタイチメドリ
Heterophasia pulchella,ミミグロチメドリ
Heteroscenes pallidus,ハイイロカッコウ
Heterospingus rubrifrons,キゴシベニマユフウキンチョウ
Heterospingus xanthopygius,ベニマユフウキンチョウ
Heterotetrax humilis,カッショクショウノガン
Heterotetrax rueppelii,コノドグロショウノガン
Heterotetrax vigorsii,ノドグロショウノガン
Heteroxenicus stellatus,シロボシコバネヒタキ
Heteroxolmis dominicana,オグロシロタイランチョウ
Hieraaetus ayresii,シロハラクマタカ
Hieraaetus morphnoides,アカヒメクマタカ
Hieraaetus pennatus,ヒメクマタカ
Hieraaetus wahlbergi,ヒメイヌワシ
Hieraaetus weiskei,コビトクマタカ
Hierococcyx bocki,クロジュウイチ
Hierococcyx fugax,マレーシアジュウイチ
Hierococcyx hyperythrus,ジュウイチ
Hierococcyx nisicolor,インドシナジュウイチ
Hierococcyx pectoralis,フィリピンジュウイチ
Hierococcyx sparverioides,オオジュウイチ
Hierococcyx vagans,チャイロジュウイチ
Hierococcyx varius,ハイタカジュウイチ
Himantopus himantopus,セイタカシギ
Himantopus leucocephalus,オーストラリアセイタカシギ
Himantopus melanurus,ナンベイセイタカシギ
Himantopus mexicanus,クロエリセイタカシギ
Himantopus novaezelandiae,クロセイタカシギ
Himantornis haematopus,ウロコクイナ
Himatione fraithii,ライサンハワイミツスイ
Himatione sanguinea,アカハワイミツスイ
Hippolais icterina,キイロウタイムシクイ
Hippolais languida,アレチウタイムシクイ
Hippolais olivetorum,オリーブウタイムシクイ
Hippolais polyglotta,ウタイムシクイ
Hirundapus caudacutus,ハリオアマツバメ
Hirundapus celebensis,セレベスハリオアマツバメ
Hirundapus cochinchinensis,クロビタイハリオアマツバメ
Hirundapus giganteus,オオハリオアマツバメ
Hirundinea ferruginea,ツバメタイランチョウ
Hirundo aethiopica,エチオピアノドジロツバメ
Hirundo albigularis,ノドジロツバメ
Hirundo angolensis,ハイバラツバメ
Hirundo atrocaerulea,クロハリオツバメ
Hirundo dimidiata,オグロツバメ
Hirundo domicola,インドツバメ
Hirundo leucosoma,ハジロシロクロツバメ
Hirundo lucida,アフリカツバメ
Hirundo megaensis,オジロツバメ
Hirundo neoxena,オーストラリアツバメ
Hirundo nigrita,オジロクロツバメ
Hirundo nigrorufa,クロアカツバメ
Hirundo rustica,ツバメ
Hirundo smithii,ハリオツバメ
Hirundo tahitica,リュウキュウツバメ
Histrionicus histrionicus,シノリガモ
Histurgops ruficauda,クリオオニハタオリ
Hoploxypterus cayanus,マダラゲリ
Horizocerus albocristatus,シラガサイチョウ
Horizocerus hartlaubi,マミジロマメサイチョウ
Horornis acanthizoides,ミヤマウグイス
Horornis annae,ナンヨウウグイス
Horornis brunnescens,インドウグイス
Horornis canturians,チョウセンウグイス
Horornis carolinae,タニンバルウグイス
Horornis diphone,ウグイス
Horornis flavolivaceus,キバラウグイス
Horornis fortipes,タイワンコウグイス
Horornis haddeni,ブーゲンビルウグイス
Horornis parens,サンクリストバルウグイス
Horornis ruficapilla,フィジームシクイ
Horornis seebohmi,フィリピンウグイス
Houbaropsis bengalensis,ベンガルショウノガン
Humblotia flavirostris,コモロヒタキ
Hydrobates castro,クロコシジロウミツバメ
Hydrobates cheimomnestes,エインリーウミツバメ
Hydrobates furcatus,ハイイロウミツバメ
Hydrobates homochroa,ススイロウミツバメ
Hydrobates hornbyi,チリウミツバメ
Hydrobates jabejabe,カボベルデウミツバメ
Hydrobates leucorhous,コシジロウミツバメ
Hydrobates macrodactylus,グアダルーペウミツバメ
Hydrobates markhami,ペルーウミツバメ
Hydrobates matsudairae,クロウミツバメ
Hydrobates melania,アメリカクロウミツバメ
Hydrobates microsoma,コウミツバメ
Hydrobates monorhis,ヒメクロウミツバメ
Hydrobates monteiroi,モンテーロウミツバメ
Hydrobates pelagicus,ヒメウミツバメ
Hydrobates socorroensis,タウンゼンドウミツバメ
Hydrobates tethys,ガラパゴスウミツバメ
Hydrobates tristrami,オーストンウミツバメ
Hydrochous gigas,オニアナツバメ
Hydrocoloeus minutus,ヒメカモメ
Hydrophasianus chirurgus,レンカク
Hydroprogne caspia,オニアジサシ
Hydropsalis cayennensis,オジロヨタカ
Hydropsalis climacocerca,マタオヨタカ
Hydropsalis forcipata,ナンベイオナガヨタカ
Hydropsalis torquata,ハサミヨタカ
Hydrornis baudii,ズアオヤイロチョウ
Hydrornis caeruleus,オニヤイロチョウ
Hydrornis cyaneus,ルリヤイロチョウ
Hydrornis elliotii,ミドリシマヤイロチョウ
Hydrornis guajanus,キマユシマヤイロチョウ
Hydrornis gurneyi,クロハラシマヤイロチョウ
Hydrornis irena,マラヤシマヤイロチョウ
Hydrornis nipalensis,アオエリヤイロチョウ
Hydrornis oatesi,チャガシラヤイロチョウ
Hydrornis phayrei,ツノヤイロチョウ
Hydrornis schneideri,キタスマトラヤイロチョウ
Hydrornis schwaneri,ボルネオシマヤイロチョウ
Hydrornis soror,コシアオヤイロチョウ
Hylacola cauta,オグロアレチムシクイ
Hylacola pyrrhopygia,コシアカアレチムシクイ
Hylexetastes perrotii,アカハシオニキバシリ
Hylexetastes stresemanni,シマバラオニキバシリ
Hylexetastes uniformis,ムジオニキバシリ
Hylia prasina,コバシミドリムシクイ
Hyliota australis,ビロードムシクイヒタキ
Hyliota flavigaster,キバラムシクイヒタキ
Hyliota usambara,ウサンバラムシクイヒタキ
Hyliota violacea,シロハラムシクイヒタキ
Hylocharis chrysura,コガネオサファイアハチドリ
Hylocharis sapphirina,サファイアハチドリ
Hylocichla mustelina,モリツグミ
Hylocitrea bonensis,ミドリモズヒタキ
Hylomanes momotula,コハチクイモドキ
Hylonympha macrocerca,ハサミオハチドリ
Hylopezus auricularis,メンガタモリジアリドリ
Hylopezus macularius,クビカザリモリジアリドリ
Hylopezus ochroleucus,マミジロモリジアリドリ
Hylopezus paraensis,パラーモリジアリドリ
Hylopezus perspicillatus,シマムネモリジアリドリ
Hylopezus whittakeri,アルタフロレスタモリジアリドリ
Hylophilus amaurocephalus,キタズアカヒメモズモドキ
Hylophilus brunneiceps,チャガシラヒメモズモドキ
Hylophilus flavipes,ヤブヒメモズモドキ
Hylophilus olivaceus,アンデスヒメモズモドキ
Hylophilus pectoralis,ハイガシラヒメモズモドキ
Hylophilus poicilotis,ズアカヒメモズモドキ
Hylophilus semicinereus,ハイムネヒメモズモドキ
Hylophilus thoracicus,リオデジャネイロヒメモズモドキ
Hylophylax naevioides,ズグロホシアリドリ
Hylophylax naevius,キボシアリドリ
Hylophylax punctulatus,シロボシアリドリ
Hylopsar cupreocauda,ドウイロテリムク
Hylopsar purpureiceps,ムラサキズキンテリムク
Hylorchilus navai,ナパスハシナガミソサザイ
Hylorchilus sumichrasti,ハシナガミソサザイ
Hymenolaimus malacorhynchos,アオヤマガモ
Hymenops perspicillatus,メガネタイランチョウ
Hypargos margaritatus,バラムネアラレチョウ
Hypargos niveoguttatus,アラレチョウ
Hypergerus atriceps,キンイロオオムシクイ
Hypnelus ruficollis,ノドアカオオガシラ
Hypocharmosyna placentis,アオミミインコ
Hypocharmosyna rubronotata,ミツアカインコ
Hypocnemis cantator,ナキアリドリ
Hypocnemis flavescens,イメリナキアリドリ
Hypocnemis hypoxantha,キマユナキアリドリ
Hypocnemis ochrogyna,ロンドニアナキアリドリ
Hypocnemis peruviana,ペルーナキアリドリ
Hypocnemis rondoni,マニコレナキアリドリ
Hypocnemis striata,シマナキアリドリ
Hypocnemis subflava,キムネナキアリドリ
Hypocnemoides maculicauda,オビオクロアゴアリドリ
Hypocnemoides melanopogon,クロアゴアリドリ
Hypocolius ampelinus,ミミグロレンジャクモドキ
Hypocryptadius cinnamomeus,ニッケイメジロ
Hypoedaleus guttatus,セボシアリモズ
Hypopyrrhus pyrohypogaster,アカハラムクドリモドキ
Hypositta corallirostris,ベニバシゴジュウカラモズ
Hypothymis azurea,クロエリヒタキ
Hypothymis coelestis,エボシフジイロヒタキ
Hypothymis helenae,フジイロヒタキ
Hypothymis puella,セレベスフジイロヒタキ
Hypsipetes affinis,キンイロヒヨドリ
Hypsipetes amaurotis,ヒヨドリ
Hypsipetes aureus,トギアンキンイロヒヨドリ
Hypsipetes borbonicus,レユニオンヒヨドリ
Hypsipetes chloris,ハルマヘラキンイロヒヨドリ
Hypsipetes crassirostris,セーシェルヒヨドリ
Hypsipetes everetti,キバラヒヨドリ
Hypsipetes ganeesa,インドクロヒヨドリ
Hypsipetes guimarasensis,ヴィサヤヒヨドリ
Hypsipetes leucocephalus,クロヒヨドリ
Hypsipetes longirostris,キタキンイロヒヨドリ
Hypsipetes lucasi,オビキンイロヒヨドリ
Hypsipetes mindorensis,ミンドロヒヨドリ
Hypsipetes moheliensis,モヘリヒヨドリ
Hypsipetes mysticalis,ブルキンイロヒヨドリ
Hypsipetes nicobariensis,ニコバルヒヨドリ
Hypsipetes olivaceus,モーリシャスクロヒヨドリ
Hypsipetes parvirostris,コモロクロヒヨドリ
Hypsipetes philippinus,チャムネヒヨドリ
Hypsipetes platenae,サンギヘキンイロヒヨドリ
Hypsipetes rufigularis,ミンダナオチャムネヒヨドリ
Hypsipetes siquijorensis,セブヒヨドリ
Hypsipetes thompsoni,シロズキンヒヨドリ
Ianthocincla bieti,ウンナンガビチョウ
Ianthocincla cineracea,ヒゲガビチョウ
Ianthocincla konkakinhensis,チャミミガビチョウ
Ianthocincla lunulata,セスジガビチョウ
Ianthocincla maxima,オオシロボシガビチョウ
Ianthocincla ocellata,シロボシガビチョウ
Ianthocincla rufogularis,キアゴガビチョウ
Ianthocincla sukatschewi,カンスーガビチョウ
Ibidorhyncha struthersii,トキハシゲリ
Ibycter americanus,アカノドカラカラ
Ichthyaetus audouinii,アカハシカモメ
Ichthyaetus hemprichii,ススケカモメ
Ichthyaetus ichthyaetus,オオズグロカモメ
Ichthyaetus leucophthalmus,メジロカモメ
Ichthyaetus melanocephalus,ニシズグロカモメ
Ichthyaetus relictus,ゴビズキンカモメ
Icteria virens,オオアメリカムシクイ
Icterus abeillei,メキシコムクドリモドキ
Icterus auratus,コオレンジムクドリモドキ
Icterus auricapillus,アカボウシムクドリモドキ
Icterus bonana,マルチニクムクドリモドキ
Icterus bullockiorum,ビュラックムクドリモドキ
Icterus cayanensis,アカカタムクドリモドキ
Icterus chrysater,ハグロムクドリモドキ
Icterus croconotus,コシアカムクドリモドキ
Icterus cucullatus,ムナグロムクドリモドキ
Icterus dominicensis,ヒスパニオラムクドリモドキ
Icterus galbula,ボルチモアムクドリモドキ
Icterus graceannae,サバクムクドリモドキ
Icterus graduacauda,ズグロムクドリモドキ
Icterus gularis,オレンジムクドリモドキ
Icterus icterus,ムクドリモドキ
Icterus jamacaii,カンポムクドリモドキ
Icterus laudabilis,セントルシアムクドリモドキ
Icterus leucopteryx,ジャマイカムクドリモドキ
Icterus maculialatus,シロスジムクドリモドキ
Icterus melanopsis,キューバムクドリモドキ
Icterus mesomelas,キガタムクドリモドキ
Icterus nigrogularis,キイロムクドリモドキ
Icterus northropi,バハマムクドリモドキ
Icterus oberi,モントセラートムクドリモドキ
Icterus parisorum,セグロムクドリモドキ
Icterus pectoralis,ムナフムクドリモドキ
Icterus portoricensis,プエルトリコムクドリモドキ
Icterus prosthemelas,クロズキンムクドリモドキ
Icterus pustulatus,ズアカムクドリモドキ
Icterus pyrrhopterus,カワリムクドリモドキ
Icterus spurius,アカクロムクドリモドキ
Icterus wagleri,クロハラムクドリモドキ
Icthyophaga humilis,コウオクイワシ
Icthyophaga ichthyaetus,ウオクイワシ
Icthyophaga leucogaster,シロハラウミワシ
Icthyophaga sanfordi,ソロモンウミワシ
Icthyophaga vocifer,サンショクウミワシ
Icthyophaga vociferoides,マダガスカルウミワシ
Ictinaetus malaiensis,カザノワシ
Ictinia mississippiensis,ミシシッピートビ
Ictinia plumbea,ムシクイトビ
Idiopsar brachyurus,タンビシトド
Idiopsar dorsalis,セアカヤマシトド
Idiopsar erythronotus,ノドジロヤマシトド
Idiopsar speculifer,ハジロジュウカチョウ
Iduna caligata,ヒメウタイムシクイ
Iduna natalensis,キイロムシクイ
Iduna opaca,ニシハイイロウタムシクイ
Iduna pallida,ハイイロウタイムシクイ
Iduna rama,アラビアウタイムシクイ
Iduna similis,ヤマキイロムシクイ
Ifrita kowaldi,ズアオチメドリ
Ilicura militaris,トゲオマイコドリ
Illadopsis albipectus,ウロコムジチメドリ
Illadopsis cleaveri,クロズキンムジチメドリ
Illadopsis fulvescens,チャイロムジチメドリ
Illadopsis puveli,シロハラムジチメドリ
Illadopsis pyrrhoptera,ミヤマムジチメドリ
Illadopsis rufescens,アカバネムジチメドリ
Illadopsis rufipennis,ウスチャムジチメドリ
Illadopsis turdina,ツグミチメドリ
Incana incana,ソコトラムシクイ
Incaspiza laeta,ノドグロインカシトド
Incaspiza ortizi,ハイバネインカシトド
Incaspiza personata,セアカインカシトド
Incaspiza pulchra,インカシトド
Incaspiza watkinsi,ヒメインカシトド
Indicator archipelagicus,マレーミツオシエ
Indicator exilis,マメミツオシエ
Indicator indicator,ノドグロミツオシエ
Indicator maculatus,シロボシミツオシエ
Indicator meliphilus,ヒガシマメミツオシエ
Indicator minor,コミツオシエ
Indicator pumilio,コビトミツオシエ
Indicator variegatus,ウロコミツオシエ
Indicator willcocksi,ニシマメミツオシエ
Indicator xanthonotus,インドミツオシエ
Inezia caudata,シロビタイマメタイランチョウ
Inezia inornata,マメタイランチョウ
Inezia subflava,キバラマメタイランチョウ
Inezia tenuirostris,ハシボソマメタイランチョウ
Iodopleura fusca,クロワキムラサキカザリドリ
Iodopleura isabellae,マユワキムラサキカザリドリ
Iodopleura pipra,ワキムラサキカザリドリ
Iole cacharensis,カチャールヒヨドリ
Iole charlottae,シャーロットヒヨドリ
Iole crypta,カンムリオリーブヒヨドリ
Iole finschii,ヒメアゴヒゲヒヨドリ
Iole palawanensis,キンメヒヨドリ
Iole propinqua,メジロヒヨドリ
Iole viridescens,オリーブヒヨドリ
Irania gutturalis,ノドジロコマドリ
Irediparra gallinacea,トサカレンカク
Irena cyanogastra,スミレコノハドリ
Irena puella,ルリコノハドリ
Iridophanes pulcherrimus,ハシナガフウキンチョウ
Iridosornis analis,キノドニジフウキンチョウ
Iridosornis jelskii,キエリニジフウキンチョウ
Iridosornis porphyrocephalus,ニジフウキンチョウ
Iridosornis reinhardti,ペルーニジフウキンチョウ
Iridosornis rufivertex,キボウシニジフウキンチョウ
Isleria guttata,アカハラヒメアリサザイ
Isleria hauxwelli,ハイムネヒメアリサザイ
Ispidina lecontei,コビトカワセミ
Ispidina picta,ヒメショウビン
Ithaginis cruentus,ベニキジ
Ixodia cyaniventris,ハイムネヒヨドリ
Ixodia erythropthalmos,コアカメチャイロヒヨドリ
Ixodia squamata,ウロコヒヨドリ
Ixonotus guttatus,シロボシヒヨドリ
Ixoreus naevius,ムナオビツグミ
Ixos leucogrammicus,タテジマヒヨドリ
Ixos malaccensis,シロスジヒヨドリ
Ixos mcclellandii,ミヤマヒヨドリ
Ixos virescens,ムナフヒヨドリ
Ixothraupis guttata,ウロコフウキンチョウ
Ixothraupis punctata,ゴマダラフウキンチョウ
Ixothraupis rufigula,ノドアカフウキンチョウ
Ixothraupis varia,アオバネフウキンチョウ
Ixothraupis xanthogastra,キバラミドリフウキンチョウ
Jabiru mycteria,ズグロハゲコウ
Jacamaralcyon tridactyla,ミツユビキリハシ
Jacamerops aureus,オオキリハシ
Jacana jacana,ナンベイレンカク
Jacana spinosa,アメリカレンカク
Jubula lettii,タテガミズク
Junco bairdi,バハカリフォルニアユキヒメドリ
Junco hyemalis,ユキヒメドリ
Junco insularis,グアダルーペユキヒメドリ
Junco phaeonotus,メキシコユキヒメドリ
Junco vulcani,ミヤマユキヒメドリ
Jynx ruficollis,ムネアカアリスイ
Jynx torquilla,アリスイ
Kakamega poliothorax,ハイムネジチメドリ
Kaupifalco monogrammicus,トカゲノスリ
Kempiella flavovirescens,オリーブヒタキ
Kempiella griseoceps,キアシオリーブヒタキ
Kenopia striata,シラフサザイチメドリ
Ketupa blakistoni,シマフクロウ
Ketupa coromanda,ウスグロワシミミズク
Ketupa flavipes,ウオミミズク
Ketupa ketupu,マレーウオミミズク
Ketupa lactea,クロワシミミズク
Ketupa leucosticta,アクンワシミミズク
Ketupa nipalensis,ネパールワシミミズク
Ketupa philippensis,フィリピンワシミミズク
Ketupa poensis,コヨコジマワシミミズク
Ketupa shelleyi,ヨコジマワシミミズク
Ketupa sumatrana,マレーワシミミズク
Ketupa zeylonensis,ミナミシマフクロウ
Klais guimeti,スミレガシラハチドリ
Kleinothraupis atropileus,マミジロモリフウキンチョウ
Kleinothraupis calophrys,ボリビアモリフウキンチョウ
Kleinothraupis parodii,キノドモリフウキンチョウ
Kleinothraupis reyi,ハイガシラモリフウキンチョウ
Knipolegus aterrimus,ハジロクロタイランチョウ
Knipolegus cabanisi,ナマリイロタイランチョウ
Knipolegus cyanirostris,クロタイランチョウ
Knipolegus franciscanus,カーティンガクロタイランチョウ
Knipolegus hudsoni,ハドソンクロタイランチョウ
Knipolegus lophotes,カンムリクロタイランチョウ
Knipolegus nigerrimus,ビロードクロタイランチョウ
Knipolegus orenocensis,カワタイランチョウ
Knipolegus poecilocercus,アマゾンクロタイランチョウ
Knipolegus poecilurus,アカオタイランチョウ
Knipolegus signatus,ネズミタイランチョウ
Knipolegus striaticeps,ヒメハイイロタイランチョウ
Kurochkinegramma hypogrammicum,ムナフタイヨウチョウ
Lacedo pulchella,カザリショウビン
Lafresnaya lafresnayi,ビロードハチドリ
Lagonosticta larvata,クロガオコウギョクチョウ
Lagonosticta nitidula,チャイロコウギョクチョウ
Lagonosticta rara,クロハラコウギョクチョウ
Lagonosticta rhodopareia,ハシジロコウギョクチョウ
Lagonosticta rubricata,カゲロウチョウ
Lagonosticta rufopicta,シロシマコウギョクチョウ
Lagonosticta sanguinodorsalis,イワコウギョクチョウ
Lagonosticta senegala,コウギョクチョウ
Lagonosticta umbrinodorsalis,チャドコウギョクチョウ
Lagonosticta virata,マリコウギョクチョウ
Lagopus lagopus,カラフトライチョウ
Lagopus leucura,オジロライチョウ
Lagopus muta,ライチョウ
Lalage atrovirens,マユグロナキサンショウクイ
Lalage aurea,モルッカナキサンショウクイ
Lalage conjuncta,ビスマルクナキサンショウクイ
Lalage fimbriata,コアサクラサンショウクイ
Lalage leucomela,マミジロナキサンショウクイ
Lalage leucopyga,オナガナキサンショウクイ
Lalage leucopygialis,コシジロナキサンショウクイ
Lalage maculosa,ポリネシアナキサンショウクイ
Lalage melanoleuca,オニナキサンショウクイ
Lalage melanoptera,ズグロアサクラサンショウクイ
Lalage melaschistos,アサクラサンショウクイ
Lalage moesta,マミジロサンショウクイ
Lalage newtoni,レユニオンオオサンショウクイ
Lalage nigra,マダラナキサンショウクイ
Lalage polioptera,ハイイロアサクラサンショウクイ
Lalage sharpei,サモアナキサンショウクイ
Lalage sueurii,ハジロナキサンショウクイ
Lalage tricolor,ミイロサンショウクイ
Lalage typica,モーリシャスオオサンショウクイ
Lampornis amethystinus,ノドムラサキシロメジリハチドリ
Lampornis calolaemus,フジノドシロメジリハチドリ
Lampornis castaneoventris,ノドジロシロメジリハチドリ
Lampornis clemenciae,ルリノドシロメジリハチドリ
Lampornis hemileucus,シロハラシロメジリハチドリ
Lampornis sybillae,アオムネシロメジリハチドリ
Lampornis viridipallens,アオノドシロメジリハチドリ
Lamprolaima rhami,ガーネットハチドリ
Lamprolia klinesmithi,ナテワビロードムシクイ
Lamprolia victoriae,ビロードムシクイ
Lampropsar tanagrinus,ビロードムクドリモドキ
Lamprospiza melanoleuca,アカハシフウキンチョウ
Lamprotornis acuticaudus,クサビオテリムク
Lamprotornis albicapillus,シラガテリムク
Lamprotornis australis,コシアカテリムク
Lamprotornis bicolor,シロハラチャムクドリ
Lamprotornis caudatus,オナガテリムク
Lamprotornis chalcurus,ブロンズテリムク
Lamprotornis chalybaeus,セイキムクドリ
Lamprotornis chloropterus,コセイキムクドリ
Lamprotornis fischeri,シロハラハイムクドリ
Lamprotornis hildebrandti,チャバラテリムク
Lamprotornis iris,エメラルドテリムク
Lamprotornis mevesii,シマオオナガテリムク
Lamprotornis nitens,アカガタテリムク
Lamprotornis ornatus,プリンシペテリムク
Lamprotornis pulcher,ハイガシラテリムク
Lamprotornis purpureus,ムラサキテリムクドリ
Lamprotornis purpuroptera,コオナガテリムク
Lamprotornis regius,キンムネオナガテリムク
Lamprotornis shelleyi,ムラサキチャバラテリムク
Lamprotornis splendidus,セイキテリムク
Lamprotornis superbus,ツキノワテリムク
Lamprotornis unicolor,ハイイロオナガテリムク
Laniarius aethiopicus,エチオピアヤブモズ
Laniarius amboimensis,アンゴラヤブモズ
Laniarius atrococcineus,ハジロアカハラヤブモズ
Laniarius atroflavus,キバラセグロヤブモズ
Laniarius barbarus,アカハラヤブモズ
Laniarius bicolor,フタイロヤブモズ
Laniarius brauni,ブラウンヤブモズ
Laniarius erythrogaster,アカクロヤブモズ
Laniarius ferrugineus,セグロヤブモズ
Laniarius fuelleborni,クロナキヤブモズ
Laniarius funebris,スレートナキヤブモズ
Laniarius holomelas,アルベルティーヌナキヤブモズ
Laniarius leucorhynchus,テリクロナキヤブモズ
Laniarius luehderi,シロスジヤブモズ
Laniarius major,スズゴエヤブモズ
Laniarius mufumbiri,アカハラセグロヤブモズ
Laniarius nigerrimus,ソマリアヤブモズ
Laniarius poensis,フェルナンドポーナキヤブモズ
Laniarius ruficeps,フタスジヤブモズ
Laniarius sublacteus,ザンジバルヤブモズ
Laniarius turatii,ニシヤブモズ
Laniarius willardi,ウィラードナキヤブモズ
Laniellus albonotatus,ジャワワキフチメドリ
Laniellus langbianis,ワキフチメドリ
Laniisoma elegans,モズカザリドリ
Lanio aurantius,ノドグロモズフウキンチョウ
Lanio fulvus,モズフウキンチョウ
Lanio leucothorax,ノドジロモズフウキンチョウ
Lanio versicolor,ハジロモズフウキンチョウ
Laniocera hypopyrra,ハイイロモンキタイランチョウ
Laniocera rufescens,モンキタイランチョウ
Lanioturdus torquatus,コマドリモズ
Lanius borealis,オオモズ
Lanius bucephalus,モズ
Lanius cabanisi,オグロオナガモズ
Lanius collaris,カタジロオナガモズ
Lanius collurio,セアカモズ
Lanius collurioides,ハイガシラモズ
Lanius cristatus,アカモズ
Lanius dorsalis,ズグロオナガモズ
Lanius excubitor,ヨーロッパオオモズ
Lanius excubitoroides,ハグロオナガモズ
Lanius giganteus,チベットオオカラモズ
Lanius gubernator,アフリカセアカモズ
Lanius humeralis,キタカタジロオナガモズ
Lanius isabellinus,モウコアカモズ
Lanius ludovicianus,アメリカオオモズ
Lanius mackinnoni,ハグロカタシロモズ
Lanius meridionalis,イベリアオオモズ
Lanius minor,ヒメオオモズ
Lanius newtoni,サントメオナガモズ
Lanius nubicus,シロクロモズ
Lanius phoenicuroides,アカオモズ
Lanius schach,タカサゴモズ
Lanius senator,ズアカモズ
Lanius somalicus,オジロオナガモズ
Lanius souzae,カタジロチゴモズ
Lanius sphenocercus,オオカラモズ
Lanius tephronotus,チベットモズ
Lanius tigrinus,チゴモズ
Lanius validirostris,フィリピンモズ
Lanius vittatus,クロビタイセアカモズ
Larosterna inca,インカアジサシ
Larus armenicus,アルメニアセグロカモメ
Larus atlanticus,アルゼンチンカモメ
Larus belcheri,ペルーカモメ
Larus brachyrhynchus,コカモメ
Larus cachinnans,カスピセグロカモメ
Larus californicus,カリフォルニアカモメ
Larus canus,カモメ
Larus crassirostris,ウミネコ
Larus delawarensis,オビハシカモメ
Larus dominicanus,ミナミオオセグロカモメ
Larus fuscus,ニシセグロカモメ
Larus glaucescens,ワシカモメ
Larus glaucoides,アイスランドカモメ
Larus heermanni,オグロカモメ
Larus hyperboreus,シロカモメ
Larus livens,キアシオオセグロカモメ
Larus marinus,オオカモメ
Larus michahellis,キアシセグロカモメ
Larus occidentalis,アメリカオオセグロカモメ
Larus pacificus,ハシブトカモメ
Larus schistisagus,オオセグロカモメ
Larus smithsonianus,アメリカセグロカモメ
Larus vegae,セグロカモメ
Larvivora akahige,コマドリ
Larvivora brunnea,アカハラコルリ
Larvivora cyane,コルリ
Larvivora komadori,アカヒゲ
Larvivora namiyei,ホントウアカヒゲ
Larvivora ruficeps,ズアカコマドリ
Larvivora sibilans,シマゴマ
Larvivora tanensis,タネコマドリ
Laterallus albigularis,キタノドジロコビトクイナ
Laterallus exilis,ハイムネコビトクイナ
Laterallus flaviventer,キムネヒメクイナ
Laterallus jamaicensis,クロコビトクイナ
Laterallus levraudi,ワキアカコビトクイナ
Laterallus melanophaius,ノドジロコビトクイナ
Laterallus notatus,ダーウィンシマクイナ
Laterallus rogersi,マメクロクイナ
Laterallus ruber,ズグロコビトクイナ
Laterallus spilonota,ガラパゴスコビトクイナ
Laterallus spiloptera,アルゼンチンヒメクイナ
Lathamus discolor,オトメインコ
Lathrotriccus euleri,キスジメジロハエトリ
Lathrotriccus griseipectus,ハイムネメジロハエトリ
Laticilla burnesii,オナガハウチワドリ
Laticilla cinerascens,ヌマハウチワドリ
Legatus leucophaius,ホオジロタイランチョウ
Leiopicus mahrattensis,ベンガルアカゲラ
Leioptila annectens,セアカウタイチメドリ
Leiothlypis celata,サメズアカアメリカムシクイ
Leiothlypis crissalis,コリマアメリカムシクイ
Leiothlypis luciae,ルシーアメリカムシクイ
Leiothlypis peregrina,マミジロアメリカムシクイ
Leiothlypis ruficapilla,ズアカアメリカムシクイ
Leiothlypis virginiae,キムネズアカアメリカムシクイ
Leiothrix argentauris,ゴシキソウシチョウ
Leiothrix lutea,ソウシチョウ
Leipoa ocellata,クサムラツカツクリ
Leistes bellicosus,ペルームネアカマキバドリ
Leistes defilippii,コムネアカマキバドリ
Leistes loyca,オナガマキバドリ
Leistes militaris,ムネアカマキバドリ
Leistes superciliaris,マミジロマキバドリ
Leonardina woodi,アポチメドリ
Lepidocolaptes affinis,ホシガシラオニキバシリ
Lepidocolaptes albolineatus,シロスジオニキバシリ
Lepidocolaptes angustirostris,マミジロオニキバシリ
Lepidocolaptes duidae,ドゥイダオニキバシリ
Lepidocolaptes falcinellus,ハンエンオニキバシリ
Lepidocolaptes fatimalimae,イナンバリオニキバシリ
Lepidocolaptes fuscicapillus,ロンドニアオニキバシリ
Lepidocolaptes lacrymiger,ミヤマオニキバシリ
Lepidocolaptes leucogaster,シロハラオニキバシリ
Lepidocolaptes souleyetii,シマガシラオニキバシリ
Lepidocolaptes squamatus,ウロコオニキバシリ
Lepidopygia nana,ヒメシチホウ
Lepidothrix coeruleocapilla,ソライロボウシマイコドリ
Lepidothrix coronata,アオボウシマイコドリ
Lepidothrix iris,ギンボウシマイコドリ
Lepidothrix isidorei,コシアオマイコドリ
Lepidothrix nattereri,ユキボウシマイコドリ
Lepidothrix serena,シロビタイマイコドリ
Lepidothrix suavissima,アカハラマイコドリ
Lepidothrix vilasboasi,キンボウシマイコドリ
Leptasthenura aegithaloides,エナガカマドドリ
Leptasthenura andicola,アンデスエナガカマドドリ
Leptasthenura fuliginiceps,チャボウシエナガカマドドリ
Leptasthenura pileata,クリボウシエナガカマドドリ
Leptasthenura platensis,エボシエナガカマドドリ
Leptasthenura setaria,カンムリエナガカマドドリ
Leptasthenura striata,シロハラエナガカマドドリ
Leptasthenura striolata,セジマエナガカマドドリ
Leptasthenura xenothorax,マミジロエナガカマドドリ
Leptocoma aspasia,クロタイヨウチョウ
Leptocoma brasiliana,バンハッセルトタイヨウチョウ
Leptocoma calcostetha,ノドアカタイヨウチョウ
Leptocoma minima,マメタイヨウチョウ
Leptocoma sperata,ムネアカタイヨウチョウ
Leptocoma zeylonica,クリセタイヨウチョウ
Leptodon cayanensis,ハイガシラトビ
Leptodon forbesi,シロエリトビ
Leptopoecile elegans,カンムリムシクイ
Leptopoecile sophiae,フジイロムシクイ
Leptopogon amaurocephalus,チャボウシハエトリ
Leptopogon rufipectus,チャムネハエトリ
Leptopogon superciliaris,ハシボソハエトリ
Leptopogon taczanowskii,インカハエトリ
Leptopterus chabert,チェバートオオハシモズ
Leptoptilos crumenifer,アフリカハゲコウ
Leptoptilos dubius,オオハゲコウ
Leptoptilos javanicus,コハゲコウ
Leptosittaca branickii,ミヤマインコ
Leptosomus discolor,オオブッポウソウ
Leptotila battyi,チャイロシャコバト
Leptotila cassinii,ハイイロシャコバト
Leptotila conoveri,コロンビアシャコバト
Leptotila jamaicensis,シロハラシャコバト
Leptotila megalura,シロガオシャコバト
Leptotila ochraceiventris,キバラシャコバト
Leptotila pallida,ウスイロシャコバト
Leptotila plumbeiceps,ハイガシラシャコバト
Leptotila rufaxilla,ハイビタイシャコバト
Leptotila verreauxi,シロビタイシャコバト
Leptotila wellsi,グレナダバト
Leptotrygon veraguensis,ホオジロウズラバト
Lerwa lerwa,ユキシャコ
Lesbia nuna,コミドリフタオハチドリ
Lesbia victoriae,ミドリフタオハチドリ
Lessonia oreas,オオセアカタイランチョウ
Lessonia rufa,セアカタイランチョウ
Leucippus fallax,ミズベハチドリ
Leucocarbo atriceps,ズグロムナジロヒメウ
Leucocarbo bougainvilliorum,グアナイムナジロヒメウ
Leucocarbo campbelli,ノドオビムナジロウ
Leucocarbo carunculatus,ノドジロムナオビウ
Leucocarbo chalconotus,スチュワートウ
Leucocarbo colensoi,オークランドウ
Leucocarbo magellanicus,クロクビムナジロヒメウ
Leucocarbo onslowi,チャタムウ
Leucocarbo ranfurlyi,バウンティヒメウ
Leucochloris albicollis,ノドジロハチドリ
Leucogeranus leucogeranus,ソデグロヅル
Leuconotopicus albolarvatus,シロガシラキツツキ
Leuconotopicus arizonae,アリゾナアカゲラ
Leuconotopicus borealis,ホオジロシマアカゲラ
Leuconotopicus fumigatus,ハゲラ
Leuconotopicus stricklandi,チャバネアカゲラ
Leuconotopicus villosus,セジロアカゲラ
Leucopeza semperi,セントルシアアメリカムシクイ
Leucophaeus atricilla,ワライカモメ
Leucophaeus fuliginosus,イワカモメ
Leucophaeus modestus,ハイイロカモメ
Leucophaeus pipixcan,アメリカズグロカモメ
Leucophaeus scoresbii,マゼランカモメ
Leucophantes brachyurus,ムナジロマユヒタキ
Leucopsar rothschildi,カンムリシロムク
Leucopternis kuhli,シロマユノスリ
Leucopternis melanops,カオグロノスリ
Leucopternis semiplumbeus,セアオノスリ
Leucoptilon concretum,オジロアオヒタキ
Leucosarcia melanoleuca,ウォンガバト
Leucosticte arctoa,ハギマシコ
Leucosticte atrata,クロハギマシコ
Leucosticte australis,チャボウシハギマシコ
Leucosticte brandti,シンジュマシコ
Leucosticte nemoricola,ハイイロマシコ
Leucosticte tephrocotis,ハイガシラハギマシコ
Lewinia mirifica,ルソンクイナ
Lewinia muelleri,オークランドクイナ
Lewinia pectoralis,オーストラリアクイナ
Lewinia striata,ミナミクイナ
Lichenostomus cratitius,フジビタイコバシミツスイ
Lichenostomus melanops,キムネミツスイ
Lichmera alboauricularis,ミミジロオリーブミツスイ
Lichmera argentauris,オリーブミツスイ
Lichmera deningeri,ブルオリーブミツスイ
Lichmera flavicans,チモールオリーブミツスイ
Lichmera incana,ギンミミミツスイ
Lichmera indistincta,サメイロミツスイ
Lichmera monticola,セラムオリーブミツスイ
Lichmera notabilis,ウェタルオリーブミツスイ
Lichmera squamata,ウロコオリーブミツスイ
Limnoctites rectirostris,ヌマカマドドリ
Limnoctites sulphuriferus,ニッケイカマドドリ
Limnodromus griseus,アメリカオオハシシギ
Limnodromus scolopaceus,オオハシシギ
Limnodromus semipalmatus,シベリアオオハシシギ
Limnornis curvirostris,カマハシヌマカマドドリ
Limnothlypis swainsonii,チャカブリアメリカムシクイ
Limosa fedoa,アメリカオオソリハシシギ
Limosa haemastica,アメリカオグロシギ
Limosa lapponica,オオソリハシシギ
Limosa limosa,オグロシギ
Linaria cannabina,ムネアカヒワ
Linaria flavirostris,キバシヒワ
Linaria johannis,ハイイロヒワ
Linaria yemenensis,イエメンヒワ
Linurgus olivaceus,キンエリヒワ
Liocichla bugunorum,ブグンヤブドリ
Liocichla omeiensis,ハイムネヤブドリ
Liocichla phoenicea,アカガオヤブドリ
Liocichla ripponi,ヒガオヤブドリ
Liocichla steerii,ヤブドリ
Lioparus chrysotis,キンムネチメドリ
Liosceles thoracicus,ムネアカオタテドリ
Lipaugus ater,キンクロカザリドリ
Lipaugus conditus,ハイバネカザリドリ
Lipaugus fuscocinereus,オオムジカザリドリ
Lipaugus lanioides,チャイロムジカザリドリ
Lipaugus streptophorus,バラエリムジカザリドリ
Lipaugus unirufus,アカチャムジカザリドリ
Lipaugus uropygialis,カマバネカザリドリ
Lipaugus vociferans,ムジカザリドリ
Lipaugus weberi,ズアカカザリドリ
Lissotis hartlaubii,クロビタイチュウノガン
Lissotis melanogaster,クロハラチュウノガン
Loboparadisea sericea,ツノハシフウチョウモドキ
Lobotos lobatus,ホオダレサンショウクイ
Lobotos oriolinus,ヒガシホオダレサンショウクイ
Lochmias nematura,ミズバシリ
Locustella accentor,ゴマフオウギセッカ
Locustella alfredi,タケヤブオウギセッカ
Locustella alishanensis,タイワンオウギセッカ
Locustella castanea,スラウェシオウギセッカ
Locustella caudata,オナガオウギセッカ
Locustella chengi,シセンオオセッカ
Locustella davidi,バイカルオウギセッカ
Locustella disturbans,ブルオウギセッカ
Locustella fluviatilis,カワセンニュウ
Locustella idonea,ダラットオオセッカ
Locustella kashmirensis,カシミールオウギセkカ
Locustella lanceolata,マキノセンニュウ
Locustella luscinioides,ヌマセンニュウ
Locustella luteoventris,チャイロオウギセッカ
Locustella major,ハシナガオウギセッカ
Locustella mandelli,タイワンオオセッカ
Locustella montis,ジャワオオセッカ
Locustella musculus,セラムオウギセッカ
Locustella naevia,ヤチセンニュウ
Locustella portenta,タリアブオウギセッカ
Locustella seebohmi,ベンゲットオオセkカ
Locustella tacsanowskia,シベリアオウギセッカ
Locustella thoracica,ノドフオウギセッカ
Loddigesia mirabilis,オナガラケットハチドリ
Lonchura atricapilla,キンパラ
Lonchura caniceps,ハイガシラヘキチョウ
Lonchura castaneothorax,シマコキン
Lonchura ferruginosa,シロボウシキンパラ
Lonchura flaviprymna,ムジコキン
Lonchura forbesi,ニューアイルランドシマコキン
Lonchura fuscans,コゲチャキンパラ
Lonchura grandis,キゴシキンパラ
Lonchura hunsteini,クロシマコキン
Lonchura kelaarti,チャイロキンパラ
Lonchura leucogastra,シロハラキンパラ
Lonchura leucogastroides,コシグロキンパラ
Lonchura maja,ヘキチョウ
Lonchura malacca,ギンパラ
Lonchura melaena,ニューブリテンキンパラ
Lonchura molucca,モルッカキンパラ
Lonchura montana,オグロタカネキンパラ
Lonchura monticola,タカネキンパラ
Lonchura nevermanni,キゴシヘキチョウ
Lonchura nigerrima,ニューハノーバーシマコキン
Lonchura pallida,セレベスヘキチョウ
Lonchura punctulata,シマキンパラ
Lonchura quinticolor,ゴシキキンパラ
Lonchura spectabilis,ニューブリテンシマコキン
Lonchura striata,コシジロキンパラ
Lonchura stygia,クロキンパラ
Lonchura teerinki,ミヤマキンパラ
Lonchura vana,アルファクヘキチョウ
Lophaetus occipitalis,エボシクマタカ
Lophoceros alboterminatus,カンムリコサイチョウ
Lophoceros bradfieldi,ニシカンムリコサイチョウ
Lophoceros camurus,アカハシマメサイチョウ
Lophoceros fasciatus,シロクロコサイチョウ
Lophoceros hemprichii,クロズキンコサイチョウ
Lophoceros nasutus,ハイイロコサイチョウ
Lophoceros pallidirostris,ハシジロコサイチョウ
Lophodytes cucullatus,オウギアイサ
Lophoictinia isura,シラガトビ
Lopholaimus antarcticus,カミカザリバト
Lophonetta specularioides,カンムリガモ
Lophophanes cristatus,カンムリガラ
Lophophanes dichrous,ハイイロカンムリガラ
Lophophorus impejanus,ニジキジ
Lophophorus lhuysii,カラニジキジ
Lophophorus sclateri,オジロニジキジ
Lophopsittacus mauritianus,モーリシャスインコ
Lophorina minor,ヒメカタカケフウチョウ
Lophorina superba,カタカケフウチョウ
Lophornis adorabilis,シロツノユウジョハチドリ
Lophornis brachylophus,ミジカツノユウジョハチドリ
Lophornis chalybeus,ミドリカザリハチドリ
Lophornis delattrei,チャカザリハチドリ
Lophornis gouldii,シロカザリハチドリ
Lophornis helenae,クロツノユウジョハチドリ
Lophornis magnificus,シマカザリハチドリ
Lophornis ornatus,ホオカザリハチドリ
Lophornis pavoninus,ジャノメカザリハチドリ
Lophornis stictolophus,アカカンムリハチドリ
Lophospingus griseocristatus,ハイエボシシトド
Lophospingus pusillus,クロエボシシトド
Lophospiza griseiceps,セレベスオオタカ
Lophospiza trivirgata,カンムリオオタカ
Lophostrix cristata,ミミナガフクロウ
Lophotibis cristata,マダガスカルトキ
Lophotis gindiana,キタカンムリショウノガン
Lophotis ruficrista,カンムリショウノガン
Lophotis savilei,ニシカンムリショウノガン
Lophotriccus eulophotes,エボシハエトリ
Lophotriccus galeatus,ヘルメットハエトリ
Lophotriccus pileatus,カンムリハエトリ
Lophotriccus vitiosus,フタスジカンムリハエトリ
Lophotriorchis kienerii,アカハラクマタカ
Lophura bulweri,オジロウチワキジ
Lophura diardi,シマハッカン
Lophura edwardsi,コサンケイ
Lophura erythrophthalma,ウチワキジ
Lophura ignita,コシアカキジ
Lophura inornata,クロウチワキジ
Lophura leucomelanos,ミヤマハッカン
Lophura nycthemera,ハッカン
Lophura swinhoii,サンケイ
Loriculus amabilis,コシミノサトウチョウ
Loriculus aurantiifrons,ノドアカサトウチョウ
Loriculus beryllinus,ズアカサトウチョウ
Loriculus camiguinensis,カミギンサトウチョウ
Loriculus catamene,サンギヘサトウチョウ
Loriculus exilis,コハナサトウチョウ
Loriculus flosculus,ハナサトウチョウ
Loriculus galgulus,サトウチョウ
Loriculus philippensis,シュバシサトウチョウ
Loriculus pusillus,キムネサトウチョウ
Loriculus sclateri,スラサトウチョウ
Loriculus stigmatus,セレベスサトウチョウ
Loriculus tener,ミドリビタイサトウチョウ
Loriculus vernalis,ミドリサトウチョウ
Loriotus cristatus,カンムリクロフウキンチョウ
Loriotus luctuosus,モンツキクロフウキンチョウ
Loriotus rufiventer,キボウシクロフウキンチョウ
Lorius albidinucha,シロエリズグロインコ
Lorius chlorocercus,ヨダレカケズグロインコ
Lorius domicella,ズグロインコ
Lorius garrulus,ショウジョウインコ
Lorius hypoinochrous,ズグロオビロインコ
Lorius lory,オトメズグロインコ
Loxia curvirostra,イスカ
Loxia leucoptera,ナキイスカ
Loxia megaplaga,ヒスパニオライスカ
Loxia pytyopsittacus,ハシブトイスカ
Loxia scotica,スコットランドイスカ
Loxia sinesciuris,カッシアイスカ
Loxigilla barbadensis,バルバドスアカウソ
Loxigilla noctis,コクロアカウソ
Loxioides bailleui,キムネハワイマシコ
Loxipasser anoxanthus,キゴロモコメワリ
Loxops caeruleirostris,アケキ
Loxops coccineus,コバシハワイミツスイ
Loxops mana,ハワイキバシリ
Loxops ochraceus,マウイコバシハワイミツスイ
Loxops wolstenholmei,オアフコバシハワイミツスイ
Lullula arborea,モリヒバリ
Lurocalis rufiventris,チャバラヨタカ
Lurocalis semitorquatus,タンビヨタカ
Luscinia luscinia,ヤブサヨナキドリ
Luscinia megarhynchos,サヨナキドリ
Luscinia phaenicuroides,オリイヒタキ
Luscinia svecica,オガワコマドリ
Lybius chaplini,キバネゴシキドリ
Lybius guifsobalito,ハシグロゴシキドリ
Lybius leucocephalus,シロガシラゴシキドリ
Lybius rubrifacies,アカガオゴシキドリ
Lybius torquatus,クビワゴシキドリ
Lybius undatus,アビシニアゴシキドリ
Lybius vieilloti,マシコゴシキドリ
Lycocorax pyrrhopterus,カラスフウチョウ
Lymnocryptes minimus,コシギ
Lyncornis macrotis,オオミミヨタカ
Lyncornis temminckii,ミミヨタカ
Lyrurus mlokosiewiczi,コーカサスクロライチョウ
Lyrurus tetrix,クロライチョウ
Macgregoria pulchra,ハナガオフウチョウ
Machaerirhynchus flaviventer,キムネハシビロヒタキ
Machaerirhynchus nigripectus,ムナグロハシビロヒタキ
Machaeropterus deliciosus,キガタヒメマイコドリ
Machaeropterus eckelberryi,サイシキマイコドリ
Machaeropterus pyrocephalus,キマユヒメマイコドリ
Machaeropterus regulus,ヒメマイコドリ
Machaeropterus striolatus,シママイコドリ
Macheiramphus alcinus,コウモリダカ
Machetornis rixosa,ウシタイランチョウ
Machlolophus aplonotus,インドカンムリガラ
Machlolophus holsti,タイワンシジュウカラ
Machlolophus nuchalis,ハジロシジュウカラ
Machlolophus spilonotus,セボシカンムリガラ
Machlolophus xanthogenys,キホオカンムリガラ
Mackenziaena leachii,オビロアリモズ
Mackenziaena severa,エボシオビロアリモズ
Macroagelaius imthurni,キンフサムクドリモドキ
Macroagelaius subalaris,フサムクドリモドキ
Macrocephalon maleo,セレベスツカツクリ
Macronectes giganteus,オオフルマカモメ
Macronectes halli,キタオオフルマカモメ
Macronus ptilosus,ミノゲチメドリ
Macronus striaticeps,コシミノチメドリ
Macronyx ameliae,ベニバラツメナガタヒバリ
Macronyx aurantiigula,ササフツメナガタヒバリ
Macronyx capensis,アカノドツメナガタヒバリ
Macronyx croceus,キムネツメナガタヒバリ
Macronyx flavicollis,チャバラツメナガタヒバリ
Macronyx fuelleborni,キノドツメナガタヒバリ
Macronyx grimwoodi,クロスジツメナガタヒバリ
Macronyx sharpei,ヒバリツメナガタヒバリ
Macropygia amboinensis,バラムネオナガバト
Macropygia cinnamomea,エンガノオナガバト
Macropygia doreya,スルターンオナガバト
Macropygia emiliana,インドネシアオナガバト
Macropygia macassariensis,オオオナガバト
Macropygia mackinlayi,メラネシアオナガバト
Macropygia magna,ティモールオナガバト
Macropygia modiglianii,バルサンオナガバト
Macropygia nigrirostris,ハシグロオナガバト
Macropygia ruficeps,ヒメオナガバト
Macropygia rufipennis,アンダマンオナガバト
Macropygia tenuirostris,オナガバト
Macropygia timorlaoensis,タニンバルオナガバト
Macropygia unchall,ヨコジマオナガバト
Macrosphenus concolor,ハイイロハシナガムシクイ
Macrosphenus flavicans,キイロハシナガムシクイ
Macrosphenus kempi,チャイロハシナガムシクイ
Macrosphenus kretschmeri,オリーブハシナガムシクイ
Macrosphenus pulitzeri,アンゴラハシナガムシクイ
Magumma parva,コハワイミツスイ
Malacocincla abbotti,ハシブトムジチメドリ
Malacocincla perspicillata,クロマユムジチメドリ
Malacocincla sepiaria,ズグロムジチメドリ
Malaconotus alius,セグロオオヤブモズ
Malaconotus blanchoti,オオヤブモズ
Malaconotus cruentus,クロオビオオヤブモズ
Malaconotus gladiator,アオムネオオヤブモズ
Malaconotus lagdeni,シロスジオオヤブモズ
Malaconotus monteiri,アンゴラクロオビヤブモズ
Malacopteron affine,ズグロチャイロチメドリ
Malacopteron albogulare,ムナオビチャイロチメドリ
Malacopteron cinereum,コズアカチャイロチメドリ
Malacopteron magnirostre,ヒゲチャイロチメドリ
Malacopteron magnum,ズアカチャイロチメドリ
Malacopteron palawanense,パラワンチャイロチメドリ
Malacoptila fulvogularis,クロスジオオガシラ
Malacoptila fusca,ムナジロオオガシラ
Malacoptila mystacalis,シラヒゲオオガシラ
Malacoptila panamensis,コシラヒゲオオガシラ
Malacoptila rufa,アカエリオオガシラ
Malacoptila semicincta,チャエリオオガシラ
Malacoptila striata,ミカヅキオオガシラ
Malacorhynchus membranaceus,サザナミオオハシガモ
Malcorus pectoralis,ムナオビハウチワドリ
Malia grata,セレベスチメドリ
Malimbus ballmanni,バルマンモリハタオリ
Malimbus cassini,ノドグロモリハタオリ
Malimbus coronatus,アカボウシモリハタオリ
Malimbus erythrogaster,ヒオドシハタオリ
Malimbus ibadanensis,ムネアカモリハタオリ
Malimbus malimbicus,カンムリモリハタオリ
Malimbus nitens,ノドアカモリハタオリ
Malimbus racheliae,キムネモリハタオリ
Malimbus rubricollis,アカエリモリハタオリ
Malimbus scutatus,シリアカモリハタオリ
Malindangia mcgregori,ミンダナオオオサンショウクイ
Malurus alboscapulatus,カタジロオーストラリアムシクイ
Malurus amabilis,ケープヨークオーストラリアムシクイ
Malurus assimilis,ムナグロオーストラリアムシクイ
Malurus coronatus,ホオグロオーストラリアムシクイ
Malurus cyaneus,ルリオーストラリアムシクイ
Malurus cyanocephalus,アオパプアムシクイ
Malurus elegans,ウスアオオーストラリアムシクイ
Malurus lamberti,タサイオーストラリアムシクイ
Malurus leucopterus,ハジロオーストラリアムシクイ
Malurus melanocephalus,セアカオーストラリアムシクイ
Malurus pulcherrimus,アオムネオーストラリアムシクイ
Malurus splendens,ムラサキオーストラリアムシクイ
Manacus aurantiacus,オレンジマイコドリ
Manacus candei,ムナジロマイコドリ
Manacus manacus,シロクロマイコドリ
Manacus vitellinus,キノドマイコドリ
Mandingoa nitidula,オトヒメチョウ
Manorina flavigula,コシジロミツスイ
Manorina melanocephala,クロガオミツスイ
Manorina melanophrys,スズミツスイ
Manorina melanotis,ミミグロミツスイ
Manucodia ater,テリカラスフウチョウ
Manucodia chalybatus,アオムネカラスフウチョウ
Manucodia comrii,チヂレゲカラスフウチョウ
Manucodia jobiensis,コテリカラスフウチョウ
Mareca americana,アメリカヒドリ
Mareca falcata,ヨシガモ
Mareca marecula,アムステルダムガモ
Mareca penelope,ヒドリガモ
Mareca sibilatrix,ワキアカヒドリ
Mareca strepera,オカヨシガモ
Margarobyas lawrencii,ユビナガフクロウ
Margaroperdix madagarensis,マダガスカルシャコ
Margarops fuscatus,オオウロコツグミモドキ
Margarornis bellulus,ノドジロヒゲオカマドドリ
Margarornis rubiginosus,サビイロヒゲオカマドドリ
Margarornis squamiger,シンジュカマドドリ
Margarornis stellatus,ムナボシヒゲオカマドドリ
Marmaronetta angustirostris,ウスユキガモ
Mascarinus mascarinus,マスカリンインコ
Masius chrysopterus,キンカムリマイコドリ
Mayrimunia leucosticta,シロボシキンパラ
Mayrimunia tristissima,シロスジキンパラ
Mayrornis lessoni,フィジーヒタキ
Mayrornis schistaceus,サンタクルーズヒタキ
Mayrornis versicolor,キバラフィジーヒタキ
Mazaria propinqua,シロハラオナガカマドドリ
Mearnsia novaeguineae,パプアハリオアマツバメ
Mearnsia picina,フィリピンハリオアマツバメ
Mecocerculus calopterus,アカバネフタスジタイランチョウ
Mecocerculus hellmayri,キイロフタスジタイランチョウ
Mecocerculus leucophrys,フタスジタイランチョウ
Mecocerculus minor,キバラフタスジタイランチョウ
Mecocerculus poecilocercus,オジロフタスジタイランチョウ
Mecocerculus stictopterus,マミジロフタスジタイランチョウ
Megabyas flammulatus,タンビヒタキ
Megaceryle alcyon,アメリカヤマセミ
Megaceryle lugubris,ヤマセミ
Megaceryle maxima,オオヤマセミ
Megaceryle torquata,クビワヤマセミ
Megacrex inepta,パプアクイナ
Megadyptes antipodes,キンメペンギン
Megalampitta gigantea,オオクロチメドリ
Megaloprepia formosa,モルッカヒメアオバト
Megaloprepia magnifica,ワープーアオバト
Megalurus palustris,オニセッカ
Megapodius bernsteinii,スラツカツクリ
Megapodius cumingii,パラワンツカツクリ
Megapodius decollatus,ニューギニアツカツクリ
Megapodius eremita,メラネシアツカツクリ
Megapodius freycinet,ツカツクリ
Megapodius geelvinkianus,ビアクツカツクリ
Megapodius laperouse,マリアナツカツクリ
Megapodius layardi,バヌアツツカツクリ
Megapodius nicobariensis,ニコバルツカツクリ
Megapodius pritchardii,トンガツカツクリ
Megapodius reinwardt,オーストラリアツカツクリ
Megapodius tenimberensis,タニンバルツカツクリ
Megarynchus pitangua,オオハシタイランチョウ
Megascops albogularis,ノドジロオオコノハズク
Megascops asio,アメリカオオコノハズク
Megascops atricapilla,ズグロオオコノハズク
Megascops barbarus,ヒゲオオコノハズク
Megascops centralis,チョコオオコノハズク
Megascops choliba,スピックスコノハズク
Megascops clarkii,パナマオオコノハズク
Megascops cooperi,クーパーオオコノハズク
Megascops gilesi,サンタマルタオオコノハズク
Megascops guatemalae,キタホソジマオオコノハズク
Megascops hoyi,ユンガスオオコノハズク
Megascops ingens,アンデスオオコノハズク
Megascops kennicottii,ニシアメリカオオコノハズク
Megascops koepckeae,ケプケオオコノハズク
Megascops marshalli,アンデスコノハズク
Megascops petersoni,ニッケイコノハズク
Megascops roboratus,シロエリオオコノハズク
Megascops roraimae,ロライマオオコノハズク
Megascops sanctaecatarinae,ミミナガオオコノハズク
Megascops seductus,バルサスオオコノハズク
Megascops trichopsis,ヒゲコノハズク
Megascops watsonii,チャバラオオコノハズク
Megastictus margaritatus,シンジュアリモズ
Megatriorchis doriae,パプアオオタカ
Megaxenops parnaguae,ソリハシカマドドリ
Megazosterops palauensis,オニメジロ
Meiglyptes jugularis,クロカレハゲラ
Meiglyptes tristis,ヒメカレハゲラ
Meiglyptes tukki,カレハゲラ
Melaenornis annamarulae,リベリアクロヒタキ
Melaenornis ardesiacus,コンゴクロヒタキ
Melaenornis brunneus,アンゴラヒタキ
Melaenornis chocolatinus,スレートヒタキ
Melaenornis edolioides,クロヒタキ
Melaenornis fischeri,メジロハイビタキ
Melaenornis pammelaina,ミナミクロヒタキ
Melampitta lugubris,クロチメドリ
Melamprosops phaeosoma,カオグロハワイミツスイ
Melanerpes aurifrons,キバナシマセゲラ
Melanerpes cactorum,サボテンゲラ
Melanerpes candidus,シロキツツキ
Melanerpes carolinus,シマセゲラ
Melanerpes chrysauchen,キエリミヤビゲラ
Melanerpes chrysogenys,メガネシマセゲラ
Melanerpes cruentatus,マミジロミヤビゲラ
Melanerpes erythrocephalus,ズアカキツツキ
Melanerpes flavifrons,キノドミヤビゲラ
Melanerpes formicivorus,ドングリキツツキ
Melanerpes herminieri,グアドループキツツキ
Melanerpes hoffmannii,コスタリカキビタイシマセゲラ
Melanerpes hypopolius,ハイイロシマセゲラ
Melanerpes lewis,ルイスキツツキ
Melanerpes portoricensis,プエルトリコキツツキ
Melanerpes pucherani,ホオグロミヤビゲラ
Melanerpes pulcher,ウツクシミヤビゲラ
Melanerpes pygmaeus,ユカタンシマセゲラ
Melanerpes radiolatus,ジャマイカシマセゲラ
Melanerpes rubricapillus,シロビタイシマセゲラ
Melanerpes striatus,ヒスパニオラシマセゲラ
Melanerpes superciliaris,マユグロシマセゲラ
Melanerpes uropygialis,サバクシマセゲラ
Melaniparus afer,ハイイロガラ
Melaniparus albiventris,シロハラクロガラ
Melaniparus carpi,ナミビアクロガラ
Melaniparus cinerascens,ススイロガラ
Melaniparus fasciiventer,ムナグロガラ
Melaniparus fringillinus,カオアカガラ
Melaniparus funereus,クロガラ
Melaniparus griseiventris,キタハイイロガラ
Melaniparus guineensis,カタジロクロガラ
Melaniparus leucomelas,ハジロクロガラ
Melaniparus leuconotus,セジロクロガラ
Melaniparus niger,ミナミクロガラ
Melaniparus rufiventris,チャムネガラ
Melaniparus thruppi,ソマリアハイイロガラ
Melanitta americana,クロガモ
Melanitta deglandi,アメリカビロードキンクロ
Melanitta fusca,ヨーロッパビロードキンクロ
Melanitta nigra,ヨーロッパクロガモ
Melanitta perspicillata,アラナミキンクロ
Melanitta stejnegeri,ビロードキンクロ
Melanocharis arfakiana,チャイロパプアハナドリ
Melanocharis citreola,ビロードハナドリ
Melanocharis crassirostris,メスボシハナドリ
Melanocharis longicauda,ヤマパプアハナドリ
Melanocharis nigra,クロパプアハナドリ
Melanocharis striativentris,ムナフパプアハナドリ
Melanocharis versteri,オウギパプアハナドリ
Melanochlora sultanea,サルタンガラ
Melanocichla calva,ハゲガビチョウ
Melanocichla lugubris,クロガビチョウ
Melanocorypha bimaculata,クビワコウテンシ
Melanocorypha calandra,クロエリコウテンシ
Melanocorypha maxima,オオコウテンシ
Melanocorypha mongolica,コウテンシ
Melanocorypha yeltoniensis,クロコウテンシ
Melanodera melanodera,ノドグロシトド
Melanodera xanthogramma,ミドリノドグロシトド
Melanodryas bimaculata,コシジロパプアヒタキ
Melanodryas cryptoleuca,ハイイロパプアヒタキ
Melanodryas cucullata,クロズキンヒタキ
Melanodryas cyanus,ネズミパプアヒタキ
Melanodryas pulverulenta,マングローブヒタキ
Melanodryas sigillata,ハジロパプアヒタキ
Melanodryas vittata,タスマニアヒタキ
Melanopareia elegans,ヒメキマユオタテドリ
Melanopareia maranonica,キマユオタテドリ
Melanopareia maximiliani,ムナオビオタテドリ
Melanopareia torquata,アカエリオタテドリ
Melanoperdix niger,クマシャコ
Melanoptila glabrirostris,クロネコマネドリ
Melanorectes nigrescens,クロモリモズ
Melanospiza bicolor,ニショクコメワリ
Melanospiza richardsoni,セントルシアクロシトド
Melanotis caerulescens,アオマネシツグミ
Melanotis hypoleucus,シロハラアオマネシツグミ
Meleagris gallopavo,シチメンチョウ
Meleagris ocellata,ヒョウモンシチメンチョウ
Meliarchus sclateri,サンクリストバルミツスイ
Melichneutes robustus,タテゴトミツオシエ
Melidectes belfordi,アオガオヤマミツスイ
Melidectes foersteri,フェルスターヤマミツスイ
Melidectes leucostephes,シロガオヤマミツスイ
Melidectes ochromelas,ウロコヤマミツスイ
Melidectes rufocrissalis,ライヘノーヤマミツスイ
Melidectes torquatus,ニクダレヤマミツスイ
Melidora macrorrhina,カギハシショウビン
Melierax canorus,コシジロウタオオタカ
Melierax metabates,ウタオオタカ
Melierax poliopterus,ヒガシコシジロウタオオタカ
Melignomon eisentrauti,キアシミツオシエ
Melignomon zenkeri,コバシミツオシエ
Melilestes megarhynchus,ハシブトミツスイ
Melionyx fuscus,ススイロヤマミツスイ
Melionyx nouhuysi,ノドジロヤマミツスイ
Melionyx princeps,シラヒゲヤマミツスイ
Meliphacator provocator,カンダブミツスイ
Meliphaga aruensis,オリーブキミミミツスイ
Meliphaga lewinii,キミミミツスイ
Meliphaga notata,コキミミミツスイ
Melipotes ater,ヒガシキホオミツスイ
Melipotes carolae,フォジャミツスイ
Melipotes fumigatus,キホオミツスイ
Melipotes gymnops,ニシキホオミツスイ
Melithreptus affinis,ズグロミツスイ
Melithreptus albogularis,ノドジロハチマキミツスイ
Melithreptus brevirostris,チャガシラハチマキミツスイ
Melithreptus chloropsis,ニシハチマキミツスイ
Melithreptus gularis,ノドグロハチマキミツスイ
Melithreptus lunatus,ハチマキミツスイ
Melithreptus validirostris,オリーブハチマキミツスイ
Melitograis gilolensis,ハルマヘラハゲミツスイ
Mellisuga helenae,マメハチドリ
Mellisuga minima,コビトハチドリ
Melloria quoyi,クロモズガラス
Melocichla mentalis,ヒゲクサムシクイ
Melopsittacus undulatus,セキセイインコ
Melopyrrha grandis,セントキッツクロウソ
Melopyrrha nigra,キューバクロウソ
Melopyrrha portoricensis,オオクロアカウソ
Melopyrrha violacea,クロアカウソ
Melospiza georgiana,ヌマウタスズメ
Melospiza lincolnii,ヒメウタスズメ
Melospiza melodia,ウタスズメ
Melozone aberti,メグロトウヒチョウ
Melozone albicollis,ノドジロトウヒチョウ
Melozone biarcuata,カオジロシトド
Melozone cabanisi,コスタリカシトド
Melozone crissalis,カリフォルニアムジトウヒチョウ
Melozone fusca,ムジトウヒチョウ
Melozone kieneri,アカガシラシトド
Melozone leucotis,ミミジロシトド
Menelikornis leucotis,ホオジロエボシドリ
Menelikornis ruspolii,シラガエボシドリ
Mentocrex beankaensis,ハリヤマクイナ
Mentocrex kioloides,マダガスカルクイナ
Menura alberti,アルバートコトドリ
Menura novaehollandiae,コトドリ
Merganetta armata,ヤマガモ
Mergellus albellus,ミコアイサ
Mergus australis,オークランドアイサ
Mergus merganser,カワアイサ
Mergus octosetaceus,クロアイサ
Mergus serrator,ウミアイサ
Mergus squamatus,コウライアイサ
Meropogon forsteni,セレベスハチクイ
Merops albicollis,ノドジロハチクイ
Merops americanus,アカカンムリハチクイ
Merops apiaster,ヨーロッパハチクイ
Merops boehmi,ズアカハチクイ
Merops breweri,ズグロハチクイ
Merops bullockoides,シロビタイハチクイ
Merops bulocki,アカノドハチクイ
Merops gularis,クロハチクイ
Merops hirundineus,エンビハチクイ
Merops leschenaulti,チャガシラハチクイ
Merops malimbicus,バライロハチクイ
Merops mentalis,アオヒゲハチクイ
Merops muelleri,ムラサキハチクイ
Merops nubicoides,ミナミベニハチクイ
Merops nubicus,キタベニハチクイ
Merops oreobates,チャムネハチクイ
Merops orientalis,ミドリハチクイ
Merops ornatus,ハチクイ
Merops persicus,ルリホオハチクイ
Merops philippinus,ルリオハチクイ
Merops pusillus,ヒメハチクイ
Merops revoilii,ソマリアハチクイ
Merops superciliosus,マダガスカルハチクイ
Merops variegatus,ルリムネハチクイ
Merops viridis,ルリノドハチクイ
Merulaxis ater,ケビタイオタテドリ
Merulaxis stresemanni,オオケビタイオタテドリ
Mesembrinibis cayennensis,アオアシトキ
Mesitornis unicolor,クリイロクイナモドキ
Mesitornis variegatus,ムナジロクイナモドキ
Metabolus rugensis,カワリヒタキ
Metallura aeneocauda,ウロコテリオハチドリ
Metallura baroni,フジノドテリオハチドリ
Metallura eupogon,ヒノドテリオハチドリ
Metallura iracunda,アカオハチドリ
Metallura odomae,ネブリナテリオハチドリ
Metallura phoebe,クロテリオハチドリ
Metallura theresiae,ドウイロテリオハチドリ
Metallura tyrianthina,エメラルドテリオハチドリ
Metallura williami,キンミドリテリオハチドリ
Metopidius indicus,アジアレンカク
Metopothrix aurantiaca,ベニビタイカマドドリ
Metriopelia aymara,キンボシハシリバト
Metriopelia ceciliae,アカガオハシリバト
Metriopelia melanoptera,ハグロハシリバト
Metriopelia morenoi,キガオハシリバト
Micrastur buckleyi,シロエリモリハヤブサ
Micrastur gilvicollis,ヒメモリハヤブサ
Micrastur mintoni,インペイモリハヤブサ
Micrastur mirandollei,アオモリハヤブサ
Micrastur plumbeus,ハイイロモリハヤブサ
Micrastur ruficollis,ヨコジマモリハヤブサ
Micrastur semitorquatus,クビワモリハヤブサ
Micrathene whitneyi,サボテンフクロウ
Microbates cinereiventris,ハイバラブユムシクイ
Microbates collaris,チャイロブユムシクイ
Microcarbo africanus,アフリカコビトウ
Microcarbo coronatus,ミナミアフリカコビトウ
Microcarbo melanoleucos,シロハラコビトウ
Microcarbo niger,アジアコビトウ
Microcarbo pygmaeus,コビトウ
Microcerculus bambla,シロオビナキミソサザイ
Microcerculus marginatus,ミナミナキミソサザイ
Microcerculus philomela,キタナキミソサザイ
Microcerculus ustulatus,フエフキミソサザイ
Microchera albocoronata,ワタボウシハチドリ
Microchera chionura,オジロエメラルドハチドリ
Microchera cupreiceps,ドウボウシハチドリ
Microdynamis parva,クロボウシカッコウ
Microeca fascinans,オジロオリーブヒタキ
Microeca flavigaster,レモンオリーブヒタキ
Microeca hemixantha,タニンバルオリーブヒタキ
Microgoura meeki,カンザシバト
Microhierax caerulescens,モモアカヒメハヤブサ
Microhierax erythrogenys,フィリピンヒメハヤブサ
Microhierax fringillarius,モモグロヒメハヤブサ
Microhierax latifrons,ボルネオヒメハヤブサ
Microhierax melanoleucos,シロハラヒメハヤブサ
Microligea palustris,アカアメリカムシクイ
Micromacronus leytensis,ヒメコシミノチメドリ
Micromacronus sordidus,ミンダナオヒメコシミノチメドリ
Micromonacha lanceolata,ヒメオオガシラ
Micronisus gabar,カワリウタオオタカ
Microparra capensis,ヒメレンカク
Micropsitta bruijnii,アカガシラケラインコ
Micropsitta finschii,ソロモンケラインコ
Micropsitta geelvinkiana,キバラケラインコ
Micropsitta keiensis,キガシラケラインコ
Micropsitta meeki,シマバラケラインコ
Micropsitta pusio,アオボウシケラインコ
Micropternus brachyurus,クリチャゲラ
Microptilotis albonotatus,シロフサミツスイ
Microptilotis analogus,ミドリキミミミツスイ
Microptilotis cinereifrons,ズグロキミミミツスイ
Microptilotis flavirictus,キスジキミミミツスイ
Microptilotis gracilis,ハシボソキミミミツスイ
Microptilotis imitatrix,ニセハシボソキミミミツスイ
Microptilotis mimikae,ムナボシキミミミツスイ
Microptilotis montanus,ミヤマミミジロミツスイ
Microptilotis orientalis,コムナボシキミミミツスイ
Microptilotis vicina,タグラキミミミツスイ
Microrhopias quixensis,シロボシアリサザイ
Microspingus alticola,ミヤママユシトド
Microspingus cabanisi,ハイノドマユシトド
Microspingus cinereus,ハイイロシトド
Microspingus erythrophrys,アカマユシトド
Microspingus lateralis,コシアカマユシトド
Microspingus melanoleucus,ズグロシトド
Microspingus torquatus,コバシマユシトド
Microspingus trifasciatus,ミスジモリフウキンチョウ
Microspizias collaris,ナンベイアカエリツミ
Microspizias superciliosus,ヒメハイタカ
Microstilbon burmeisteri,ホソオハチドリ
Microtarsus fuscoflavescens,アンダマンヒヨドリ
Microtarsus melanocephalos,ズグロヒヨドリ
Microtarsus melanoleucos,モンツキヒヨドリ
Microtarsus nieuwenhuisii,アオメヒヨドリ
Microtarsus priocephalus,ハイガシラヒヨドリ
Microtarsus urostictus,メガネヒヨドリ
Microxenops milleri,アカオヒメカマドドリ
Milvus migrans,トビ
Milvus milvus,アカトビ
Mimus dorsalis,チャイロマネシツグミ
Mimus gilvus,フナシマネシツグミ
Mimus graysoni,ソコロマネシツグミ
Mimus gundlachii,バハママネシツグミ
Mimus longicaudatus,クロヒゲマネシツグミ
Mimus macdonaldi,フッドマネシツグミ
Mimus melanotis,サンクリストバルマネシツグミ
Mimus parvulus,ガラパゴスマネシツグミ
Mimus patagonicus,パタゴニアマネシツグミ
Mimus polyglottos,マネシツグミ
Mimus saturninus,マミジロマネシツグミ
Mimus thenca,チリマネシツグミ
Mimus trifasciatus,チャールズマネシツグミ
Mimus triurus,ハジロマネシツグミ
Minla ignotincta,アカオコバシチメドリ
Mino anais,キムネムクドリ
Mino dumontii,キガオムクドリ
Mino kreffti,オナガムクドリ
Mionectes macconnelli,ムジオリーブハエトリ
Mionectes oleagineus,チャバラオリーブハエトリ
Mionectes olivaceus,シロボシオリーブハエトリ
Mionectes rufiventris,ハイガシラオリーブハエトリ
Mionectes striaticollis,オリーブハエトリ
Mirafra albicauda,オジロヤブヒバリ
Mirafra cheniana,ナンアヤブヒバリ
Mirafra cordofanica,サメイロヤブヒバリ
Mirafra javanica,ヤブヒバリ
Mirafra passerina,ヒトコエヤブヒバリ
Mirafra pulpa,エチオピアヤブヒバリ
Mirafra williamsi,ケニアヤブヒバリ
Mitrephanes olivaceus,オリーブフサボウシハエトリ
Mitrephanes phaeocercus,フサボウシハエトリ
Mitrospingus cassinii,ヨゴレフウキンチョウ
Mitrospingus oleagineus,セオリーブフウキンチョウ
Mitu mitu,チャバラホウカンチョウ
Mitu salvini,シロハラホウカンチョウ
Mitu tomentosum,コチャバラホウカンチョウ
Mitu tuberosum,アマゾンホウカンチョウ
Mixornis bornensis,シマムシクイチメドリ
Mixornis flavicollis,ハイガオムシクイチメドリ
Mixornis gularis,ムナフムシクイチメドリ
Mixornis kelleyi,アンナンムシクイチメドリ
Mniotilta varia,シロクロアメリカムシクイ
Modulatrix stictigula,ノドボシツグミヒタキ
Moho apicalis,ワキフサミツスイ
Moho bishopi,ミミフサミツスイ
Moho braccatus,キモモミツスイ
Moho nobilis,ムネフサミツスイ
Mohoua albicilla,シロモフアムシクイ
Mohoua novaeseelandiae,ニュージーランドムシクイ
Mohoua ochrocephala,キイロモフアムシクイ
Molothrus aeneus,クロコウウチョウ
Molothrus ater,コウウチョウ
Molothrus bonariensis,テリバネコウウチョウ
Molothrus oryzivorus,オオコウウチョウ
Molothrus rufoaxillaris,ナキコウウチョウ
Momotus aequatorialis,タカネハチクイモドキ
Momotus bahamensis,トリニダードハチクイモドキ
Momotus coeruliceps,アオズキンハチクイモドキ
Momotus lessonii,レッソンハチクイモドキ
Momotus mexicanus,チャズキンハチクイモドキ
Momotus momota,ハチクイモドキ
Momotus subrufescens,ナキハチクイモドキ
Monachella muelleriana,ハグロシロヒタキ
Monarcha castaneiventris,チャバラカササギビタキ
Monarcha cinerascens,ハイイロカササギビタキ
Monarcha frater,ハグロカササギビタキ
Monarcha godeffroyi,カササギビタキ
Monarcha melanopsis,カオグロカササギビタキ
Monarcha richardsii,ソロモンカササギビタキ
Monarcha takatsukasae,チャバラビタキ
Monasa atra,クロアマドリ
Monasa flavirostris,キバシクロアマドリ
Monasa morphoeus,シロビタイアマドリ
Monasa nigrifrons,クロビタイアマドリ
Monias benschi,メスアカクイナモドキ
Montecincla cachinnans,ニルギリガビチョウ
Montecincla fairbanki,パラニガビチョウ
Montecincla jerdoni,バナスラガビチョウ
Montecincla meridionalis,アシャンブガビチョウ
Monticola angolensis,ホシイソヒヨ
Monticola brevipes,シロガシライソヒヨ
Monticola cinclorhyncha,モンツキイソヒヨドリ
Monticola explorator,コシアカイソヒヨ
Monticola gularis,ヒメイソヒヨ
Monticola imerina,カワリツグミヒタキ
Monticola rufiventris,カオグロイソヒヨドリ
Monticola rufocinereus,コイソヒヨ
Monticola rupestris,ルリガシライソヒヨ
Monticola saxatilis,コシジロイソヒヨドリ
Monticola semirufus,ハジロガケヒタキ
Monticola sharpei,モリカワリツグミ
Monticola solitarius,イソヒヨドリ
Montifringilla adamsi,ハジロユキスズメ
Montifringilla henrici,チベットユキスズメ
Montifringilla nivalis,ユキスズメ
Morococcyx erythropygus,チビミチバシリ
Morphnarchus princeps,ヨコジマノスリ
Morphnus guianensis,ヒメオウギワシ
Morus bassanus,シロカツオドリ
Morus capensis,ケープシロカツオドリ
Morus serrator,オーストラリアシロカツオドリ
Motacilla aguimp,ハジロハクセキレイ
Motacilla alba,ハクセキレイ
Motacilla bocagii,サントメムシクイ
Motacilla capensis,サメハクセキレイ
Motacilla cinerea,キセキレイ
Motacilla citreola,キガシラセキレイ
Motacilla clara,ハイイロハクセキレイ
Motacilla flava,ニシツメナガセキレイ
Motacilla flaviventris,マダガスカルセキレイ
Motacilla grandis,セグロセキレイ
Motacilla maderaspatensis,オオハクセキレイ
Motacilla samveasnae,メコンセキレイ
Motacilla tschutschensis,ツメナガセキレイ
Moupinia poecilotis,センニュウチメドリ
Mulleripicus fuliginosus,ミナミクロボウシゲラ
Mulleripicus fulvus,ツラアカボウシゲラ
Mulleripicus funebris,キタクロボウシゲラ
Mulleripicus pulverulentus,ボウシゲラ
Mundia elpenor,アセンションクイナ
Muscicapa adusta,アフリカコサメビタキ
Muscicapa aquatica,ヌマヒタキ
Muscicapa cassini,シロハラサメビタキ
Muscicapa dauurica,コサメビタキ
Muscicapa epulata,コハイイロヒタキ
Muscicapa ferruginea,ミヤマヒタキ
Muscicapa gambagae,アフリカムナフヒタキ
Muscicapa griseisticta,エゾビタキ
Muscicapa muttui,チャムネサメビタキ
Muscicapa randi,フィリピンコサメビタキ
Muscicapa segregata,スンバサメビタキ
Muscicapa sethsmithi,キアシビタキ
Muscicapa sibirica,サメビタキ
Muscicapa sodhii,スラウェシサメビタキ
Muscicapa striata,ムナフヒタキ
Muscicapa williamsoni,ミナミコサメビタキ
Muscigralla brevicauda,アシナガタイランチョウ
Muscipipra vetula,ハサミオタイランチョウ
Muscisaxicola albifrons,オオイワタイランチョウ
Muscisaxicola albilora,マミジロイワタイランチョウ
Muscisaxicola alpinus,チャボウシイワタイランチョウ
Muscisaxicola capistratus,チャバライワタイランチョウ
Muscisaxicola cinereus,ハイイロイワタイランチョウ
Muscisaxicola flavinucha,シロビタイイワタイランチョウ
Muscisaxicola frontalis,クロビタイイワタイランチョウ
Muscisaxicola griseus,ネズミイワタイランチョウ
Muscisaxicola juninensis,コウゲンイワタイランチョウ
Muscisaxicola maclovianus,カオグロイワタイランチョウ
Muscisaxicola maculirostris,コバシイワタイランチョウ
Muscisaxicola rufivertex,イワタイランチョウ
Mustelirallus albicollis,ナンベイヒメクイナ
Mustelirallus cerverai,キューバクイナ
Mustelirallus colombianus,コロンビアヒメクイナ
Mustelirallus erythrops,アカアシヒメクイナ
Myadestes coloratus,キタキバシヒトリツグミ
Myadestes elisabeth,キューバヒトリツグミ
Myadestes genibarbis,アカノドヒトリツグミ
Myadestes lanaiensis,ラナイヒトリツグミ
Myadestes melanops,ズグロヒトリツグミ
Myadestes myadestinus,カウアイヒトリツグミ
Myadestes obscurus,ハワイツグミ
Myadestes occidentalis,クリセヒトリツグミ
Myadestes palmeri,カウアイツグミ
Myadestes ralloides,キバシヒトリツグミ
Myadestes townsendi,ハエトリツグミ
Myadestes unicolor,ムジヒトリツグミ
Myadestes woahensis,オアフヒトリツグミ
Mycerobas affinis,キバシキンクロシメ
Mycerobas carnipes,ハジロクロシメ
Mycerobas icterioides,キンクロシメ
Mycerobas melanozanthos,キバラクロシメ
Mycteria americana,アメリカトキコウ
Mycteria cinerea,シロトキコウ
Mycteria ibis,アフリカトキコウ
Mycteria leucocephala,インドトキコウ
Myiagra albiventris,サモアヒラハシ
Myiagra alecto,テリヒラハシ
Myiagra atra,ミソルクロヒラハシ
Myiagra azureocapilla,フィジーヒラハシ
Myiagra caledonica,カレドニアヒラハシ
Myiagra castaneigularis,ノドアカヒラハシ
Myiagra cervinicauda,キガシラヒラハシ
Myiagra cyanoleuca,ビロードヒラハシ
Myiagra erythrops,ヒメヒラハシ
Myiagra ferrocyanea,アオヒラハシ
Myiagra freycineti,マリアナヒラハシ
Myiagra galeata,カンムリヒラハシ
Myiagra hebetior,ススイロヒラハシ
Myiagra inquieta,フタイロヒタキ
Myiagra nana,ヒメフタイロヒタキ
Myiagra oceanica,ヒラハシ
Myiagra pluto,クロヒラハシ
Myiagra rubecula,ナマリイロヒラハシ
Myiagra ruficollis,ヒロハシヒラハシ
Myiagra vanikorensis,アカハシヒラハシ
Myiarchus antillarum,プエルトリコヒタキモドキ
Myiarchus apicalis,シロオビオオヒタキモドキ
Myiarchus barbirostris,ジャマイカヒタキモドキ
Myiarchus cephalotes,シロヘリオオヒタキモドキ
Myiarchus cinerascens,ハイノドヒタキモドキ
Myiarchus crinitus,オオヒタキモドキ
Myiarchus ferox,ハシグロオオヒタキモドキ
Myiarchus magnirostris,ガラパゴスヒタキモドキ
Myiarchus nugator,グレナダヒタキモドキ
Myiarchus nuttingi,ウスノドヒタキモドキ
Myiarchus oberi,ドミニカヒタキモドキ
Myiarchus panamensis,パナマヒタキモドキ
Myiarchus phaeocephalus,ズグロオオヒタキモドキ
Myiarchus sagrae,バハマヒタキモドキ
Myiarchus semirufus,アカハラヒタキモドキ
Myiarchus stolidus,アカオヒタキモドキ
Myiarchus swainsoni,アカハシヒタキモドキ
Myiarchus tuberculifer,オリーブヒタキモドキ
Myiarchus tyrannulus,シロハラオオヒタキモドキ
Myiarchus validus,アカオオオヒタキモドキ
Myiarchus venezuelensis,ベネズエラヒタキモドキ
Myiarchus yucatanensis,ユカタンヒタキモドキ
Myiobius atricaudus,オナガキゴシハエトリ
Myiobius barbatus,ヒゲキゴシハエトリ
Myiobius sulphureipygius,キゴシハエトリ
Myiobius villosus,チャムネキゴシハエトリ
Myioborus albifacies,カオジロアメリカムシクイ
Myioborus albifrons,シロビタイアメリカムシクイ
Myioborus brunniceps,チャボウシアメリカムシクイ
Myioborus cardonai,キムネアメリカムシクイ
Myioborus castaneocapilla,アメリカムシクイ
Myioborus flavivertex,キクイタダキアメリカムシクイ
Myioborus melanocephalus,カワリアメリカムシクイ
Myioborus miniatus,ベニイタダキアメリカムシクイ
Myioborus ornatus,キンガシラアメリカムシクイ
Myioborus pariae,キガオアメリカムシクイ
Myioborus pictus,カタジロアメリカムシクイ
Myioborus torquatus,クビワアメリカムシクイ
Myiodynastes bairdii,オオブチタイランチョウ
Myiodynastes chrysocephalus,キンカムリブチタイランチョウ
Myiodynastes hemichrysus,ウスブチタイランチョウ
Myiodynastes luteiventris,キバラブチタイランチョウ
Myiodynastes maculatus,ブチタイランチョウ
Myiomela diana,シロビタイコンヒタキ
Myiomela leucura,コンヒタキ
Myiopagis caniceps,ハイイロキクイタダキモドキ
Myiopagis cotta,ジャマイカキクイタダキモドキ
Myiopagis flavivertex,キクイタダキモドキ
Myiopagis gaimardii,モリキクイタダキモドキ
Myiopagis olallai,サンロクキクイタダキモドキ
Myiopagis subplacens,ニシキクイタダキモドキ
Myiopagis viridicata,ミドリキクイタダキモドキ
Myiophobus cryptoxanthus,オリーブフタスジハエトリ
Myiophobus fasciatus,フタスジハエトリ
Myiophobus flavicans,キバラフタスジハエトリ
Myiophobus inornatus,ムジフタスジハエトリ
Myiophobus phoenicomitra,アカイタダキフタスジハエトリ
Myiophobus roraimae,コフタスジハエトリ
Myiopsitta monachus,オキナインコ
Myiornis albiventris,ペルーコビトタイランチョウ
Myiornis atricapillus,コビトタイランチョウ
Myiornis auricularis,ミミグロコビトタイランチョウ
Myiornis ecaudatus,タンビコビトタイランチョウ
Myiotheretes fumigatus,チャイロヤブタイランチョウ
Myiotheretes fuscorufus,アカハラヤブタイランチョウ
Myiotheretes pernix,サンタマルタヤブタイランチョウ
Myiotheretes striaticollis,ヤブタイランチョウ
Myiothlypis basilica,サンタマルタアメリカムシクイ
Myiothlypis bivittata,フタオビアメリカムシクイ
Myiothlypis chlorophrys,チョコアメリカムシクイ
Myiothlypis chrysogaster,キンパラアメリカムシクイ
Myiothlypis cinereicollis,ハイノドアメリカムシクイ
Myiothlypis conspicillata,シロガシラアメリカムシクイ
Myiothlypis coronata,アカイタダキアメリカムシクイ
Myiothlypis flaveola,ウグイスアメリカムシクイ
Myiothlypis fraseri,セアオアメリカムシクイ
Myiothlypis fulvicauda,チャゴシアメリカムシクイ
Myiothlypis griseiceps,ハイガシラアメリカムシクイ
Myiothlypis leucoblephara,セミドリアメリカムシクイ
Myiothlypis leucophrys,シロハラオリーブアメリカムシクイ
Myiothlypis luteoviridis,レモンアメリカムシクイ
Myiothlypis nigrocristata,クロイタダキアメリカムシクイ
Myiothlypis rivularis,ミズベアメリカムシクイ
Myiothlypis signata,シロアシアメリカムシクイ
Myiotriccus ornatus,キゴシタイランチョウ
Myiozetetes cayanensis,キバラヒタキモドキ
Myiozetetes granadensis,ハイボウシヒタキモドキ
Myiozetetes luteiventris,ムナフヒタキモドキ
Myiozetetes similis,アカボウシヒタキモドキ
Myophonus blighi,セイロンルリチョウ
Myophonus borneensis,ボルネオルリチョウ
Myophonus caeruleus,オオルリチョウ
Myophonus castaneus,クリバネルリチョウ
Myophonus glaucinus,スンダルリチョウ
Myophonus horsfieldii,インドルリチョウ
Myophonus insularis,ルリチョウ
Myophonus melanurus,スマトラルリチョウ
Myophonus robinsoni,マレールリチョウ
Myopornis boehmi,ヤガスリヒタキ
Myornis senilis,ハイイロオタテドリ
Myrmeciza longipes,シロハラアリドリ
Myrmecocichla aethiops,アリヒタキ
Myrmecocichla arnotti,シロガシラアリヒタキ
Myrmecocichla collaris,エリマキアリヒタキ
Myrmecocichla formicivora,ハジロアリヒタキ
Myrmecocichla melaena,シロモンアリヒタキ
Myrmecocichla monticola,カタジロサバクヒタキ
Myrmecocichla nigra,クロアリヒタキ
Myrmecocichla tholloni,ハイイロアリヒタキ
Myrmelastes brunneiceps,チャガシラアリドリ
Myrmelastes caurensis,オオズグロアリドリ
Myrmelastes humaythae,フマイタアリドリ
Myrmelastes hyperythrus,ナマリイロアリドリ
Myrmelastes leucostigma,シロボシズグロアリドリ
Myrmelastes rufifacies,アカガオアリドリ
Myrmelastes saturatus,ロライマアリドリ
Myrmelastes schistaceus,クリガシラアリドリ
Myrmia micrura,チビオハチドリ
Myrmoborus leucophrys,マミジロアリドリ
Myrmoborus lophotes,ズアカアリドリ
Myrmoborus lugubris,ハイムネアリドリ
Myrmoborus melanurus,オグロアリドリ
Myrmoborus myotherinus,カオグロアリドリ
Myrmochanes hemileucus,シロクロアリドリ
Myrmoderus eowilsoni,サエズリアリドリ
Myrmoderus ferrugineus,クリイロアリドリ
Myrmoderus loricatus,キマユアリドリ
Myrmoderus ruficauda,アカオアリドリ
Myrmoderus squamosus,ウロコアリドリ
Myrmophylax atrothorax,ノドグロアリドリ
Myrmorchilus strigilatus,タテジマアリドリ
Myrmornis torquata,ミスジアリツグミ
Myrmothera berlepschi,アマゾンモリジアリドリ
Myrmothera campanisona,アシナガアリドリ
Myrmothera dives,キバラモリジアリドリ
Myrmothera fulviventris,シロビタイモリジアリドリ
Myrmothera simplex,チャムネアシナガアリドリ
Myrmothera subcanescens,タパジョースアリドリ
Myrmotherula ambigua,キノドヒメアリサザイ
Myrmotherula assimilis,ネズミヒメアリサザイ
Myrmotherula axillaris,ワキジロヒメアリサザイ
Myrmotherula behni,ムナグロヒメアリサザイ
Myrmotherula brachyura,ヒメアリサザイ
Myrmotherula cherriei,クロスジヒメアリサザイ
Myrmotherula fluminensis,ブラジルヒメアリサザイ
Myrmotherula grisea,ズグロヒメアリサザイ
Myrmotherula ignota,コバシヒメアリサザイ
Myrmotherula iheringi,ハシブトヒメアリサザイ
Myrmotherula klagesi,セグロヒメアリサザイ
Myrmotherula longicauda,シマヒメアリサザイ
Myrmotherula longipennis,マミジロヒメアリサザイ
Myrmotherula menetriesii,ハイバラヒメアリサザイ
Myrmotherula minor,シラナミヒメアリサザイ
Myrmotherula multostriata,アマゾンヒメアリサザイ
Myrmotherula pacifica,タイヘイヒメアリサザイ
Myrmotherula schisticolor,ハイイロヒメアリサザイ
Myrmotherula sclateri,キムネヒメアリサザイ
Myrmotherula snowi,アラゴアスアリサザイ
Myrmotherula sunensis,タンビハイイロヒメアリサザイ
Myrmotherula surinamensis,タテジマヒメアリサザイ
Myrmotherula unicolor,ムジヒメアリサザイ
Myrmotherula urosticta,オビオヒメアリサザイ
Myrtis fanny,オウギオハチドリ
Mystacornis crossleyi,ハシナガマダガスカルチメドリ
Myza celebensis,チャイロセレベスミツスイ
Myza sarasinorum,セレベスミツスイ
Myzomela adolphinae,ヤマズアカミツスイ
Myzomela albigula,ノドジロミツスイ
Myzomela blasii,アンボンミツスイ
Myzomela boiei,バンダミツスイ
Myzomela caledonica,カレドニアミツスイ
Myzomela cardinalis,ミツスイ
Myzomela chermesina,ムネアカミツスイ
Myzomela chloroptera,セレベスクレナイミツスイ
Myzomela cineracea,ビスマルクミツスイ
Myzomela cruentata,アカミツスイ
Myzomela dammermani,スンバミツスイ
Myzomela eichhorni,コシアカミツスイ
Myzomela eques,アカボシミツスイ
Myzomela erythrocephala,ズアカミツスイ
Myzomela erythromelas,クロハラミツスイ
Myzomela irianawidodoae,ロテミツスイ
Myzomela jugularis,フィジーミツスイ
Myzomela kuehni,シロハラミツスイ
Myzomela lafargei,アカエリミツスイ
Myzomela malaitae,マライタミツスイ
Myzomela melanocephala,クロガシラミツスイ
Myzomela nigrita,クロミツスイ
Myzomela nigriventris,サモアミツスイ
Myzomela obscura,コゲチャミツスイ
Myzomela pammelaena,コクタンミツスイ
Myzomela prawiradilagae,アロールミツスイ
Myzomela pulchella,ニューアイルランドミツスイ
Myzomela rosenbergii,クロアカミツスイ
Myzomela rubratra,ミクロネシアミツスイ
Myzomela sanguinolenta,クレナイミツスイ
Myzomela sclateri,ノドアカミツスイ
Myzomela tristrami,ソロモンミツスイ
Myzomela vulnerata,チモールミツスイ
Myzomela wahe,タリアブミツスイ
Myzomela wakoloensis,モルッカミツスイ
Myzornis pyrrhoura,ゴシキチメドリ
Namibornis herero,ヘレロノビタキ
Nannococcyx psix,セントヘレナカッコウ
Nannopsittaca dachilleae,アマゾンスズメインコ
Nannopsittaca panychlora,ミドリスズメインコ
Nannopsittacus gulielmitertii,ホオグロイチジクインコ
Nannopterum auritum,ミミヒメウ
Nannopterum brasilianum,ナンベイヒメウ
Nannopterum harrisi,ガラパゴスコバネウ
Napothera albostriata,スマトラハシナガサザイチメドリ
Napothera danjoui,アンナンハシナガチメドリ
Napothera epilepidota,コサザイチメドリ
Napothera malacoptila,ハシナガサザイチメドリ
Napothera naungmungensis,ビルマハシナガチメドリ
Napothera pasquieri,ベトナムサザイチメドリ
Nasica longirostris,オオオニキバシリ
Neafrapus boehmi,ダルマハリオアマツバメ
Neafrapus cassini,ミジカオハリオアマツバメ
Necropsar rodericanus,ロドリゲスムクドリ
Necropsittacus rodricanus,ロドリゲスインコ
Necrosyrtes monachus,ズキンハゲワシ
Nectarinia bocagii,クロムラサキオナガタイヨウチョウ
Nectarinia famosa,ミドリオナガタイヨウチョウ
Nectarinia johnstoni,アカフサオナガタイヨウチョウ
Nectarinia kilimensis,ブロンズオナガタイヨウチョウ
Nectarinia purpureiventris,ムラサキオナガタイヨウチョウ
Nectarinia tacazze,ルビーオナガタイヨウチョウ
Nemosia pileata,ズキンフウキンチョウ
Nemosia rourei,バラノドズキンフウキンチョウ
Nengetus cinereus,ハイムネタイランチョウ
Neochen jubata,オリノコガン
Neochmia phaeton,アサヒスズメ
Neochmia temporalis,フヨウチョウ
Neocichla gutturalis,ハジロムクドリ
Neocossyphus poensis,オジロアリクイツグミ
Neocossyphus rufus,アリクイツグミ
Neoctantes niger,クロヤブアリドリ
Neodrepanis coruscans,ニセタイヨウチョウ
Neodrepanis hypoxantha,コバシニセタイヨウチョウ
Neohierax insignis,アジアコビトハヤブサ
Neolalage banksiana,ニューヘブリデスヒタキ
Neolestes torquatus,クロエリヒヨドリ
Neomixis striatigula,クロスジニセムシクイチメドリ
Neomixis tenella,クビワニセムシクイチメドリ
Neomixis viridis,ミドリニセムシクイチメドリ
Neomorphus geoffroyi,チャバラアメリカジカッコウ
Neomorphus pucheranii,アカハシアメリカジカッコウ
Neomorphus radiolosus,シマアメリカジカッコウ
Neomorphus rufipennis,アカメアメリカジカッコウ
Neomorphus squamiger,ウロコアメリカジカッコウ
Neopelma aurifrons,キビタイマイコドリ
Neopelma chrysocephalum,キボウシマイコドリ
Neopelma chrysolophum,オウゴンカンムリマイコドリ
Neopelma pallescens,シロハラマイコドリ
Neopelma sulphureiventer,キバラマイコドリ
Neophedina cincta,マユジロショウドウツバメ
Neophema chrysogaster,アカハラワカバインコ
Neophema chrysostoma,ワカバインコ
Neophema elegans,ワカナインコ
Neophema petrophila,イワクサインコ
Neophema pulchella,キキョウインコ
Neophema splendida,ヒムネキキョウインコ
Neophilydor erythrocercum,コシアカマユカマドドリ
Neophilydor fuscipenne,ハイバネカマドドリ
Neophron percnopterus,エジプトハゲワシ
Neopipo cinnamomea,ニッケイマイコドリ
Neopsephotus bourkii,アキクサインコ
Neopsittacus musschenbroekii,タカネインコ
Neopsittacus pullicauda,アルプスインコ
Neosericornis citreogularis,キノドヤブムシクイ
Neothraupis fasciata,カタジロフウキンチョウ
Neotis denhami,アフリカチュウノガン
Neotis heuglinii,チュウノガン
Neotis ludwigii,ナンアチュウノガン
Neotis nuba,ヌビアチュウノガン
Neoxolmis coronatus,クロボウシタイランチョウ
Neoxolmis rubetra,セアカシロタイランチョウ
Neoxolmis rufiventris,アカハラタイランチョウ
Neoxolmis salinarum,サリナスタイランチョウ
Nephelomyias lintoni,アカバネフタスジハエトリ
Nephelomyias ochraceiventris,ムネアカフタスジハエトリ
Nephelomyias pulcher,キムネフタスジハエトリ
Nephelornis oneilli,パルドスコ
Nesillas aldabrana,アルダブラシマヨシキリ
Nesillas brevicaudata,オオコモロシマヨシキリ
Nesillas lantzii,ハンサバクシマヨシキリ
Nesillas longicaudata,アンジュアンシマヨシキリ
Nesillas mariae,コモロシマヨシキリ
Nesillas typica,マダガスカルシマヨシキリ
Nesocharis ansorgei,シロエリオリーブキンパラ
Nesocharis shelleyi,オリーブキンパラ
Nesoctites micromegas,ヒスパニオラヒメキツツキ
Nesoenas mayeri,モーリシャスバト
Nesoenas picturatus,マダガスカルキジバト
Nesoenas rodericanus,ロドリゲスキジバト
Nesofregetta fuliginosa,ノドジロウミツバメ
Nesophlox evelynae,バハマハチドリ
Nesophlox lyrura,イナグアハチドリ
Nesopsar nigerrimus,ジャマイカクロムクドリモドキ
Nesoptilotis flavicollis,キノドミツスイ
Nesoptilotis leucotis,ミミジロミツスイ
Nesospingus speculiferus,プエルトリコフウキンチョウ
Nesospiza acunhae,トリスタンフィンチ
Nesospiza questi,ナイチンゲールマシコ
Nesospiza wilkinsi,トリスタンマシコ
Nesotriccus murinus,ネズミハエトリ
Nesotriccus ridgwayi,ココスタイランチョウ
Nestor meridionalis,カカ
Nestor notabilis,ミヤマオウム
Nestor productus,キムネカカ
Netta erythrophthalma,ネッタイハジロ
Netta peposaca,ベニバシガモ
Netta rufina,アカハシハジロ
Nettapus auritus,アフリカマメガン
Nettapus coromandelianus,ナンキンオシ
Nettapus pulchellus,アオマメガン
Newtonia amphichroa,ホオアカニュートンヒタキ
Newtonia archboldi,キバラニュートンヒタキ
Newtonia brunneicauda,ニュートンヒタキ
Newtonia fanovanae,ノドジロニュートンヒタキ
Nicator chloris,ノドジロムシクイヒヨ
Nicator gularis,カオジロムシクイヒヨ
Nicator vireo,キノドムシクイヒヨ
Nigrita bicolor,チャバラクロキンパラ
Nigrita canicapillus,シロボウシクロキンパラ
Nigrita fusconotus,シロハラクロキンバラ
Nigrita luteifrons,シロビタイクロキンパラ
Nilaus afer,ヒメヤブモズ
Niltava davidi,フッケンアオヒタキ
Niltava grandis,オオアオヒタキ
Niltava macgrigoriae,チビアオヒタキ
Niltava sumatrana,スマトラアオヒタキ
Niltava sundara,コチャバラオオルリ
Niltava vivida,チャバラオオルリ
Ninox affinis,アンダマンアオバズク
Ninox albifacies,ワライフクロウ
Ninox boobook,ミナミアオバズク
Ninox burhani,トギアンアオバズク
Ninox connivens,オーストラリアアオバズク
Ninox forbesi,タニンバルアオバズク
Ninox fusca,ティモールアオバズク
Ninox hantu,ブルアオバズク
Ninox hypogramma,ハルマヘラアオバズク
Ninox ios,シュイロアオバズク
Ninox japonica,アオバズク
Ninox leventisi,カミギンアオバズク
Ninox meeki,アドミラルティアオバズク
Ninox mindorensis,ミンドロアオバズク
Ninox natalis,クリスマスアオバズク
Ninox novaeseelandiae,ニュージーランドアオバズク
Ninox obscura,ムジアオバズク
Ninox ochracea,チャバラアオバズク
Ninox odiosa,ニューブリテンアオバズク
Ninox philippensis,ルソンアオバズク
Ninox plesseni,アロールアオバズク
Ninox punctulata,フイリアオバズク
Ninox randi,チョコレートアオバズク
Ninox reyi,スールーアオバズク
Ninox rotiensis,ロテアオバズク
Ninox rudolfi,スンバアオバズク
Ninox rufa,アカチャアオバズク
Ninox rumseyi,セブアオバズク
Ninox scutulata,フーアアオバズク
Ninox spilocephala,ミンダナオアオバズク
Ninox spilonotus,ロンブロンアオバズク
Ninox squamipila,セラムアオバズク
Ninox strenua,オニアオバズク
Ninox sumbaensis,ヒメアオバズク
Ninox theomacha,セグロアオバズク
Ninox variegata,ニューアイルランドアオバズク
Nipponia nippon,トキ
Nisaetus alboniger,カオグロクマタカ
Nisaetus bartelsi,ジャワクマタカ
Nisaetus cirrhatus,インドクマタカ
Nisaetus floris,フローレスクマタカ
Nisaetus kelaarti,レッグクマタカ
Nisaetus lanceolatus,セレベスクマタカ
Nisaetus nanus,ウォーレスクマタカ
Nisaetus nipalensis,クマタカ
Nisaetus philippensis,フィリピンクマタカ
Nisaetus pinskeri,ピンスカークマタカ
Nok hualon,ハゲガオヒヨドリ
Nomonyx dominicus,メンカブリオタテガモ
Nonnula amaurocephala,クリガシラアマドリ
Nonnula brunnea,チャイロアマドリ
Nonnula frontalis,ハイガオアマドリ
Nonnula rubecula,ムネアカアマドリ
Nonnula ruficapilla,アカボウシアマドリ
Nonnula sclateri,キアゴアマドリ
Northiella haematogaster,ハナガサインコ
Northiella narethae,ナレサハナガサインコ
Notharchus hyperrhynchus,シロエリオオガシラ
Notharchus macrorhynchos,ギアナオオガシラ
Notharchus ordii,チャオビオオガシラ
Notharchus pectoralis,ムナグロオオガシラ
Notharchus swainsoni,チャバラオオガシラ
Notharchus tectus,シロクロオオガシラ
Nothocercus bonapartei,タカネシギダチョウ
Nothocercus julius,チャバラシギダチョウ
Nothocercus nigrocapillus,コモンシギダチョウ
Nothocrax urumutum,カンムリホウカンチョウ
Nothoprocta cinerascens,アレチシギダチョウ
Nothoprocta curvirostris,ハシボソシギダチョウ
Nothoprocta ornata,ゴマダラシギダチョウ
Nothoprocta pentlandii,アンデスシギダチョウ
Nothoprocta perdicaria,チリシギダチョウ
Nothoprocta taczanowskii,ハシナガシギダチョウ
Nothura boraquira,ウズラシギダチョウ
Nothura darwinii,ダーウィンシギダチョウ
Nothura maculosa,マダラシギダチョウ
Nothura minor,ヒメウズラシギダチョウ
Notiomystis cincta,シロツノミツスイ
Notopholia corusca,クロハラテリムク
Nucifraga caryocatactes,ホシガラス
Nucifraga columbiana,ハイイロホシガラス
Nucifraga multipunctata,カシミールホシガラス
Numenius americanus,アメリカダイシャクシギ
Numenius arquata,ダイシャクシギ
Numenius borealis,エスキモーコシャクシギ
Numenius hudsonicus,ハドソンチュウシャクシギ
Numenius madagascariensis,ホウロクシギ
Numenius minutus,コシャクシギ
Numenius phaeopus,チュウシャクシギ
Numenius tahitiensis,ハリモモチュウシャク
Numenius tenuirostris,シロハラチュウシャクシギ
Numida meleagris,ホロホロチョウ
Nyctanassa carcinocatactes,バミューダゴイサギ
Nyctanassa violacea,シラガゴイ
Nyctibius aethereus,オナガタチヨタカ
Nyctibius grandis,オオタチヨタカ
Nyctibius griseus,ハイイロタチヨタカ
Nyctibius jamaicensis,ジャマイカタチヨタカ
Nyctibius leucopterus,ハジロタチヨタカ
Nyctibius maculosus,アンデスタチヨタカ
Nycticorax caledonicus,ハシブトゴイ
Nycticorax duboisi,レユニオンゴイサギ
Nycticorax mauritianus,モーリシャスゴイサギ
Nycticorax megacephalus,ロドリゲスゴイサギ
Nycticorax nycticorax,ゴイサギ
Nycticryphes semicollaris,ナンベイタマシギ
Nyctidromus albicollis,オオヨタカ
Nyctidromus anthonyi,ヤブヨタカ
Nyctiphrynus mcleodii,メキシコミミヨタカ
Nyctiphrynus ocellatus,コモンヨタカ
Nyctiphrynus rosenbergi,チョコプアーウィルヨタカ
Nyctiphrynus yucatanicus,ユカタンヨタカ
Nyctipolus hirundinaceus,コビトヨタカ
Nyctipolus nigrescens,クロヨタカ
Nyctiprogne leucopyga,オビオヨタカ
Nyctiprogne vielliardi,カーティンガアメリカヨタカ
Nyctyornis amictus,ムネアカハチクイ
Nyctyornis athertoni,アオムネハチクイ
Nymphicus hollandicus,オカメインコ
Nystalus chacuru,ミミジロオオガシラ
Nystalus maculatus,セボシオオガシラ
Nystalus obamai,ニシオオガシラ
Nystalus radiatus,ヨコジマオオガシラ
Nystalus striolatus,タテフオオガシラ
Oceanites gracilis,コアシナガウミツバメ
Oceanites oceanicus,アシナガウミツバメ
Oceanites pincoyae,ピンコヤウミツバメ
Ochetorhynchus andaecola,カマハシイワカマドドリ
Ochetorhynchus melanurus,チリカマドドリ
Ochetorhynchus phoenicurus,ヒトリカマドドリ
Ochetorhynchus ruficaudus,アカオイワカマドドリ
Ochthoeca cinnamomeiventris,カワリヒタキタイランチョウ
Ochthoeca fumicolor,チャイロヒタキタイランチョウ
Ochthoeca leucophrys,マミジロヒタキタイランチョウ
Ochthoeca oenanthoides,ヒタキタイランチョウ
Ochthoeca piurae,ペルーヒタキタイランチョウ
Ochthoeca rufipectoralis,ムネアカヒタキタイランチョウ
Ochthornis littoralis,スナイロヒタキタイランチョウ
Ocreatus underwoodii,ラケットハチドリ
Ocyceros birostris,インドコサイチョウ
Ocyceros gingalensis,スリランカコサイチョウ
Ocyceros griseus,ニシインドコサイチョウ
Ocyphaps lophotes,レンジャクバト
Odontophorus atrifrons,クロビタイウズラ
Odontophorus balliviani,シロボシウズラ
Odontophorus capueira,ジャネイロウズラ
Odontophorus columbianus,ベネズエラウズラ
Odontophorus dialeucos,パナマクビワウズラ
Odontophorus erythrops,チャミミウズラ
Odontophorus gujanensis,ギアナウズラ
Odontophorus guttatus,マダラウズラ
Odontophorus hyperythrus,チャノドウズラ
Odontophorus leucolaemus,ノドジロウズラ
Odontophorus melanonotus,セグロウズラ
Odontophorus melanotis,ミミグロウズラ
Odontophorus speciosus,チャバラウズラ
Odontophorus stellatus,ホシウズラ
Odontophorus strophium,クビワウズラ
Odontorchilus branickii,シロハラオナガミソサザイ
Odontorchilus cinereus,オナガミソサザイ
Oedistoma iliolophus,オオコビトミツスイ
Oedistoma pygmaeum,コビトミツスイ
Oena capensis,シッポウバト
Oenanthe albifrons,シロビタイアリヒタキ
Oenanthe albonigra,ズグロサバクヒタキ
Oenanthe bottae,チャムネサバクヒタキ
Oenanthe chrysopygia,ペルシアサバクヒタキ
Oenanthe cypriaca,キプロスサバクヒタキ
Oenanthe deserti,サバクヒタキ
Oenanthe dubia,スナイロイワビタキ
Oenanthe familiaris,アカオイワビタキ
Oenanthe finschii,セジロサバクヒタキ
Oenanthe fusca,チャイロイワビタキ
Oenanthe heuglinii,サハライナバヒタキ
Oenanthe hispanica,カオグロサバクヒタキ
Oenanthe isabellina,イナバヒタキ
Oenanthe leucopyga,シロガシラクロサバクヒタキ
Oenanthe leucura,クロサバクヒタキ
Oenanthe lugens,コシジロサバクヒタキ
Oenanthe lugentoides,アラビアサバクヒタキ
Oenanthe lugubris,チャガシラサバクヒタキ
Oenanthe melanura,ハイイロイワビタキ
Oenanthe moesta,チャゴシサバクヒタキ
Oenanthe monacha,シラガサバクヒタキ
Oenanthe oenanthe,ハシグロヒタキ
Oenanthe phillipsi,ソマリアハシグロヒタキ
Oenanthe picata,カワリサバクヒタキ
Oenanthe pileata,クロエリサバクヒタキ
Oenanthe pleschanka,セグロサバクヒタキ
Oenanthe scotocerca,ヒメイワビタキ
Oenanthe xanthoprymna,コシアカサバクヒタキ
Ognorhynchus icterotis,キミミインコ
Oncostoma cinereigulare,カマハシタイランチョウ
Oncostoma olivaceum,ミナミカマハシタイランチョウ
Oneillornis lunulatus,オグロメガネアリドリ
Oneillornis salvini,ノドジロメガネアリドリ
Onychognathus albirostris,ハシジロテリムク
Onychognathus blythii,ソマリアテリムク
Onychognathus frater,ソコトラテリムク
Onychognathus fulgidus,チャバネテリムク
Onychognathus morio,アカバネテリムク
Onychognathus nabouroup,ハジロテリムク
Onychognathus neumanni,ニシアカバネテリムク
Onychognathus salvadorii,カンムリテリムク
Onychognathus tenuirostris,ハシボソテリムク
Onychognathus tristramii,アラビアテリムク
Onychognathus walleri,コンゴテリムク
Onychoprion aleuticus,コシジロアジサシ
Onychoprion anaethetus,マミジロアジサシ
Onychoprion fuscatus,セグロアジサシ
Onychoprion lunatus,ナンヨウマミジロアジサシ
Onychorhynchus coronatus,オウギタイランチョウ
Onychorhynchus swainsoni,ヒガシオウギタイランチョウ
Onychostruthus taczanowskii,コシジロユキスズメ
Ophrysia superciliosa,ケバネウズラ
Opisthocomus hoazin,ツメバケイ
Opisthoprora euryptera,ソリハシハチドリ
Oporornis agilis,ハイムネアメリカムシクイ
Orchesticus abeillei,チャイロフウキンチョウ
Oreocharis arfaki,パプアカラハナドリ
Oreoica gutturalis,カンムリモズヒタキ
Oreolais pulcher,ワキアカイロムシクイ
Oreolais ruwenzorii,クビワイロムシクイ
Oreomystis bairdi,カウアイキバシリ
Oreonympha nobilis,テンニョハチドリ
Oreophasis derbianus,ツノシャクケイ
Oreophilais robertsi,キンメハウチワドリ
Oreopholus ruficollis,ノドアカコバシチドリ
Oreopsar bolivianus,ボリビアクロムクドリモドキ
Oreopsittacus arfaki,ヤマムスメインコ
Oreornis chrysogenys,オオキミミミツスイ
Oreortyx pictus,ツノウズラ
Oreoscoptes montanus,ウタイマネシツグミ
Oreoscopus gutturalis,シダムシクイ
Oreostruthus fuliginosus,ワキアカスズメ
Oreothlypis gutturalis,ノドアカアメリカムシクイ
Oreothlypis superciliosa,ミカヅキアメリカムシクイ
Oreothraupis arremonops,フウキンチョウモドキ
Oreotrochilus adela,クサビオヤマハチドリ
Oreotrochilus chimborazo,エクアドルヤマハチドリ
Oreotrochilus estella,アンデスヤマハチドリ
Oreotrochilus leucopleurus,ワキジロヤマハチドリ
Oreotrochilus melanogaster,ムナグロヤマハチドリ
Origma murina,ネズミムシクイ
Origma robusta,ヤマネズミムシクイ
Origma solitaria,イワムシクイ
Oriolia bernieri,クロマダガスカルモズ
Oriolus albiloris,ハナジロコウライウグイス
Oriolus auratus,アフリカコウライウグイス
Oriolus bouroensis,ブルコウライウグイス
Oriolus brachyrynchus,キエリコウライウグイス
Oriolus chinensis,コウライウグイス
Oriolus chlorocephalus,ミドリコウライウグイス
Oriolus crassirostris,サントメコウライウグイス
Oriolus cruentus,ヒムネスミゴロモ
Oriolus decipiens,タニンバルコウライウグイス
Oriolus flavocinctus,キミドリコウライウグイス
Oriolus forsteni,セラムコウライウグイス
Oriolus hosii,スミゴロモ
Oriolus isabellae,ヒメコウライウグイス
Oriolus kundoo,インドコウライウグイス
Oriolus larvatus,アフリカズキンコウライウグイス
Oriolus melanotis,チモールコウライウグイス
Oriolus mellianus,ギンイロヒゴロモ
Oriolus monacha,アビシニアコウライウグイス
Oriolus nigripennis,ハグロコウライウグイス
Oriolus oriolus,ニシコウライウグイス
Oriolus percivali,ズキンコウライウグイス
Oriolus phaeochromus,ハルマヘラコウライウグイス
Oriolus sagittatus,シロハラコウライウグイス
Oriolus steerii,フィリピンコウライウグイス
Oriolus szalayi,チャイロコウライウグイス
Oriolus tenuirostris,ミナミコウライウグイス
Oriolus traillii,ヒゴロモ
Oriolus xanthonotus,ムナフコウライウグイス
Oriolus xanthornus,ズグロコウライウグイス
Oriturus superciliosus,ホオグロシトド
Ornithion brunneicapillus,チャズキンコタイランチョウ
Ornithion inerme,タンビコタイランチョウ
Ornithion semiflavum,キバラコタイランチョウ
Ornorectes cristatus,カンムリモリモズ
Oroanassa magnifica,ハイナンミゾゴイ
Orochelidon andecola,アンデスガケツバメ
Orochelidon flavipes,ノドアカアイイロツバメ
Orochelidon murina,チャバラアイイロツバメ
Ortalis araucuan,ヒガシブラジルヒメシャクケイ
Ortalis canicollis,アカオヒメシャクケイ
Ortalis cinereiceps,ハイガシラヒメシャクケイ
Ortalis columbiana,コロンビアヒメシャクケイ
Ortalis erythroptera,ズアカヒメシャクケイ
Ortalis garrula,チャバネヒメシャクケイ
Ortalis guttata,ブラジルヒメシャクケイ
Ortalis leucogastra,シロハラヒメシャクケイ
Ortalis motmot,カワリヒメシャクケイ
Ortalis poliocephala,メキシコヒメシャクケイ
Ortalis ruficauda,ワキアカヒメシャクケイ
Ortalis squamata,ウロコヒメシャクケイ
Ortalis superciliaris,アマゾンヒメシャクケイ
Ortalis vetula,ムジヒメシャクケイ
Ortalis wagleri,アカハラヒメシャクケイ
Orthogonys chloricterus,オリーブミドリフウキンチョウ
Orthonyx novaeguineae,パプアハシリチメドリ
Orthonyx spaldingii,メジロハシリチメドリ
Orthonyx temminckii,ハシリチメドリ
Orthopsittaca manilatus,ズグロヒメコンゴウインコ
Orthorhyncus cristatus,アンチルカンムリハチドリ
Orthotomus atrogularis,ノドグロサイホウチョウ
Orthotomus castaneiceps,フィリピンサイホウチョウ
Orthotomus chaktomuk,カンボジアサイホウチョウ
Orthotomus chloronotus,セミドリサイホウチョウ
Orthotomus cinereiceps,ミミジロサイホウチョウ
Orthotomus derbianus,ルソンサイホウチョウ
Orthotomus frontalis,アカビタイサイホウチョウ
Orthotomus nigriceps,カオグロサイホウチョウ
Orthotomus ruficeps,アカガオサイホウチョウ
Orthotomus samarensis,サマルサイホウチョウ
Orthotomus sepium,インドネシアサイホウチョウ
Orthotomus sericeus,ズアカサイホウチョウ
Orthotomus sutorius,オナガサイホウチョウ
Ortygornis gularis,ヌマシャコ
Ortygornis pondicerianus,シマシャコ
Ortygornis sephaena,カミナガシャコ
Ortygospiza atricollis,シャコスズメ
Ortyxelos meiffrenii,ハジロミフウズラ
Otidiphaps nobilis,ゴクラクバト
Otis tarda,ノガン
Otus alfredi,フロレスコノハズク
Otus alius,ニコバルコノハズク
Otus angelinae,ジャワコノハズク
Otus bakkamoena,インドオオコノハズク
Otus balli,アンダマンコノハズク
Otus beccarii,ビアクコノハズク
Otus brookii,ラジャーオオコノハズク
Otus brucei,サバクコノハズク
Otus capnodes,アンジュアンコノハズク
Otus collari,サンギヘコノハズク
Otus cyprius,キプロスコノハズク
Otus elegans,リュウキュウコノハズク
Otus enganensis,エンガノコノハズク
Otus everetti,ミンダナオオオコノハズク
Otus fuliginosus,パラワンオオコノハズク
Otus grucheti,レユニオンコノハズク
Otus gurneyi,オニコノハズク
Otus hartlaubi,サントメコノハズク
Otus icterorhynchus,アカヒメコノハズク
Otus insularis,セーシェルコノハズク
Otus ireneae,ハイイロコノハズク
Otus jolandae,リンジャニコノハズク
Otus lempiji,スンダオオコノハズク
Otus lettia,チャメオオコノハズク
Otus longicornis,ルソンコノハズク
Otus madagascariensis,オナガマダガスカルコノハズク
Otus magicus,モルッカコノハズク
Otus manadensis,セレベスコノハズク
Otus mantananensis,マンタナニコノハズク
Otus mayottensis,マヨットコノハズク
Otus megalotis,ルソンオオコノハズク
Otus mentawi,ムンタワイオオコノハズク
Otus mindorensis,ミンドロコノハズク
Otus mirus,ミンダナオコノハズク
Otus moheliensis,モへリコノハズク
Otus murivorus,ロドリゲスコノハズク
Otus nigrorum,ネグロスオオコノハズク
Otus pamelae,アラビアコノハズク
Otus pauliani,グランドコモロコノハズク
Otus pembaensis,ペンバコノハズク
Otus podarginus,カキイロコノハズク
Otus rufescens,アカチャコノハズク
Otus rutilus,マダガスカルコノハズク
Otus sagittatus,ハナジロコノハズク
Otus sauzieri,モーリシャスコノハズク
Otus scops,ヨーロッパコノハズク
Otus semitorques,オオコノハズク
Otus senegalensis,アフリカコノハズク
Otus siaoensis,シアウコノハズク
Otus silvicola,フロレスオオコノハズク
Otus socotranus,ソコトラコノハズク
Otus spilocephalus,タイワンコノハズク
Otus sulaensis,スラコノハズク
Otus sunia,コノハズク
Otus thilohoffmanni,セイロンコノハズク
Otus umbra,シムルエコノハズク
Oxylabes madagascariensis,マダガスカルチメドリ
Oxypogon cyanolaemus,アオヒゲルメットハチドリ
Oxypogon guerinii,ヘルメットハチドリ
Oxypogon lindenii,シロヒゲルメットハチドリ
Oxypogon stuebelii,キイロヘルメットハチドリ
Oxyruncus cristatus,トガリハシ
Oxyura australis,オーストラリアオタテガモ
Oxyura ferruginea,アンデスオタテガモ
Oxyura jamaicensis,アカオタテガモ
Oxyura leucocephala,カオジロオタテガモ
Oxyura maccoa,アフリカオタテガモ
Oxyura vittata,コバシオタテガモ
Pachycare flavogriseum,キンガオモズガラ
Pachycephala albiventris,セミドリモズヒタキ
Pachycephala arctitorquis,ウォーレシアモズヒタキ
Pachycephala aurea,キイロモズヒタキ
Pachycephala balim,バリエムモズヒタキ
Pachycephala caledonica,ノドジロモズヒタキ
Pachycephala chlorura,バヌアツモズヒタキ
Pachycephala cinerea,マングローブモズヒタキ
Pachycephala citreogaster,ビスマルクモズヒタキ
Pachycephala collaris,ルイシアードモズヒタキ
Pachycephala feminina,レンネルモズヒタキ
Pachycephala flavifrons,キビタイモズヒタキ
Pachycephala fuliginosa,ニシモズヒタキ
Pachycephala griseonota,スナイロモズヒタキ
Pachycephala homeyeri,シロシリモズヒタキ
Pachycephala hyperythra,ムネアカモズヒタキ
Pachycephala hypoxantha,ボルネオモズヒタキ
Pachycephala implicata,ソロモンモズヒタキ
Pachycephala inornata,メグロモズヒタキ
Pachycephala jacquinoti,トンガモズヒタキ
Pachycephala lanioides,シロハラモズヒタキ
Pachycephala leucogastra,ニューギニアシロハラモズヒタキ
Pachycephala lorentzi,アオムネモズヒタキ
Pachycephala macrorhyncha,キノドモズヒタキ
Pachycephala melanorhyncha,ビアクモズヒタキ
Pachycephala melanura,キンイロモズヒタキ
Pachycephala mentalis,クロアゴモズヒタキ
Pachycephala meyeri,ハイガシラモズヒタキ
Pachycephala modesta,コモズヒタキ
Pachycephala monacha,ニューギニアズグロモズヒタキ
Pachycephala nudigula,ハゲノドモズヒタキ
Pachycephala olivacea,オリーブモズヒタキ
Pachycephala orioloides,コウライウグイスモズヒタキ
Pachycephala orpheus,チモールモズヒタキ
Pachycephala pectoralis,キバラモズヒタキ
Pachycephala phaionota,ハマベモズヒタキ
Pachycephala philippinensis,フィリピンモズヒタキ
Pachycephala richardsi,ブーゲンビルモズヒタキ
Pachycephala rufiventris,アカハラモズヒタキ
Pachycephala rufogularis,ノドアカモズヒタキ
Pachycephala schlegelii,キエリモズヒタキ
Pachycephala simplex,チャイロモズヒタキ
Pachycephala soror,ズグロモズヒタキ
Pachycephala sulfuriventer,セレベスヤマモズヒタキ
Pachycephala tenebrosa,モリモズ
Pachycephala vanikorensis,テモツモズヒタキ
Pachycephala vitiensis,フィジーモズヒタキ
Pachycephalopsis hattamensis,パプアヤブヒタキ
Pachycephalopsis poliosoma,ノドジロパプアヤブヒタキ
Pachycoccyx audeberti,ハシブトカッコウ
Pachyglossa agilis,ハシブトハナドリ
Pachyglossa chrysorrhea,ムナフハナドリ
Pachyglossa everetti,メジロハシブトハナドリ
Pachyglossa melanozantha,キバラハナドリ
Pachyglossa olivacea,オリーブハナドリモドキ
Pachyglossa propria,シラヒゲハナドリ
Pachyglossa vincens,セイロンハナドリ
Pachyphantes superciliosus,アフリカコウヨウジャク
Pachyptila belcheri,ハシボソクジラドリ
Pachyptila crassirostris,ハシブトクジラドリ
Pachyptila desolata,ナンキョククジラドリ
Pachyptila salvini,チュウヒロハシクジラドリ
Pachyptila turtur,ヒメクジラドリ
Pachyptila vittata,ヒロハシクジラドリ
Pachyramphus aglaiae,バラノドカザリドリモドキ
Pachyramphus albogriseus,ハイイロカザリドリモドキ
Pachyramphus castaneus,ハチマキカザリドリモドキ
Pachyramphus cinnamomeus,ニッケイカザリドリモドキ
Pachyramphus homochrous,ムジカザリドリモドキ
Pachyramphus major,オオカザリドリモドキ
Pachyramphus marginatus,ズグロカザリドリモドキ
Pachyramphus minor,ベニノドカザリドリモドキ
Pachyramphus niger,クロカザリドリモドキ
Pachyramphus polychopterus,ハジロカザリドリモドキ
Pachyramphus rufus,メスアカカザリドリモドキ
Pachyramphus spodiurus,ネズミカザリドリモドキ
Pachyramphus surinamus,セグロカザリドリモドキ
Pachyramphus validus,フナシカザリドリモドキ
Pachyramphus versicolor,シマカザリドリモドキ
Pachyramphus viridis,カザリドリモドキ
Pachysylvia aurantiifrons,キンビタイヒメモズモドキ
Pachysylvia decurtata,メジロヒメモズモドキ
Pachysylvia hypoxantha,オリーブヒメモズモドキ
Pachysylvia muscicapina,シロハラヒメモズモドキ
Pachysylvia semibrunnea,アカエリヒメモズモドキ
Padda fuscata,チモールブンチョウ
Padda oryzivora,ブンチョウ
Pagodroma nivea,ユキドリ
Pagophila eburnea,ゾウゲカモメ
Palmeria dolei,カンムリハワイミツスイ
Paludipasser locustella,ムネアカウズラスズメ
Pampa curvipennis,クサビオケンバネハチドリ
Pampa rufa,チャバラケンバネハチドリ
Pampusana beccarii,ハイムネバト
Pampusana canifrons,パラオムナジロバト
Pampusana erythroptera,ソシエテマミムナジロバト
Pampusana ferruginea,タンナバト
Pampusana hoedtii,ウェタルバト
Pampusana jobiensis,パプアマミムナジロバト
Pampusana kubaryi,マミムナジロバト
Pampusana norfolkensis,ノーフォークムナジロバト
Pampusana rubescens,マルケサスバト
Pampusana salamonis,ソロモンバト
Pampusana sanctaecrucis,サンタクルーズバト
Pampusana stairi,トンガバト
Pampusana xanthonura,ムナジロバト
Pandion haliaetus,ミサゴ
Panterpe insignis,ヒノドハチドリ
Panurus biarmicus,ヒゲガラ
Panyptila cayennensis,ツリスアマツバメ
Panyptila sanctihieronymi,オオツリスアマツバメ
Papasula abbotti,モモグロカツオドリ
Parabuteo leucorrhous,コシジロノスリ
Parabuteo unicinctus,モモアカノスリ
Paraclaravis geoffroyi,フタオビアルキバト
Paraclaravis mondetoura,フジムネアルキバト
Paradigalla brevicauda,タンビキヅノフウチョウ
Paradigalla carunculata,キヅノフウチョウ
Paradisaea apoda,オオフウチョウ
Paradisaea decora,ベニカザリフウチョウ
Paradisaea guilielmi,シロカザリフウチョウ
Paradisaea minor,コフウチョウ
Paradisaea raggiana,アカカザリフウチョウ
Paradisaea rubra,ベニフウチョウ
Paradisornis rudolphi,アオフウチョウ
Paradoxornis aemodius,オオダルマエナガ
Paradoxornis bakeri,オオズアカダルマエナガ
Paradoxornis flavirostris,ムナグロダルマエナガ
Paradoxornis gularis,ハイガシラダルマエナガ
Paradoxornis guttaticollis,ミミグロダルマエナガ
Paradoxornis heudei,カオジロダルマエナガ
Paradoxornis margaritae,ズグロダルマエナガ
Paradoxornis paradoxus,ミユビダルマエナガ
Paradoxornis ruficeps,ムナジロダルマエナガ
Paradoxornis unicolor,ヒマラヤダルマエナガ
Paragallinula angulata,ヒメバン
Paramythia montium,カンムリハナドリ
Parayuhina diademata,シロエリカンムリチメドリ
Pardalotus punctatus,ホウセキドリ
Pardalotus quadragintus,ミドリホウセキドリ
Pardalotus rubricatus,アカマユホウセキドリ
Pardalotus striatus,キボシホウセキドリ
Pardipicus caroli,チャミミアオゲラ
Pardipicus nivosus,ゴマダラアオゲラ
Pardirallus maculatus,マダラクイナ
Pardirallus nigricans,キタハイイロクイナ
Pardirallus sanguinolentus,ハイイロクイナ
Parkerthraustes humeralis,キガタイカル
Parkesia motacilla,ミナミミズツグミ
Parkesia noveboracensis,キタミズツグミ
Parmoptila jamesoni,ヒガシアカビタイムシクイキンパラ
Parmoptila rubrifrons,アカビタイムシクイキンパラ
Parmoptila woodhousei,ムシクイキンパラ
Paroaria baeri,ノドアカコウカンチョウ
Paroaria capitata,キバシコウカンチョウ
Paroaria coronata,コウカンチョウ
Paroaria dominicana,エリフコウカンチョウ
Paroaria gularis,ノドグロコウカンチョウ
Paroaria nigrogenis,メンガタコウカンチョウ
Paroreomyza flammea,モロカイキバシリ
Paroreomyza maculata,キバシリハワイミツスイ
Paroreomyza montana,マウイキバシリ
Parotia berlepschi,ブロンズカンザシフウチョウ
Parotia carolae,ワキジロカンザシフウチョウ
Parotia helenae,ヒガシタンビカンザシフウチョウ
Parotia lawesii,タンビカンザシフウチョウ
Parotia sefilata,カンザシフウチョウ
Parotia wahnesi,オナガカンザシフウチョウ
Parus cinereus,シジュウカラ
Parus major,ヨーロッパシジュウカラ
Parus monticolus,キバラシジュウカラ
Parvipsitta porphyrocephala,ムラサキガシラジャコウインコ
Parvipsitta pusilla,ヒメジャコウインコ
Passer ammodendri,ノウメンスズメ
Passer castanopterus,クリバネスズメ
Passer cinnamomeus,ニュウナイスズメ
Passer cordofanicus,ケニアスズメ
Passer diffusus,ミナミハイガシラスズメ
Passer domesticus,イエスズメ
Passer eminibey,クリイロスズメ
Passer euchlorus,アラビアコガネスズメ
Passer flaveolus,セアカスズメ
Passer gongonensis,ハシブトハイガシラスズメ
Passer griseus,ハイガシラスズメ
Passer hemileucus,アブドゥルクーリースズメ
Passer hispaniolensis,スペインスズメ
Passer iagoensis,ケープベルデセアカスズメ
Passer insularis,ソコトラスズメ
Passer italiae,イタリアスズメ
Passer luteus,コガネスズメ
Passer melanurus,ホオグロスズメ
Passer moabiticus,ペルシアスズメ
Passer montanus,スズメ
Passer motitensis,オオスズメ
Passer pyrrhonotus,インダススズメ
Passer rufocinctus,ケニアアカスズメ
Passer shelleyi,シロナイルスズメ
Passer simplex,サバクスズメ
Passer suahelicus,スワヒリハイガシラスズメ
Passer swainsonii,ムジハイガシラスズメ
Passer zarudnyi,アジアサバクスズメ
Passerculus sandwichensis,サバンナシトド
Passerella unalaschcensis,ゴマフスズメ
Passerina amoena,ムネアカルリノジコ
Passerina caerulea,ルリイカル
Passerina ciris,ゴシキノジコ
Passerina cyanea,ルリノジコ
Passerina leclancherii,キバラルリノジコ
Passerina rositae,バライロルリノジコ
Passerina versicolor,ムラサキノジコ
Pastor roseus,バライロムクドリ
Patagioenas araucana,チリバト
Patagioenas caribaea,ジャマイカオビオバト
Patagioenas cayennensis,ムラサキバト
Patagioenas corensis,アオメバト
Patagioenas fasciata,オビオバト
Patagioenas flavirostris,アカハシバト
Patagioenas goodsoni,ウスグロバト
Patagioenas inornata,アンチルバト
Patagioenas leucocephala,シロボウシバト
Patagioenas maculosa,シロボシバト
Patagioenas nigrirostris,コバシバト
Patagioenas oenops,ペルーバト
Patagioenas picazuro,アカメバト
Patagioenas plumbea,ハイイロバト
Patagioenas speciosa,アカハシウロコバト
Patagioenas squamosa,アカエリバト
Patagioenas subvinacea,チョコレートバト
Patagona gigas,オオハチドリ
Pauxi koepckeae,シラホウカンチョウ
Pauxi pauxi,カブトホウカンチョウ
Pauxi unicornis,ミナミカブトホウカンチョウ
Pavo cristatus,インドクジャク
Pavo muticus,マクジャク
Pedionomus torquatus,クビワミフウズラ
Pelagodroma marina,カオジロウミツバメ
Pelargopsis amauroptera,チャバネコウハシショウビン
Pelargopsis capensis,コウハシショウビン
Pelargopsis melanorhyncha,セレベスコウハシショウビン
Pelecanoides garnotii,ペルーモグリウミツバメ
Pelecanoides georgicus,ミナミモグリウミツバメ
Pelecanoides magellani,マゼランモグリウミツバメ
Pelecanoides urinatrix,モグリウミツバメ
Pelecanus conspicillatus,コシグロペリカン
Pelecanus crispus,ハイイロペリカン
Pelecanus erythrorhynchos,アメリカシロペリカン
Pelecanus occidentalis,カッショクペリカン
Pelecanus onocrotalus,モモイロペリカン
Pelecanus philippensis,ホシバシペリカン
Pelecanus rufescens,コシベニペリカン
Pelecanus thagus,ペルーペリカン
Peliperdix lathami,モリシャコ
Pellorneum albiventre,チャイロジチメドリ
Pellorneum bicolor,サビイロムジチメドリ
Pellorneum buettikoferi,スマトラムジチメドリ
Pellorneum capistratum,ズグロジチメドリ
Pellorneum celebense,セレベスムジチメドリ
Pellorneum cinereiceps,パラワンムジチメドリ
Pellorneum fuscocapillus,セイロンジチメドリ
Pellorneum malaccense,タンビムジチメドリ
Pellorneum palustre,ヌマジチメドリ
Pellorneum pyrrogenys,ワキアカムジチメドリ
Pellorneum rostratum,ムナジロムジチメドリ
Pellorneum ruficeps,ムナフジチメドリ
Pellorneum tickelli,チャムネムジチメドリ
Peltohyas australis,マキエチドリ
Peltops blainvillii,セジロヒタキ
Peltops montanus,ヤマセジロヒタキ
Penelope albipennis,ハジロシャクケイ
Penelope argyrotis,オビオシャクケイ
Penelope barbata,ヒゲシャクケイ
Penelope dabbenei,アカガオシャクケイ
Penelope jacquacu,アマゾンシャクケイ
Penelope jacucaca,マミジロシャクケイ
Penelope marail,マレイルシャクケイ
Penelope montagnii,アンデスシャクケイ
Penelope obscura,クロアシシャクケイ
Penelope ochrogaster,アカハラシャクケイ
Penelope ortoni,チャイロシャクケイ
Penelope perspicax,アカシャクケイ
Penelope pileata,シロガシラシャクケイ
Penelope purpurascens,カンムリシャクケイ
Penelope superciliaris,チャバネシャクケイ
Penelopides affinis,ミンダナオカオグロサイチョウ
Penelopides manillae,ルソンカオグロサイチョウ
Penelopides mindorensis,ミンドロカオグロサイチョウ
Penelopides panini,カオグロサイチョウ
Penelopides samarensis,サマールカオグロサイチョウ
Penelopina nigra,ヒメクロシャクケイ
Percnostola arenarum,アリパワヨアリドリ
Percnostola rufifrons,ズグロアリドリ
Perdicula argoondah,イワヤブウズラ
Perdicula asiatica,ヤブウズラ
Perdicula erythrorhyncha,サイシキヤブウズラ
Perdicula manipurensis,チャノドヤブウズラ
Perdix dauurica,ヤマウズラ
Perdix hodgsoniae,チベットヤマウズラ
Perdix perdix,ヨーロッパヤマウズラ
Pericrocotus albifrons,インドベニサンショウクイ
Pericrocotus brevirostris,コバシベニサンショウクイ
Pericrocotus cantonensis,チャイロサンショウクイ
Pericrocotus cinnamomeus,コサンショウクイ
Pericrocotus divaricatus,サンショウクイ
Pericrocotus erythropygius,シロハラサンショウクイ
Pericrocotus ethologus,オナガベニサンショウクイ
Pericrocotus flammeus,ヒイロサンショウクイ
Pericrocotus igneus,コベニサンショウクイ
Pericrocotus lansbergei,フロレスサンショウクイ
Pericrocotus miniatus,スンダベニサンショウクイ
Pericrocotus roseus,モモイロサンショウクイ
Pericrocotus solaris,ベニサンショウクイ
Pericrocotus speciosus,シュイロサンショウクイ
Pericrocotus tegimae,リュウキュウサンショウクイ
Periparus amabilis,パラワンガラ
Periparus ater,ヒガラ
Periparus elegans,シラボシガラ
Periparus rubidiventris,カンムリシジュウカラ
Periparus rufonuchalis,アカエリシジュウカラ
Periparus venustulus,キバラガラ
Periporphyrus celaeno,クロアカイカル
Periporphyrus erythromelas,ズグロアカイカル
Perisoreus canadensis,カナダカケス
Perisoreus infaustus,アカオカケス
Perisoreus internigrans,ハイイロカケス
Perissocephalus tricolor,ハゲガオカザリドリ
Pernis apivorus,ヨーロッパハチクマ
Pernis celebensis,ヨコジマハチクマ
Pernis ptilorhynchus,ハチクマ
Petrochelidon ariel,ズアカガケツバメ
Petrochelidon fluvicola,ズアカサンショクツバメ
Petrochelidon fulva,セスジツバメ
Petrochelidon nigricans,キビタイツバメ
Petrochelidon perdita,コウカイサンショクツバメ
Petrochelidon preussi,ノドジロサンショクツバメ
Petrochelidon pyrrhonota,サンショクツバメ
Petrochelidon rufigula,ノドアカサンショクツバメ
Petrochelidon rufocollaris,クリイロツバメ
Petrochelidon spilodera,ナンアサンショクツバメ
Petroica archboldi,イワサンショクヒタキ
Petroica australis,ミナミニュージーランドコマヒタキ
Petroica bivittata,モリシロハラクロヒタキ
Petroica boodang,サンショクヒタキ
Petroica goodenovii,アカビタイサンショクヒタキ
Petroica longipes,キタニュージーラドコマヒタキ
Petroica macrocephala,ニュージーランドヒタキ
Petroica multicolor,ノーフォークヒタキ
Petroica phoenicea,ノドアカサンショクヒタキ
Petroica pusilla,パシフィックヒタキ
Petroica rodinogaster,セグロサンショクヒタキ
Petroica rosea,ハイイロサンショクヒタキ
Petroica traversi,チャタムヒタキ
Petronia petronia,イワスズメ
Petrophassa albipennis,モンツキイワバト
Petrophassa rufipennis,チャバネイワバト
Peucaea aestivalis,ヤブスズメモドキ
Peucaea botterii,チャバネスズメモドキ
Peucaea carpalis,フタスジスズメモドキ
Peucaea cassinii,サメスズメモドキ
Peucaea humeralis,ムナグロスズメモドキ
Peucaea mystacalis,ノドグロスズメモドキ
Peucaea ruficauda,ホオグロスズメモドキ
Peucaea sumichrasti,アカオスズメモドキ
Peucedramus taeniatus,オリーブアメリカムシクイ
Pezopetes capitalis,オオアシシトド
Pezophaps solitaria,ロドリゲスドードー
Pezoporus occidentalis,ヒメフクロウインコ
Pezoporus wallicus,キジインコ
Phacellodomus dorsalis,ハシナガアレチカマドドリ
Phacellodomus erythrophthalmus,アカメアレチカマドドリ
Phacellodomus ferrugineigula,ノドアカアレチカマドドリ
Phacellodomus maculipectus,ムネホシアレチカマドドリ
Phacellodomus ruber,オオアレチカマドドリ
Phacellodomus rufifrons,アレチカマドドリ
Phacellodomus sibilatrix,コアレチカマドドリ
Phacellodomus striaticeps,シロハラアレチカマドドリ
Phacellodomus striaticollis,ムネアカアレチカマドドリ
Phaenicophaeus curvirostris,チャムネバンケンモドキ
Phaenicophaeus diardi,クロバンケンモドキ
Phaenicophaeus pyrrhocephalus,アカガオバンケンモドキ
Phaenicophaeus sumatranus,チャバラクロバンケンモドキ
Phaenicophaeus tristis,オニクロバンケンモドキ
Phaenicophaeus viridirostris,アオメクロバンケンモドキ
Phaenicophilus palmarum,ズグロヤシフウキンチョウ
Phaenicophilus poliocephalus,ハイガシラヤシフウキンチョウ
Phaenostictus mcleannani,アオメウロコアリドリ
Phaeochroa cuvierii,セイガイハチドリ
Phaeoptila sordida,ブロンズアカハシハチドリ
Phaethon aethereus,アカハシネッタイチョウ
Phaethon lepturus,シラオネッタイチョウ
Phaethon rubricauda,アカオネッタイチョウ
Phaethornis aethopygus,タパジョスユミハチドリ
Phaethornis anthophilus,シロハラユミハチドリ
Phaethornis atrimentalis,クロカガクユミハチドリ
Phaethornis augusti,コシアカユミハチドリ
Phaethornis bourcieri,ケンハシハチドリ
Phaethornis eurynome,ウロコユミハチドリ
Phaethornis griseogularis,ハイノドユミハチドリ
Phaethornis guy,ミドリユミハチドリ
Phaethornis hispidus,ノドジロユミハチドリ
Phaethornis idaliae,クロアゴユミハチドリ
Phaethornis koepckeae,ペルーユミハチドリ
Phaethornis longirostris,ハシナガユミハチドリ
Phaethornis longuemareus,コビトユミハチドリ
Phaethornis malaris,オオユミハシハチドリ
Phaethornis mexicanus,メキシコユミハチドリ
Phaethornis nattereri,チャノドユミハチドリ
Phaethornis philippii,ハリハシハチドリ
Phaethornis pretrei,バライロユミハチドリ
Phaethornis ruber,チャイロユミハチドリ
Phaethornis rupurumii,ノドジマユミハチドリ
Phaethornis squalidus,ノドグロユミハチドリ
Phaethornis striigularis,シマノドユミハチドリ
Phaethornis stuarti,マミジロユミハチドリ
Phaethornis subochraceus,ドウボウシユミハチドリ
Phaethornis superciliosus,ユミハシハチドリ
Phaethornis syrmatophorus,キバラユミハチドリ
Phaethornis yaruqui,シラヒゲユミハチドリ
Phaetusa simplex,オオハシアジサシ
Phainopepla nitens,レンジャクモドキ
Phainoptila melanoxantha,セグロレンジャクモドキ
Phalacrocorax capensis,キノドハナグロウ
Phalacrocorax capillatus,ウミウ
Phalacrocorax carbo,カワウ
Phalacrocorax featherstoni,ピットウ
Phalacrocorax fuscescens,ムナジロウ
Phalacrocorax fuscicollis,インドヒメウ
Phalacrocorax neglectus,ハナグロウ
Phalacrocorax nigrogularis,ペルシャウ
Phalacrocorax punctatus,ゴマダラウ
Phalacrocorax sulcirostris,ミナミクロヒメウ
Phalacrocorax varius,マミジロウ
Phalaenoptilus nuttallii,プアーウィルヨタカ
Phalaropus fulicarius,ハイイロヒレアシシギ
Phalaropus lobatus,アカエリヒレアシシギ
Phalaropus tricolor,アメリカヒレアシシギ
Phapitreron amethystinus,オオテリアオバト
Phapitreron brunneiceps,ミンダナオテリアオバト
Phapitreron cinereiceps,ミナミオオテリアオバト
Phapitreron leucotis,テリアオバト
Phaps chalcoptera,ニジハバト
Phaps elegans,チャノドニジハバト
Phaps histrionica,クマドリバト
Pharomachrus antisianus,カンムリカザリキヌバネドリ
Pharomachrus auriceps,キンガシラカザリキヌバネドリ
Pharomachrus fulgidus,オジロカザリキヌバネドリ
Pharomachrus mocinno,カザリキヌバネドリ
Pharomachrus pavoninus,アカハシカザリキヌバネドリ
Phasianus colchicus,タイリクキジ
Phasianus versicolor,キジ
Phedina borbonica,ムナフショウドウツバメ
Phedinopsis brazzae,ササフショウドウツバメ
Phegornis mitchellii,ハシナガチドリ
Phelpsia inornata,ノドジロハチマキヒタキモドキ
Pheucticus aureoventris,セグロオウゴンイカル
Pheucticus chrysogaster,ヒメオウゴンイカル
Pheucticus chrysopeplus,オウゴンイカル
Pheucticus ludovicianus,ムネアカイカル
Pheucticus melanocephalus,チャバライカル
Pheucticus tibialis,クロモモオウゴンイカル
Pheugopedius atrogularis,ノドグロマユミソサザイ
Pheugopedius coraya,クロヒゲマユミソサザイ
Pheugopedius eisenmanni,インカマユミソサザイ
Pheugopedius euophrys,アカオマユミソサザイ
Pheugopedius fasciatoventris,ノドジロマユミソサザイ
Pheugopedius felix,キバラマユミソサザイ
Pheugopedius genibarbis,シロヒゲマユミソサザイ
Pheugopedius maculipectus,クロボシマユミソサザイ
Pheugopedius mystacalis,ハイガシラマユミソサザイ
Pheugopedius rutilus,クリムネマユミソサザイ
Pheugopedius sclateri,ムナフマユミソサザイ
Pheugopedius spadix,ススイロマユミソサザイ
Phibalura flavirostris,ツバメカザリドリ
Philemon albitorques,シロエリハゲミツスイ
Philemon argenticeps,コブハゲミツスイ
Philemon brassi,オリーブハゲミツスイ
Philemon buceroides,トサカハゲミツスイ
Philemon citreogularis,ヒメハゲミツスイ
Philemon cockerelli,クビワハゲミツスイ
Philemon corniculatus,ズグロハゲミツスイ
Philemon diemenensis,カレドニアハゲミツスイ
Philemon eichhorni,ニューアイルランドハゲミツスイ
Philemon fuscicapillus,モロタイハゲミツスイ
Philemon inornatus,チモールハゲミツスイ
Philemon kisserensis,ハイイロハゲミツスイ
Philemon meyeri,チャイロハゲミツスイ
Philemon moluccensis,ブルハゲミツスイ
Philemon plumigenis,タニンバルハゲミツスイ
Philemon subcorniculatus,セラムハゲミツスイ
Philentoma pyrhoptera,チャバネアカメヒタキ
Philentoma velata,クリムネアカメヒタキ
Philepitta castanea,ビロードマミヤイロチョウ
Philepitta schlegeli,キイロマミヤイロチョウ
Philesturnus carunculatus,セアカホオダレムクドリ
Philesturnus rufusater,ホクトウセアカホオダレムクドリ
Philetairus socius,シャカイハタオリ
Philodice bryantae,コスタリカハチドリ
Philodice mitchellii,フジノドハチドリ
Philohydor lictor,キバラタイランチョウ
Philortyx fasciatus,ヨコフウズラ
Philydor atricapillus,ズグロマユカマドドリ
Philydor novaesi,アラゴアスマユカマドドリ
Philydor pyrrhodes,ハグロマユカマドドリ
Phimosus infuscatus,サカツラトキ
Phlegopsis borbae,マユゲホノオアリドリ
Phlegopsis erythroptera,アカバネホノオアリドリ
Phlegopsis nigromaculata,ホノオアリドリ
Phleocryptes melanops,セッカカマドドリ
Phlogophilus harterti,ペルーマダラオハチドリ
Phlogophilus hemileucurus,マダラオハチドリ
Phodilus assimilis,セイロンニセメンフクロウ
Phodilus badius,ニセメンフクロウ
Phoebastria albatrus,アホウドリ
Phoebastria immutabilis,コアホウドリ
Phoebastria irrorata,ガラパゴスアホウドリ
Phoebastria nigripes,クロアシアホウドリ
Phoebetria fusca,ススイロアホウドリ
Phoebetria palpebrata,ハイイロアホウドリ
Phoenicircus carnifex,ギアナアカクロカザリドリ
Phoenicircus nigricollis,アカクロカザリドリ
Phoeniconaias minor,コフラミンゴ
Phoenicoparrus andinus,アンデスフラミンゴ
Phoenicoparrus jamesi,コバシフラミンゴ
Phoenicopterus chilensis,チリフラミンゴ
Phoenicopterus roseus,オオフラミンゴ
Phoenicopterus ruber,ベニイロフラミンゴ
Phoeniculus bollei,カオジロモリヤツガシラ
Phoeniculus castaneiceps,オナガクロモリヤツガシラ
Phoeniculus damarensis,ムラサキモリヤツガシラ
Phoeniculus purpureus,ミドリモリヤツガシラ
Phoeniculus somaliensis,ソマリアモリヤツガシラ
Phoenicurus alaschanicus,アカガオジョウビタキ
Phoenicurus auroreus,ジョウビタキ
Phoenicurus bicolor,ルソンカワビタキ
Phoenicurus coeruleocephala,ズアオジョウビタキ
Phoenicurus erythrogastrus,シロガシラジョウビタキ
Phoenicurus erythronotus,セアカジョウビタキ
Phoenicurus frontalis,ルリビタイジョウビタキ
Phoenicurus fuliginosus,カワビタキ
Phoenicurus hodgsoni,ハイバネジョウビタキ
Phoenicurus leucocephalus,シロボウシカワビタキ
Phoenicurus moussieri,ハチマキジョウビタキ
Phoenicurus ochruros,クロジョウビタキ
Phoenicurus phoenicurus,シロビタイジョウビタキ
Phoenicurus schisticeps,ノドジロジョウビタキ
Pholia sharpii,ムナジロムクドリ
Pholidornis rushiae,カラハタオリ
Phonipara canora,クビワスズメ
Phonygammus keraudrenii,ナキカラスフウチョウ
Phragmacia substriata,ムナフハウチワドリ
Phrygilus atriceps,クロズキンヤマシトド
Phrygilus gayi,ハイズキンヤマシトド
Phrygilus patagonicus,パタゴニアヤマシトド
Phrygilus punensis,ペルーヤマシトド
Phylidonyris niger,ホオジロキバネミツスイ
Phylidonyris novaehollandiae,メジロキバネミツスイ
Phylidonyris pyrrhopterus,ミカヅキキバネミツスイ
Phyllaemulor bracteatus,サビイロタチヨタカ
Phyllastrephus albigula,ウサンバラミドリヒヨドリ
Phyllastrephus albigularis,ノドジロミドリヒヨドリ
Phyllastrephus alfredi,マラウィミドリヒヨドリ
Phyllastrephus baumanni,アカオオリーブヒヨドリ
Phyllastrephus cabanisi,ニシキスジチャイロヒヨドリ
Phyllastrephus cerviniventris,ハイイロオリーブヒヨドリ
Phyllastrephus debilis,ヒメミドリヒヨドリ
Phyllastrephus fischeri,キスジチャイロヒヨドリ
Phyllastrephus flavostriatus,キジマミドリヒヨドリ
Phyllastrephus fulviventris,ムジオリーブヒヨドリ
Phyllastrephus hypochloris,ウスリーオリーブヒヨドリ
Phyllastrephus icterinus,コキバラオリーブヒヨドリ
Phyllastrephus lorenzi,クロテンミドリヒヨドリ
Phyllastrephus poensis,カメルーンオリーブヒヨドリ
Phyllastrephus poliocephalus,キバラミドリヒヨドリ
Phyllastrephus scandens,チャイロコノハヒヨドリ
Phyllastrephus strepitans,ハバタキチャイロヒヨドリ
Phyllastrephus terrestris,シロハラチャイロヒヨドリ
Phyllastrephus xavieri,キバラオリーブヒヨドリ
Phyllergates cucullatus,キバラサイホウチョウ
Phyllergates heterolaemus,ミンダナオサイホウチョウ
Phyllolais pulchella,アカシアムシクイ
Phyllomyias fasciatus,コタイランチョウ
Phyllomyias griseiceps,ハイガシラコタイランチョウ
Phyllomyias griseocapilla,ハイズキンコタイランチョウ
Phyllomyias plumbeiceps,ミミグロコタイランチョウ
Phyllomyias reiseri,タカネミドリコタイランチョウ
Phyllomyias sclateri,メジロコタイランチョウ
Phyllomyias urichi,ミヤマコタイランチョウ
Phyllomyias virescens,ミドリコタイランチョウ
Phyllomyias weedeni,ユンガスコタイランチョウ
Phylloscartes beckeri,バイアコバシハエトリ
Phylloscartes ceciliae,アラゴアスコバシハエトリ
Phylloscartes flaviventris,キバラヒゲハエトリ
Phylloscartes flavovirens,ミドリコバシハエトリ
Phylloscartes gualaquizae,エクアドルヒゲハエトリ
Phylloscartes kronei,レスティンガコバシハエトリ
Phylloscartes nigrifrons,クロビタイコバシハエトリ
Phylloscartes oustaleti,ミミグロコバシハエトリ
Phylloscartes parkeri,ニッケイガオコバシハエトリ
Phylloscartes roquettei,アカガオコバシハエトリ
Phylloscartes superciliaris,アカマユコバシハエトリ
Phylloscartes sylviolus,クリメコバシハエトリ
Phylloscartes ventralis,コバシハエトリ
Phylloscartes virescens,オリーブコバシハエトリ
Phylloscopus affinis,キバラムシクイ
Phylloscopus amoenus,クランバングラムシクイ
Phylloscopus armandii,モウコムジセッカ
Phylloscopus bonelli,ボネリームシクイ
Phylloscopus borealis,コムシクイ
Phylloscopus borealoides,エゾムシクイ
Phylloscopus budongoensis,ウガンダハヤシムシクイ
Phylloscopus burkii,マユグロモリムシクイ
Phylloscopus calciatilis,セッカイガンムシクイ
Phylloscopus canariensis,カナリーチフチャフ
Phylloscopus cantator,キムネムシクイ
Phylloscopus castaniceps,クリガシラモリムシクイ
Phylloscopus cebuensis,ルソンムシクイ
Phylloscopus chloronotus,ウスゴシムシクイ
Phylloscopus claudiae,クラウディアムシクイ
Phylloscopus collybita,チフチャフ
Phylloscopus coronatus,センダイムシクイ
Phylloscopus emeiensis,エメイムシクイ
Phylloscopus examinandus,オオムシクイ
Phylloscopus fuligiventer,マユナガムシクイ
Phylloscopus fuscatus,ムジセッカ
Phylloscopus goodsoni,ハルテルトムシクイ
Phylloscopus grammiceps,スンダモリムシクイ
Phylloscopus griseolus,オリーブムシクイ
Phylloscopus hainanus,ハイナンムシクイ
Phylloscopus herberti,ズグロハヤシムシクイ
Phylloscopus humei,バフマユムシクイ
Phylloscopus ibericus,イベリアチフチャフ
Phylloscopus ijimae,イイジマムシクイ
Phylloscopus inornatus,キマユムシクイ
Phylloscopus intensior,オジロムシクイ
Phylloscopus intermedius,メジロモリムシクイ
Phylloscopus kansuensis,カンスームシクイ
Phylloscopus laetus,アカガオハヤシムシクイ
Phylloscopus laurae,キムネハヤシムシクイ
Phylloscopus maculipennis,キゴシムシクイ
Phylloscopus maforensis,ヌムフォアムシクイ
Phylloscopus magnirostris,ハシブトムシクイ
Phylloscopus makirensis,サンクリストバルムシクイ
Phylloscopus misoriensis,ビアクムシクイ
Phylloscopus montis,チャガシラモリムシクイ
Phylloscopus neglectus,イランムシクイ
Phylloscopus nitidus,ミドリムシクイ
Phylloscopus occipitalis,ニシセンダイムシクイ
Phylloscopus ogilviegranti,ミナミオジロムシクイ
Phylloscopus olivaceus,フィリピンムシクイ
Phylloscopus omeiensis,ガビモリムシクイ
Phylloscopus orientalis,ヒガシボネリームシクイ
Phylloscopus plumbeitarsus,ヤナギムシクイ
Phylloscopus poliocephalus,ニューギニアムシクイ
Phylloscopus poliogenys,アゴジロモリムシクイ
Phylloscopus presbytes,スンダムシクイ
Phylloscopus proregulus,カラフトムシクイ
Phylloscopus pulcher,チャバネムシクイ
Phylloscopus reguloides,ヒマラヤムシクイ
Phylloscopus ricketti,マユグロムシクイ
Phylloscopus rotiensis,ロテムシクイ
Phylloscopus ruficapilla,キノドハヤシムシクイ
Phylloscopus sarasinorum,スラウェシムシクイ
Phylloscopus schwarzi,カラフトムジセッカ
Phylloscopus sibilatrix,モリムシクイ
Phylloscopus sindianus,ミヤマチフチャフ
Phylloscopus soror,ムジオモリムシクイ
Phylloscopus subaffinis,バフイロムシクイ
Phylloscopus subviridis,アフガンムシクイ
Phylloscopus tenellipes,アムールムシクイ
Phylloscopus tephrocephalus,ハイボウシモリムシクイ
Phylloscopus trivirgatus,ミナミムシクイ
Phylloscopus trochiloides,ニシヤナギムシクイ
Phylloscopus trochilus,キタヤナギムシクイ
Phylloscopus tytleri,カシミールムシクイ
Phylloscopus umbrovirens,チャイロハヤシムシクイ
Phylloscopus valentini,インドシナモリムシクイ
Phylloscopus whistleri,インドモリムシクイ
Phylloscopus xanthodryas,メボソムシクイ
Phylloscopus xanthoschistos,ハイガシラモリムシクイ
Phylloscopus yunnanensis,シセンムシクイ
Phytotoma raimondii,ペルークサカリドリ
Phytotoma rara,チリクサカリドリ
Phytotoma rutila,アカハラクサカリドリ
Piaya cayana,リスカッコウ
Piaya melanogaster,クリハラリスカッコウ
Pica asirensis,アラビアカササギ
Pica bottanensis,ヒマラヤカササギ
Pica hudsonia,アメリカカササギ
Pica mauritanica,マグレブカササギ
Pica nuttallii,キバシカササギ
Pica pica,ユーラシアカササギ
Pica serica,カササギ
Picathartes gymnocephalus,ハゲチメドリ
Picathartes oreas,ズアカハゲチメドリ
Picoides arcticus,セグロミユビゲラ
Picoides dorsalis,アメリカミユビゲラ
Picoides tridactylus,ミユビゲラ
Piculus aurulentus,マミジロモリゲラ
Piculus callopterus,ホオシマモリゲラ
Piculus chrysochloros,モリゲラ
Piculus flavigula,キノドモリゲラ
Piculus leucolaemus,ノドジロモリゲラ
Piculus litae,リタモリゲラ
Piculus simplex,パナマノドジロモリゲラ
Picumnus albosquamatus,クロヒメキツツキ
Picumnus aurifrons,キンビタイヒメキツツキ
Picumnus castelnau,キバラヒメキツツキ
Picumnus cinnamomeus,クリイロヒメキツツキ
Picumnus cirratus,シロスジヒメキツツキ
Picumnus dorbignyanus,ガンモンヒメキツツキ
Picumnus exilis,キンクロヒメキツツキ
Picumnus fuscus,チャエリヒメキツツキ
Picumnus granadensis,ハイイロヒメキツツキ
Picumnus innominatus,アジアヒメキツツキ
Picumnus lafresnayi,アマゾンヒメキツツキ
Picumnus limae,スナイロヒメキツツキ
Picumnus minutissimus,ヤジリヒメキツツキ
Picumnus nebulosus,ベニボウシヒメキツツキ
Picumnus olivaceus,オリーブヒメキツツキ
Picumnus pumilus,オリノコヒメキツツキ
Picumnus pygmaeus,シロボシヒメキツツキ
Picumnus rufiventris,ムネアカヒメキツツキ
Picumnus sclateri,エクアドルヒメキツツキ
Picumnus spilogaster,シロハラヒメキツツキ
Picumnus squamulatus,ウロコヒメキツツキ
Picumnus steindachneri,ムナフヒメキツツキ
Picumnus subtilis,ペルーヒメキツツキ
Picumnus temminckii,キエリヒメキツツキ
Picumnus varzeae,ツチイロヒメキツツキ
Picus awokera,アオゲラ
Picus canus,ヤマゲラ
Picus chlorolophus,ヒメアオゲラ
Picus erythropygius,コシアカアオゲラ
Picus puniceus,モリアオゲラ
Picus rabieri,アンナンヤマゲラ
Picus sharpei,イベリアオゲラ
Picus squamatus,ヒマラヤアオゲラ
Picus vaillantii,モロッコアオゲラ
Picus viridanus,スジムネアオゲラ
Picus viridis,ヨーロッパアオゲラ
Picus vittatus,タケアオゲラ
Picus xanthopygaeus,ムナフタケアオゲラ
Piezorina cinerea,マシコシトド
Pilherodius pileatus,シロゴイサギ
Pinarochroa sordida,ミヤマイワビタキ
Pinarocorys erythropygia,アカオセイタカヒバリ
Pinarocorys nigricans,ウスグロセイタカヒバリ
Pinaroloxias inornata,ココスフィンチ
Pinarornis plumosus,イワトビヒタキ
Pinguinus impennis,オオウミガラス
Pinicola enucleator,ギンザンマシコ
Pionites leucogaster,シロハラインコ
Pionites melanocephalus,ズグロシロハラインコ
Pionopsitta pileata,ヒガシラインコ
Pionus chalcopterus,ドウバネインコ
Pionus fuscus,スミレインコ
Pionus maximiliani,アケボノインコモドキ
Pionus menstruus,アケボノインコ
Pionus senilis,メキシコシロガシラインコ
Pionus seniloides,シロガシラインコ
Pionus sordidus,ヨゴレインコ
Pionus tumultuosus,バラガシラインコ
Pipile cujubi,アカノドナキシャクケイ
Pipile cumanensis,アオノドナキシャクケイ
Pipile jacutinga,カオグロナキシャクケイ
Pipile pipile,トリニダードナキシャクケイ
Pipilo chlorurus,ミドリトウヒチョウ
Pipilo erythrophthalmus,ワキアカトウヒチョウ
Pipilo maculatus,ホシワキアカトウヒチョウ
Pipilo naufragus,バミューダトウヒチョウ
Pipilo ocai,クロオビトウヒチョウ
Pipra aureola,アカクロマイコドリ
Pipra fasciicauda,オビオマイコドリ
Pipra filicauda,ハリオマイコドリ
Pipraeidea melanonota,アオボウシフウキンチョウ
Pipreola arcuata,シマミドリカザリドリ
Pipreola aureopectus,キムネミドリカザリドリ
Pipreola chlorolepidota,ノドアカミドリカザリドリ
Pipreola formosa,ゴシキカザリドリ
Pipreola frontalis,ムネアカミドリカザリドリ
Pipreola intermedia,オビオミドリカザリドリ
Pipreola jucunda,ミヤマキムネミドリカザリドリ
Pipreola lubomirskii,ムナグロミドリカザリドリ
Pipreola pulchra,カオグロミドリカザリドリ
Pipreola riefferii,ズグロミドリカザリドリ
Pipreola whitelyi,アカオビカザリドリ
Piprites chloris,ハマダラマイコドリ
Piprites griseiceps,メジロマイコドリ
Piprites pileata,ズグロマイコドリ
Piranga bidentata,ホノオフウキンチョウ
Piranga erythrocephala,ズアカフウキンチョウ
Piranga flava,レンガフウキンチョウ
Piranga leucoptera,ハジロフウキンチョウ
Piranga ludoviciana,ニシフウキンチョウ
Piranga olivacea,アカフウキンチョウ
Piranga roseogularis,バラノドフウキンチョウ
Piranga rubra,ナツフウキンチョウ
Piranga rubriceps,アカズキンフウキンチョウ
Pitangus sulphuratus,キバラオオタイランチョウ
Pithecophaga jefferyi,フィリピンワシ
Pithys albifrons,シロエボシアリドリ
Pithys castaneus,シロガオアリドリ
Pitohui dichrous,ズグロモリモズ
Pitohui kirhocephalus,カワリモリモズ
Pitta anerythra,カオグロヤイロチョウ
Pitta angolensis,アフリカヤイロチョウ
Pitta brachyura,インドヤイロチョウ
Pitta concinna,インドネシアノドグロヤイロチョウ
Pitta elegans,ティモールノドグロヤイロチョウ
Pitta iris,ムナグロヤイロチョウ
Pitta maxima,オオヤイロチョウ
Pitta megarhyncha,マングローブヤイロチョウ
Pitta moluccensis,ミナミヤイロチョウ
Pitta nympha,ヤイロチョウ
Pitta reichenowi,アオムネヤイロチョウ
Pitta sordida,ズグロヤイロチョウ
Pitta steerii,ソライロヤイロチョウ
Pitta superba,セグロヤイロチョウ
Pitta versicolor,ノドグロヤイロチョウ
Pitta vigorsii,バンダカイノドグロヤイロチョウ
Pittasoma michleri,アリヤイロチョウ
Pittasoma rufopileatum,ズアカアリヤイロチョウ
Pityriasis gymnocephala,ブタゲモズ
Platalea ajaja,ベニヘラサギ
Platalea alba,アフリカヘラサギ
Platalea flavipes,キバシヘラサギ
Platalea leucorodia,ヘラサギ
Platalea minor,クロツラヘラサギ
Platalea regia,オーストラリアヘラサギ
Platycercus adscitus,ホオアオサメクサインコ
Platycercus caledonicus,アカビタイキクサインコ
Platycercus elegans,アカクサインコ
Platycercus eximius,ナナクサインコ
Platycercus icterotis,ココノエインコ
Platycercus venustus,ズグロサメクサインコ
Platylophus galericulatus,カンムリカケス
Platyrinchus cancrominus,メジロヒラハシタイランチョウ
Platyrinchus coronatus,カンムリヒラハシタイランチョウ
Platyrinchus flavigularis,キノドヒラハシタイランチョウ
Platyrinchus leucoryphus,アカバネヒラハシタイランチョウ
Platyrinchus mystaceus,ノドジロヒラハシタイランチョウ
Platyrinchus platyrhynchos,ヒラハシタイランチョウ
Platyrinchus saturatus,ボウシヒラハシタイランチョウ
Platysmurus leucopterus,クロカケス
Platyspiza crassirostris,ハシブトダーウィンフィンチ
Platysteira albifrons,クロオビメガネヒタキ
Platysteira blissetti,ホオアカメガネヒタキ
Platysteira chalybea,クロエリメガネヒタキ
Platysteira concreta,キバラメガネヒタキ
Platysteira cyanea,メガネヒタキ
Platysteira jamesoni,ヒガシホオアカメガネヒタキ
Platysteira laticincta,ヨコジマメガネヒタキ
Platysteira peltata,クビワメガネヒタキ
Plectorhyncha lanceolata,ヒヨミツスイ
Plectrophenax hyperboreus,ベーリングユキホオジロ
Plectrophenax nivalis,ユキホオジロ
Plectropterus gambensis,ツメバガン
Plegadis chihi,カオジロブロンズトキ
Plegadis falcinellus,ブロンズトキ
Plegadis ridgwayi,アンデスブロンズトキ
Plesiodryas albonotata,パプアノドグロヒタキ
Plocealauda affinis,ジャードンヤブヒバリ
Plocealauda assamica,チャバネヤブヒバリ
Plocealauda erythrocephala,ズアカヤブヒバリ
Plocealauda erythroptera,コチャバネヤブヒバリ
Plocealauda microptera,コバネヤブヒバリ
Plocepasser donaldsoni,コシジロスズメハタオリ
Plocepasser mahali,マミジロスズメハタオリ
Plocepasser rufoscapulatus,クロヒゲスズメハタオリ
Plocepasser superciliosus,チャガシラスズメハタオリ
Ploceus albinucha,シロエリクロハタオリ
Ploceus alienus,カワリハタオリ
Ploceus angolensis,オビバネハタオリ
Ploceus aurantius,オレンジハタオリ
Ploceus aureonucha,キンエリハタオリ
Ploceus badius,ニッケイハタオリ
Ploceus baglafecht,ミミグロハタオリ
Ploceus bannermani,カオグロハタオリ
Ploceus batesi,クリガシラハタオリ
Ploceus benghalensis,ノドグロコウヨウジャク
Ploceus bertrandi,クロエリハタオリ
Ploceus bicolor,ニショクハタオリ
Ploceus bojeri,オウゴンヤシハタオリ
Ploceus burnieri,タンザニアチャノドハタオリ
Ploceus capensis,ケープハタオリ
Ploceus castaneiceps,チャエリハタオリ
Ploceus castanops,キタチャノドハタオリ
Ploceus cucullatus,ズグロウロコハタオリ
Ploceus dichrocephalus,チャガシラハタオリ
Ploceus dorsomaculatus,セスジハタオリ
Ploceus flavipes,キアシクロハタオリ
Ploceus galbula,キイロハタオリ
Ploceus golandi,キムネクロハタオリ
Ploceus grandis,オニハタオリ
Ploceus heuglini,ニシメンガタハタオリ
Ploceus hypoxanthus,キンイロコウヨウジャク
Ploceus insignis,チャボウシハタオリ
Ploceus intermedius,メンハタオリドリ
Ploceus jacksoni,キゴロモハタオリ
Ploceus katangae,カタンガメンガタハタオリ
Ploceus luteolus,ヒメハタオリ
Ploceus manyar,コウヨウジャク
Ploceus megarhynchus,キイロコウヨウジャク
Ploceus melanocephalus,ズグロハタオリ
Ploceus melanogaster,クロハラハタオリ
Ploceus nelicourvi,マダガスカルハタオリ
Ploceus nicolli,ウサンバラハタオリ
Ploceus nigerrimus,クロハタオリ
Ploceus nigricollis,ノドグロハタオリ
Ploceus nigrimentus,クロアゴハタオリ
Ploceus ocularis,メグロハタオリ
Ploceus olivaceiceps,キビタイハタオリ
Ploceus pelzelni,ハシボソハタオリ
Ploceus philippinus,キムネコウヨウジャク
Ploceus preussi,ハグロハタオリ
Ploceus princeps,プリンシペハタオリ
Ploceus reichardi,タンザニアメンガタハタオリ
Ploceus rubiginosus,クリイロハタオリ
Ploceus ruweti,ザイールメンガタハタオリ
Ploceus sakalava,ニシマダガスカルハタオリ
Ploceus sanctithomae,サントメハタオリ
Ploceus spekei,カオグロウロコハタオリ
Ploceus spekeoides,ウガンダウロコハタオリ
Ploceus subaureus,コガネハタオリ
Ploceus subpersonatus,キンチャハシボソハタオリ
Ploceus taeniopterus,キタメンガタハタオリ
Ploceus temporalis,アンゴラハタオリ
Ploceus tricolor,サンショクハタオリ
Ploceus velatus,メンガタハタオリ
Ploceus vitellinus,キイロメンガタハタオリ
Ploceus weynsi,ワキアカクロハタオリ
Ploceus xanthops,オオコガネハタオリ
Ploceus xanthopterus,チャノドハタオリ
Pluvialis apricaria,ヨーロッパムナグロ
Pluvialis dominica,アメリカムナグロ
Pluvialis fulva,ムナグロ
Pluvialis squatarola,ダイゼン
Pluvianellus socialis,マゼランチドリ
Pluvianus aegyptius,ナイルチドリ
Pnoepyga albiventer,ヒメサザイチメドリ
Pnoepyga formosana,タイワンサザイチメドリ
Pnoepyga immaculata,ネパールサザイチメドリ
Pnoepyga pusilla,タカサゴミソサザイ
Podargus ocellatus,チャイロガマグチヨタカ
Podargus papuensis,パプアガマグチヨタカ
Podargus strigoides,オーストラリアガマグチヨタカ
Podica senegalensis,アフリカヒレアシ
Podiceps andinus,コロンビアカイツブリ
Podiceps auritus,ミミカイツブリ
Podiceps cristatus,カンムリカイツブリ
Podiceps gallardoi,パタゴニアカイツブリ
Podiceps grisegena,アカエリカイツブリ
Podiceps major,オオカイツブリ
Podiceps nigricollis,ハジロカイツブリ
Podiceps occipitalis,ギンカイツブリ
Podiceps taczanowskii,ペルーカイツブリ
Podilymbus gigas,オオオビハシカイツブリ
Podilymbus podiceps,オビハシカイツブリ
Podoces biddulphi,オジロサバクガラス
Podoces hendersoni,ハシナガサバクガラス
Podoces panderi,サバクガラス
Podoces pleskei,イランサバクガラス
Poecile atricapillus,アメリカコガラ
Poecile carolinensis,カロライナコガラ
Poecile cinctus,シベリアコガラ
Poecile davidi,アカハラガラ
Poecile gambeli,マミジロコガラ
Poecile hudsonicus,カナダコガラ
Poecile hypermelaenus,ミナミハシブトガラ
Poecile hyrcanus,カスピアコガラ
Poecile lugubris,バルカンコガラ
Poecile montanus,コガラ
Poecile palustris,ハシブトガラ
Poecile rufescens,クロイロコガラ
Poecile sclateri,メキシココガラ
Poecile superciliosus,マユガラ
Poecile weigoldicus,シセンコガラ
Poecilodryas cerviniventris,ワキアカヒタキ
Poecilodryas hypoleuca,クロシロマユヒタキ
Poecilodryas superciliosa,マミジロヒタキ
Poecilostreptus cabanisi,ミズイロフウキンチョウ
Poecilostreptus palmeri,ノドジロフウキンチョウ
Poecilotriccus albifacies,ホオジロハシナガハエトリ
Poecilotriccus calopterus,キンバネハシナガタイランチョウ
Poecilotriccus capitalis,セグロハシナガハエトリ
Poecilotriccus fumifrons,ヒメハシナガタイランチョウ
Poecilotriccus latirostris,チャビタイハシナガタイランチョウ
Poecilotriccus luluae,ジョンソンハシナガハエトリ
Poecilotriccus plumbeiceps,キガオハシナガタイランチョウ
Poecilotriccus pulchellus,セグロハシナガタイランチョウ
Poecilotriccus ruficeps,ズアカハシナガハエトリ
Poecilotriccus russatus,アカハシナガタイランチョウ
Poecilotriccus senex,キホオハシナガタイランチョウ
Poecilotriccus sylvia,ハイイロハシナガタイランチョウ
Poeoptera kenricki,クロテリムク
Poeoptera lugubris,ホソオテリムク
Poeoptera stuhlmanni,アオテリムク
Poephila acuticauda,オナガキンセイチョウ
Poephila cincta,キンセイチョウ
Poephila personata,キバシキンセイチョウ
Pogoniulus atroflavus,コシアカヒメゴシキドリ
Pogoniulus bilineatus,キゴシヒメゴシキドリ
Pogoniulus chrysoconus,キビタイヒメゴシキドリ
Pogoniulus coryphaea,セスジヒメゴシキドリ
Pogoniulus leucomystax,シロヒゲヒメゴシキドリ
Pogoniulus pusillus,アカビタイヒメゴシキドリ
Pogoniulus scolopaceus,マダラヒメゴシキドリ
Pogoniulus simplex,ミドリヒメゴシキドリ
Pogoniulus subsulphureus,キノドヒメゴシキドリ
Pogonocichla stellata,シラボシヤブコマ
Pogonornis bidentatus,フタツハバシゴシキドリ
Pogonornis dubius,ヒゲゴシキドリ
Pogonornis melanopterus,チャムネゴシキドリ
Pogonornis minor,タスキゴシキドリ
Pogonornis rolleti,オオハバシゴシキドリ
Pogonotriccus chapmani,チャオビコバシハエトリ
Pogonotriccus difficilis,シロハラコバシハエトリ
Pogonotriccus eximius,ミナミヒゲハエトリ
Pogonotriccus lanyoni,アンティオキアヒゲハエトリ
Pogonotriccus ophthalmicus,ミミグロヒゲハエトリ
Pogonotriccus orbitalis,メジロヒゲハエトリ
Pogonotriccus paulista,キマユコバシハエトリ
Pogonotriccus poecilotis,ミヤマヒゲハエトリ
Pogonotriccus venezuelanus,ベネズエラヒゲハエトリ
Poicephalus crassus,アカメチャガシラハネナガインコ
Poicephalus cryptoxanthus,チャガシラハネナガインコ
Poicephalus flavifrons,キビタイハネナガインコ
Poicephalus fuscicollis,ハネナガインコ
Poicephalus gulielmi,ズアカハネナガインコ
Poicephalus meyeri,ムラクモインコ
Poicephalus robustus,ケープインコ
Poicephalus rueppellii,クロクモインコ
Poicephalus rufiventris,アカハラハネナガインコ
Poicephalus senegalus,ネズミガシラハネナガインコ
Poikilocarbo gaimardi,サカツラウ
Polemaetus bellicosus,ゴマバラワシ
Polihierax semitorquatus,コビトハヤブサ
Poliocephalus poliocephalus,シラガカイツブリ
Poliocephalus rufopectus,ニュージーランドカイツブリ
Poliocrania exsul,クリセアリドリ
Poliolais lopezi,フェルナンドポームシクイ
Poliolimnas cinereus,マミジロクイナ
Polioptila albiloris,ホオジロズグロブユムシクイ
Polioptila albiventris,ユカタンブユムシクイ
Polioptila attenboroughi,イナンバリブユムシクイ
Polioptila bilineata,キタカオジロブユムシクイ
Polioptila caerulea,ブユムシクイ
Polioptila californica,カリフォルニアブユムシクイ
Polioptila clementsi,イキトスブユムシクイ
Polioptila dumicola,ミミグロブユムシクイ
Polioptila facilis,リオネグロブユムシクイ
Polioptila guianensis,ハイイロブユムシクイ
Polioptila lactea,マミジロブユムシクイ
Polioptila lembeyei,キューバブユムシクイ
Polioptila melanura,オグロブユムシクイ
Polioptila nigriceps,ズグロブユムシクイ
Polioptila paraensis,パラブユムシクイ
Polioptila plumbea,カオジロブユムシクイ
Polioptila schistaceigula,シロハラアオブユムシクイ
Polyboroides radiatus,マダガスカルチュウヒダカ
Polyboroides typus,チュウヒダカ
Polyerata amabilis,エメラルドハチドリ
Polyerata decora,エメラルドカンムリハチドリ
Polyerata rosenbergi,ムネムラサキエメラルドハチドリ
Polyonymus caroli,スミレフタオハチドリ
Polyplectron bicalcaratum,コクジャク
Polyplectron chalcurum,アオオビコクジャク
Polyplectron germaini,カッショクコクジャク
Polyplectron inopinatum,アカコクジャク
Polyplectron katsumatae,ハイナンコクジャク
Polyplectron malacense,マレーエボシコクジャク
Polyplectron napoleonis,パラワンコクジャク
Polyplectron schleiermacheri,ボルネオエボシコクジャク
Polysticta stelleri,コケワタガモ
Polystictus pectoralis,カンムリタイランチョウ
Polystictus superciliaris,ハイイロカンムリタイランチョウ
Polytelis alexandrae,テンニョインコ
Polytelis anthopeplus,オグロインコ
Polytelis swainsonii,ミカヅキインコ
Polytmus guainumbi,マルオハチドリ
Polytmus milleri,オジロマルオハチドリ
Polytmus theresiae,ヒメマルオハチドリ
Pomarea dimidiata,ラロトンガヒタキ
Pomarea fluxa,エイアオヒタキ
Pomarea iphis,アオマルケサスヒタキ
Pomarea maupitiensis,マウピティヒタキ
Pomarea mendozae,マルケサスヒタキ
Pomarea mira,ウアポウヒタキ
Pomarea nigra,タヒチヒタキ
Pomarea nukuhivae,ヌクヒバヒタキ
Pomarea whitneyi,オオマルケサスヒタキ
Pomatorhinus ferruginosus,カオグロマルハシ
Pomatorhinus horsfieldii,インドマミジロマルハシ
Pomatorhinus melanurus,スリランカマルハシ
Pomatorhinus montanus,セアカマルハシ
Pomatorhinus musicus,タイワンヒメマルハシ
Pomatorhinus ochraceiceps,ムナジロマルハシ
Pomatorhinus ruficollis,ヒメマルハシ
Pomatorhinus schisticeps,マミジロマルハシ
Pomatorhinus superciliaris,ハシナガチメドリ
Pomatostomus halli,ノドジロオーストラリアマルハシ
Pomatostomus ruficeps,クリボウシオーストラリアマルハシ
Pomatostomus superciliosus,マミジロオーストラリアマルハシ
Pomatostomus temporalis,オーストラリアマルハシ
Poodytes albolimbatus,パプアオオセッカ
Poodytes carteri,マルオセッカ
Poodytes gramineus,シマオオセッカ
Poodytes punctatus,シダセッカ
Poodytes rufescens,チャタムシダセッカ
Pooecetes gramineus,オジロヒメドリ
Poospiza baeri,アカビタイマユシトド
Poospiza boliviana,ボリビアマユシトド
Poospiza garleppi,アカハラマユシトド
Poospiza goeringi,アカハラモリフウキンチョウ
Poospiza hispaniolensis,ムナグロマユシトド
Poospiza nigrorufa,クロアカマユシトド
Poospiza ornata,ニッケイマユシトド
Poospiza rubecula,ムネアカマユシトド
Poospiza rufosuperciliaris,アカマユモリフウキンチョウ
Poospiza whitii,クロクリマユシトド
Poospizopsis caesar,ノドジロマユシトド
Poospizopsis hypocondria,ワキアカマユシトド
Porphyrio albus,ロードハウセイケイ
Porphyrio alleni,アフリカムラサキバン
Porphyrio flavirostris,ナンベイバン（ナンベイムラサキバン）
Porphyrio hochstetteri,タカへ（ノトルニス）
Porphyrio indicus,スンダセイケイ
Porphyrio madagascariensis,アフリカセイケイ
Porphyrio mantelli,オオタカヘ
Porphyrio martinica,アメリカムラサキバン
Porphyrio melanotus,ナンヨウセイケイ
Porphyrio paepae,マルキーズセイケイ
Porphyrio poliocephalus,セイケイ
Porphyrio porphyrio,ヨーロッパセイケイ
Porphyrio pulverulentus,フィリピンセイケイ
Porphyriops melanops,ワキジロバン
Porphyrolaema porphyrolaema,ハシブトカザリドリ
Porzana carolina,カオグロクイナ
Porzana fluminea,ミナミヒメクイナ
Porzana porzana,コモンクイナ
Premnoplex brunnescens,キボシヒゲオカマドドリ
Premnoplex tatei,ムナジロヒゲオカマドドリ
Premnornis guttuliger,アカバネヒゲオカマドドリ
Primolius auricollis,キエリヒメコンゴウインコ
Primolius couloni,ヤマヒメコンゴウインコ
Primolius maracana,アカビタイヒメコンゴウインコ
Prinia atrogularis,ノドグロハウチワドリ
Prinia bairdii,ヨコジマハウチワドリ
Prinia buchanani,ズアカハウチワドリ
Prinia cinereocapilla,ハイガシラハウチワドリ
Prinia cooki,ビルマハウチワドリ
Prinia crinigera,ヒマラヤハウチワドリ
Prinia erythroptera,アカバネムシクイ
Prinia familiaris,フタスジハウチワドリ
Prinia flavicans,ムナグロハウチワドリ
Prinia flaviventris,アオハウチワドリ
Prinia fluviatilis,カワハウチワドリ
Prinia gracilis,セスジハウチワドリ
Prinia hodgsonii,ハイムネハウチワドリ
Prinia hypoxantha,キムネハウチワドリ
Prinia inornata,マミハウチワドリ
Prinia maculosa,ゴマフハウチワドリ
Prinia molleri,サントメハウチワドリ
Prinia polychroa,ヤマハウチワドリ
Prinia rocki,アンナムハウチワドリ
Prinia rufescens,チャイロハウチワドリ
Prinia rufifrons,チャビタイムシクイ
Prinia socialis,シロハラハウチワドリ
Prinia somalica,ハイイロハウチワドリ
Prinia superciliaris,マユハウチワドリ
Prinia sylvatica,インドハウチワドリ
Prioniturus discurus,ズアオウチワインコ
Prioniturus flavicans,ズアカウチワインコ
Prioniturus luconensis,ミドリウチワインコ
Prioniturus mada,スミレガシラウチワインコ
Prioniturus mindorensis,ミンドロウチワインコ
Prioniturus montanus,ルソンズアカウチワインコ
Prioniturus platenae,パラワンウチワインコ
Prioniturus platurus,ウチワインコ
Prioniturus verticalis,アオバネウチワインコ
Prioniturus waterstradti,ミンダナオズアカウチワインコ
Prionochilus maculatus,キムネハナドリモドキ
Prionochilus percussus,ムネアカハナドリモドキ
Prionochilus plateni,パラワンハナドリモドキ
Prionochilus thoracicus,ベニムネハナドリモドキ
Prionochilus xanthopygius,キゴシハナドリモドキ
Prionodura newtoniana,オウゴンニワシドリ
Prionops alberti,キンカンメガネモズ
Prionops caniceps,アカハシメガネモズ
Prionops gabela,ハイイロメガネモズ
Prionops plumatus,エボシメガネモズ
Prionops poliolophus,ハイガシラメガネモズ
Prionops retzii,アカメメガネモズ
Prionops rufiventris,アカハラメガネモズ
Prionops scopifrons,クリビタイメガネモズ
Priotelus roseigaster,ヒスパニオラキヌバネドリ
Priotelus temnurus,キューバキヌバネドリ
Probosciger aterrimus,ヤシオウム
Procarduelis nipalensis,クリムネアカマシコ
Procellaria aequinoctialis,ノドジロクロミズナギドリ
Procellaria cinerea,オオハイイロミズナギドリ
Procellaria conspicillata,メガネミズナギドリ
Procellaria parkinsoni,クロミズナギドリ
Procellaria westlandica,ウエストランドクロミズナギドリ
Procnias albus,スズドリ
Procnias averano,アゴヒゲスズドリ
Procnias nudicollis,ハゲノドスズドリ
Procnias tricarunculatus,ヒゲドリ
Prodotiscus insignis,ニシオリーブヒメミツオシエ
Prodotiscus regulus,ヒメミツオシエ
Prodotiscus zambesiae,ヒガシオリーブヒメミツオシエ
Progne chalybea,ハイムネムラサキツバメ
Progne cryptoleuca,キューバムラサキツバメ
Progne dominicensis,シロハラムラサキツバメ
Progne elegans,ミナミムラサキツバメ
Progne modesta,ガラパゴスムラサキツバメ
Progne murphyi,ペルームラサキツバメ
Progne sinaloae,シナロアムラサキツバメ
Progne subis,ムラサキツバメ
Progne tapera,チャムネツバメ
Promerops cafer,オナガミツスイ
Promerops gurneyi,ヒガシオナガミツスイ
Prosobonia cancellata,クリスマスシギ
Prosobonia ellisi,モーレアシギ
Prosobonia leucoptera,タヒチシギ
Prosobonia parvirostris,ツアモツシギ
Prosopeia personata,メンカブリインコ
Prosopeia splendens,アカメンカブリインコ
Prosopeia tabuensis,キサキインコ
Prosthemadera novaeseelandiae,エリマキミツスイ
Protonotaria citrea,オウゴンアメリカムシクイ
Prunella atrogularis,ノドグロイワヒバリ
Prunella collaris,イワヒバリ
Prunella fulvescens,ウスヤマヒバリ
Prunella himalayana,ヒマラヤイワヒバリ
Prunella immaculata,クリイロイワヒバリ
Prunella koslowi,シロハライワヒバリ
Prunella modularis,ヨーロッパカヤクグリ
Prunella montanella,ヤマヒバリ
Prunella ocularis,コーカサスイワヒバリ
Prunella rubeculoides,ムネアカイワヒバリ
Prunella rubida,カヤクグリ
Prunella strophiata,アカチャイワヒバリ
Psalidoprocne albiceps,シロガシラクロツバメ
Psalidoprocne fuliginosa,ミヤマクロツバメ
Psalidoprocne nitens,カクビクロツバメ
Psalidoprocne obscura,ミドリクロツバメ
Psalidoprocne pristoptera,ムネジロクロツバメ
Psaltriparus minimus,ヤブガラ
Psarisomus dalhousiae,オナガヒロハシ
Psarocolius angustifrons,セアカオオツリスドリ
Psarocolius atrovirens,オリーブミドリオオツリスドリ
Psarocolius bifasciatus,チャバラオオツリスドリ
Psarocolius cassini,モモグロオオツリスドリ
Psarocolius decumanus,カンムリオオツリスドリ
Psarocolius guatimozinus,クロオオツリスドリ
Psarocolius montezuma,オオツリスドリ
Psarocolius viridis,ミドリオオツリスドリ
Psarocolius wagleri,クリガシラオオツリスドリ
Psephotellus chrysopterygius,キビタイヒスイインコ
Psephotellus dissimilis,ヒスイインコ
Psephotellus pulcherrimus,ゴクラクインコ
Psephotellus varius,セイキインコ
Psephotus haematonotus,ビセイインコ
Pseudasthenes cactorum,サボテンカマドドリ
Pseudasthenes humicola,オグロカマドドリ
Pseudasthenes patagonica,パタゴニアカマドドリ
Pseudasthenes steinbachi,クリイロカマドドリ
Pseudastur albicollis,シロノスリ
Pseudastur occidentalis,ハイセノスリ
Pseudastur polionotus,セグロノスリ
Pseudelaenia leucospodia,シロキクイタダキモドキ
Pseudeos cardinalis,ベニインコ
Pseudeos fuscata,コシジロインコ
Pseudhirundo griseopyga,カワリツバメ
Pseudibis davisoni,カタジロトキ
Pseudibis gigantea,オニアカアシトキ
Pseudibis papillosa,アカアシトキ
Pseudobias wardi,マダガスカルタンビヒタキ
Pseudobulweria aterrima,マスカリンミズナギドリ
Pseudobulweria becki,ソロモンミズナギドリ
Pseudobulweria macgillivrayi,フィジーミズナギドリ
Pseudobulweria rostrata,セグロシロハラミズナギドリ
Pseudocalyptomena graueri,アフリカミドリヒロハシ
Pseudochelidon eurystomina,アフリカカワツバメ
Pseudochelidon sirintarae,アジアカワツバメ
Pseudocolaptes boissonneautii,エリマキカマドドリ
Pseudocolaptes johnsoni,ミナミキホオカマドドリ
Pseudocolaptes lawrencii,キホオカマドドリ
Pseudocolopteryx acutipennis,ハリバネムシクイタイランチョウ
Pseudocolopteryx citreola,レモンムシクイタイランチョウ
Pseudocolopteryx dinelliana,ムシクイタイランチョウ
Pseudocolopteryx flaviventris,キバラムシクイタイランチョウ
Pseudocolopteryx sclateri,カンムリムシクイタイランチョウ
Pseudoleistes guirahuro,ヌマムクドリモドキ
Pseudoleistes virescens,コヌマムクドリモドキ
Pseudonestor xanthophrys,オウムハシハワイマシコ
Pseudonigrita arnaudi,ハイガシラシュウダンハタオリ
Pseudonigrita cabanisi,クロガシラシュウダンハタオリ
Pseudopipra pipra,シロボウシマイコドリ
Pseudopodoces humilis,ヒメサバクガラス
Pseudorectes ferrugineus,サビイロモリモズ
Pseudorectes incertus,ムナフモリモズ
Pseudosaltator rufiventris,アカハライカル
Pseudoseisura cristata,エボシカマドドリ
Pseudoseisura gutturalis,ノドジロエボシカマドドリ
Pseudoseisura lophotes,チャイロエボシカマドドリ
Pseudoseisura unirufa,アカエボシカマドドリ
Pseudospingus verticalis,ズグロモリフウキンチョウ
Pseudospingus xanthophthalmus,ハイイロモリフウキンチョウ
Pseudotriccus pelzelni,コバシハエトリモドキ
Pseudotriccus ruficeps,ズアカハエトリモドキ
Pseudotriccus simplex,チャビタイハエトリモドキ
Psilopogon annamensis,インドシナゴシキドリ
Psilopogon armillaris,ズアオゴシキドリ
Psilopogon asiaticus,アオノドゴシキドリ
Psilopogon australis,コアオミミゴシキドリ
Psilopogon chersonesus,アオミドリノドゴシキドリ
Psilopogon chrysopogon,キホオゴシキドリ
Psilopogon corvinus,チャノドゴシキドリ
Psilopogon duvaucelii,アオミミゴシキドリ
Psilopogon eximius,ノドグロゴシキドリ
Psilopogon faber,チュウゴクゴシキドリ
Psilopogon faiostrictus,ミミアオゴシキドリ
Psilopogon flavifrons,キビタイゴシキドリ
Psilopogon franklinii,キンノドゴシキドリ
Psilopogon haemacephalus,ムネアカゴシキドリ
Psilopogon henricii,キンカブリゴシキドリ
Psilopogon incognitus,クロヒゲゴシキドリ
Psilopogon javensis,シシガシラゴシキドリ
Psilopogon lagrandieri,シリアカオオゴシキドリ
Psilopogon lineatus,シロボシオオゴシキドリ
Psilopogon malabaricus,マラバルゴシキドリ
Psilopogon monticola,ヤマゴシキドリ
Psilopogon mystacophanos,ノドアカゴシキドリ
Psilopogon nuchalis,ゴシキドリ
Psilopogon pulcherrimus,キエリゴシキドリ
Psilopogon pyrolophus,アカフサゴシキドリ
Psilopogon rafflesii,ニシキゴシキドリ
Psilopogon rubricapillus,ヒノドゴシキドリ
Psilopogon virens,オオゴシキドリ
Psilopogon viridis,チャガシラゴシキドリ
Psilopogon zeylanicus,ミドリオオゴシキドリ
Psilopsiagon aurifrons,シトロンインコ
Psilopsiagon aymara,ユウギリインコ
Psilorhamphus guttatus,ホシオタテドリ
Psiloscops flammeolus,アメリカコノハズク
Psittacara brevipes,ソコロメキシコインコ
Psittacara chloropterus,アカガタミドリインコ
Psittacara erythrogenys,オナガアカボウシインコ
Psittacara euops,ホシメキシコインコ
Psittacara finschi,アカビタイメキシコインコ
Psittacara holochlorus,テリハメキシコインコ
Psittacara leucophthalmus,メジロメキシコインコ
Psittacara maugei,プエルトリコインコ
Psittacara mitratus,ベニガオメキシコインコ
Psittacara strenuus,オオメキシコインコ
Psittacara wagleri,ミドリズアカインコ
Psittacella brehmii,キクビワインコ
Psittacella madaraszi,マダラガシラインコ
Psittacella modesta,ヒメクビワインコ
Psittacella picta,サイシキインコ
Psittacula alexandri,ダルマインコ
Psittacula calthrapae,セイロンミドリワカケインコ
Psittacula caniceps,アオムネオオダルマインコ
Psittacula columboides,ミドリワカケインコ
Psittacula cyanocephala,コセイインコ
Psittacula derbiana,オオダルマインコ
Psittacula eques,モーリシャスホンセイインコ
Psittacula eupatria,オオホンセイインコ
Psittacula exsul,ロドリゲスダルマインコ
Psittacula finschii,ハイガシラホンセイインコ
Psittacula himalayana,ズグロコセイインコ
Psittacula krameri,ホンセイインコ
Psittacula longicauda,オナガダルマインコ
Psittacula roseata,バライロコセイインコ
Psittacula wardi,ミドリオオホンセイインコ
Psittacus erithacus,ヨウム
Psitteuteles versicolor,クスダマインコ
Psittinus cyanurus,ルリゴシインコ
Psittirostra psittacea,キガシラハワイマシコ
Psittrichas fulgidus,アラゲインコ
Psophia crepitans,ラッパチョウ
Psophia leucoptera,ハジロラッパチョウ
Psophia viridis,アオバネラッパチョウ
Psophodes cristatus,カンムリハシリチメドリ
Psophodes nigrogularis,シラヒゲドリ
Psophodes occidentalis,ニシカンムリハシリチメドリ
Psophodes olivaceus,ムナグロシラヒゲドリ
Pteridophora alberti,フキナガシフウチョウ
Pternistis adspersus,サザナミシャコ
Pternistis afer,アカノドシャコ
Pternistis ahantensis,チャミミシャコ
Pternistis bicalcaratus,フタツケズメシャコ
Pternistis camerunensis,カメルーンヤマシャコ
Pternistis capensis,ケープキジシャコ
Pternistis castaneicollis,チャエリシャコ
Pternistis clappertoni,ヒゲシャコ
Pternistis erckelii,クロガオシャコ
Pternistis griseostriatus,アンゴラシャコ
Pternistis hartlaubi,マダラシャコ
Pternistis harwoodi,エチオピアシャコ
Pternistis hildebrandti,メスアカシャコ
Pternistis icterorhynchus,キバシシャコ
Pternistis jacksoni,シロスジシャコ
Pternistis leucoscepus,ハゲノドシャコ
Pternistis natalensis,ナタールキジシャコ
Pternistis nobilis,ウツクシシャコ
Pternistis ochropectus,ソマリアシャコ
Pternistis rufopictus,タンザニアアカノドシャコ
Pternistis squamatus,ウロコシャコ
Pternistis swainsonii,クロアシアカノドシャコ
Pternistis swierstrai,クロクビワシャコ
Pterocles alchata,シロハラサケイ
Pterocles bicinctus,フタオビサケイ
Pterocles burchelli,シロボシサケイ
Pterocles coronatus,ササフサケイ
Pterocles decoratus,クロガオサケイ
Pterocles exustus,チャバラサケイ
Pterocles gutturalis,キノドサケイ
Pterocles indicus,サザナミサケイ
Pterocles lichtensteinii,クロビタイサケイ
Pterocles namaqua,クリムネサケイ
Pterocles orientalis,クロハラサケイ
Pterocles personatus,マダガスカルサケイ
Pterocles quadricinctus,ヨツオビサケイ
Pterocles senegallus,セネガルサケイ
Pterodroma alba,ムナオビシロハラミズナギドリ
Pterodroma arminjoniana,ムナフシロハラミズナギドリ
Pterodroma atrata,ヘンダーソンミズナギドリ
Pterodroma axillaris,チャタムミズナギドリ
Pterodroma baraui,レユニオンシロハラミズナギドリ
Pterodroma brevipes,カワリヒメシロハラミズナギドリ
Pterodroma cahow,バミューダミズナギドリ
Pterodroma caribbaea,ジャマイカミズナギドリ
Pterodroma cervicalis,クビワオオシロハラミズナギドリ
Pterodroma cookii,ハジロシロハラミズナギドリ
Pterodroma defilippiana,フェルナンデスミズナギドリ
Pterodroma externa,オオシロハラミズナギドリ
Pterodroma feae,ケープベルデミズナギドリ
Pterodroma gouldi,ハイガシラミズナギドリ
Pterodroma hasitata,ズグロシロハラミズナギドリ
Pterodroma heraldica,ヘラルドシロハラミズナギドリ
Pterodroma hypoleuca,シロハラミズナギドリ
Pterodroma incerta,ズキンミズナギドリ
Pterodroma inexpectata,マダラシロハラミズナギドリ
Pterodroma lessonii,メグロシロハラミズナギドリ
Pterodroma leucoptera,ミナミシロハラミズナギドリ
Pterodroma longirostris,ヒメシロハラミズナギドリ
Pterodroma macroptera,ハネナガミズナギドリ
Pterodroma madeira,マデイラミズナギドリ
Pterodroma magentae,マジェンタミズナギドリ
Pterodroma mollis,カオジロミズナギドリ
Pterodroma neglecta,カワリシロハラミズナギドリ
Pterodroma nigripennis,ハグロシロハラミズナギドリ
Pterodroma occulta,バヌアツシロハラミズナギドリ
Pterodroma phaeopygia,ガラパゴスシロハラミズナギドリ
Pterodroma pycrofti,ウスヒメシロハラミズナギドリ
Pterodroma sandwichensis,ハワイシロハラミズナギドリ
Pterodroma solandri,ハジロミズナギドリ
Pterodroma ultima,ウスハジロミズナギドリ
Pteroglossus aracari,アカオビチュウハシ
Pteroglossus azara,ハシジロチュウハシ
Pteroglossus bailloni,オウゴンチュウハシ
Pteroglossus beauharnaisii,ニジチュウハシ
Pteroglossus bitorquatus,アオハシチュウハシ
Pteroglossus castanotis,チャミミチュウハシ
Pteroglossus erythropygius,ハイハシムナフチュウハシ
Pteroglossus frantzii,アカハシムナフチュウハシ
Pteroglossus inscriptus,スジキムネチュウハシ
Pteroglossus pluricinctus,フタオビチュウハシ
Pteroglossus torquatus,ムナフチュウハシ
Pteroglossus viridis,キムネチュウハシ
Pteronetta hartlaubii,シラガガモ
Pterophanes cyanopterus,ルリバネハチドリ
Pteroptochos castaneus,クリノドオタテドリ
Pteroptochos megapodius,シラヒゲオタテドリ
Pteroptochos tarnii,クロアカオタテドリ
Pterorhinus albogularis,ノドジロガビチョウ
Pterorhinus berthemyi,タケドリ
Pterorhinus caerulatus,ミミジロガビチョウ
Pterorhinus chinensis,タイカンチョウ
Pterorhinus courtoisi,ズアオキノドガビチョウ
Pterorhinus davidi,キタガビチョウ
Pterorhinus delesserti,ホオグロガビチョウ
Pterorhinus galbanus,キノドガビチョウ
Pterorhinus gularis,シリアカガビチョウ
Pterorhinus koslowi,コスローヒゲチメドリ
Pterorhinus lanceolatus,ヒゲチメドリ
Pterorhinus mitratus,チャガシラガビチョウ
Pterorhinus nuchalis,チャエリタイカンチョウ
Pterorhinus pectoralis,クビワガビチョウ
Pterorhinus perspicillatus,カオグロガビチョウ
Pterorhinus poecilorhynchus,タイワンタケドリ
Pterorhinus ruficeps,ズアカノドジロガビチョウ
Pterorhinus ruficollis,アカエリガビチョウ
Pterorhinus sannio,カオジロガビチョウ
Pterorhinus treacheri,ボルネオチャガシラガビチョウ
Pterorhinus vassali,ホオジロガビチョウ
Pterorhinus waddelli,オオヒゲチメドリ
Pterorhinus woodi,ビルマヒゲチメドリ
Pteruthius aenobarbus,ジャワクリビタイモズチメドリ
Pteruthius aeralatus,ブライスモズチメドリ
Pteruthius flaviscapis,アカバネモズチメドリ
Pteruthius intermedius,インドシナクリビタイモズチメドリ
Pteruthius melanotis,クリノドモズチメドリ
Pteruthius rufiventer,セアカモズチメドリ
Pteruthius xanthochlorus,ミドリモズチメドリ
Ptilinopus alligator,クロオビバト
Ptilinopus arcanus,ネグロスヒメアオバト
Ptilinopus aurantiifrons,キビタイヒメアオバト
Ptilinopus chalcurus,マカテアヒメアオバト
Ptilinopus cinctus,セグロシロバト
Ptilinopus coralensis,カンショウヒメアオバト
Ptilinopus coronulatus,フジボウシヒメアオバト
Ptilinopus dohertyi,アカエリヒメアオバト
Ptilinopus dupetithouarsii,シロボウシヒメアオバト
Ptilinopus eugeniae,シロガシラヒメアオバト
Ptilinopus granulifrons,トサカヒメアオバト
Ptilinopus greyi,アカハラヒメアオバト
Ptilinopus hernsheimi,コスラエヒメアオバト
Ptilinopus holosericea,カマバネキヌバト
Ptilinopus huttoni,ラパヒメアオバト
Ptilinopus hyogastrus,ハイガシラヒメアオバト
Ptilinopus insolitus,コブヒメアオバト
Ptilinopus insularis,ヘンダーソンヒメアオバト
Ptilinopus iozonus,ヒノマルヒメアオバト
Ptilinopus layardi,キガシラヒメアオバト
Ptilinopus luteovirens,キンミノヒメアオバト
Ptilinopus melanospilus,カルカヤバト
Ptilinopus mercierii,アカヒゲヒメアオバト
Ptilinopus monacha,アオボウシヒメアオバト
Ptilinopus nainus,コビトアオバト
Ptilinopus ornatus,ゴシキヒメアオバト
Ptilinopus pelewensis,ホリイヒメアオバト
Ptilinopus perlatus,アカボシヒメアオバト
Ptilinopus perousii,ニシキヒメアオバト
Ptilinopus ponapensis,ポンペイヒメアオバト
Ptilinopus porphyraceus,ヒメアオバト
Ptilinopus porphyreus,ベニガシラヒメアオバト
Ptilinopus pulchellus,ノドジロヒメアオバト
Ptilinopus purpuratus,ポリネシアヒメアオバト
Ptilinopus rarotongensis,ラロトンガヒメアオバト
Ptilinopus regina,ベニビタイヒメアオバト
Ptilinopus richardsii,ギンボウシヒメアオバト
Ptilinopus rivoli,ムナジロヒメアオバト
Ptilinopus roseicapilla,コバシヒメアオバト
Ptilinopus solomonensis,ミカヅキヒメアオバト
Ptilinopus superbus,クロオビヒメアオバト
Ptilinopus tannensis,ギンカタヒメアオバト
Ptilinopus victor,オレンジバト
Ptilinopus viridis,ムネアカヒメアオバト
Ptilinopus wallacii,ウロコヒメアオバト
Ptiliogonys caudatus,オナガレンジャクモドキ
Ptiliogonys cinereus,ハイイロレンジャクモドキ
Ptilocichla falcata,パラワンミノチメドリ
Ptilocichla leucogrammica,ボルネオミノチメドリ
Ptilocichla mindanensis,ミノチメドリ
Ptilonorhynchus violaceus,アオアズマヤドリ
Ptilopachus nahani,コンゴモリシャコ
Ptilopachus petrosus,イシシャコ
Ptiloprora erythropleura,ワキアカセスジミツスイ
Ptiloprora guisei,セスジミツスイ
Ptiloprora mayri,キタセスジミツスイ
Ptiloprora meekiana,オリーブセスジミツスイ
Ptiloprora perstriata,オオセスジミツスイ
Ptiloprora plumbea,ネズミセスジミツスイ
Ptilopsis granti,ミナミアフリカオオコノハズク
Ptilopsis leucotis,アフリカオオコノハズク
Ptiloris intercedens,ウナリウロコフウチョウ
Ptiloris magnificus,オオウロコフウチョウ
Ptiloris paradiseus,ウロコフウチョウ
Ptiloris victoriae,コウロコフウチョウ
Ptilorrhoa caerulescens,パプアチメドリ
Ptilorrhoa castanonota,ヤマパプアチメドリ
Ptilorrhoa leucosticta,タカネパプアチメドリ
Ptilostomus afer,アフリカサンジャク
Ptilotula flavescens,キイロコバシミツスイ
Ptilotula fusca,コバシミツスイ
Ptilotula keartlandi,ハイビタイコバシミツスイ
Ptilotula ornata,ムナフコバシミツスイ
Ptilotula penicillata,ミミジロコバシミツスイ
Ptilotula plumula,ミドリコバシミツスイ
Ptiloxena atroviolacea,キューバウタムクドリモドキ
Ptychoramphus aleuticus,アメリカウミスズメ
Ptyonoprogne concolor,インドチャイロツバメ
Ptyonoprogne fuligula,アフリカチャイロツバメ
Ptyonoprogne obsoleta,ウスチャイロツバメ
Ptyonoprogne rupestris,チャイロツバメ
Pucrasia macrolopha,ミノキジ
Puffinus assimilis,ヒメミズナギドリ
Puffinus auricularis,オオセグロミズナギドリ
Puffinus bailloni,トロピカルミズナギドリ
Puffinus bannermani,オガサワラミズナギドリ
Puffinus baroli,バローロヒメミズナギドリ
Puffinus boydi,ケープベルデヒメミズナギドリ
Puffinus bryani,オガサワラヒメミズナギドリ
Puffinus elegans,アナンキョクヒメミズナギドリ
Puffinus gavia,ミナミミズナギドリ
Puffinus heinrothi,ビスマルクミズナギドリ
Puffinus huttoni,ニュージーランドミズナギドリ
Puffinus lherminieri,セグロミズナギドリ
Puffinus mauretanicus,ヨーロッパミズナギドリ
Puffinus myrtae,ラパセグロミズナギドリ
Puffinus nativitatis,コミズナギドリ
Puffinus newelli,ハワイセグロミズナギドリ
Puffinus opisthomelas,クロハラミズナギドリ
Puffinus persicus,ペルシアミズナギドリ
Puffinus puffinus,マンクスミズナギドリ
Puffinus subalaris,ガラパゴスミズナギドリ
Puffinus yelkouan,チチュウカイミズナギドリ
Pulsatrix koeniswaldiana,キマユメガネフクロウ
Pulsatrix melanota,アカオビメガネフクロウ
Pulsatrix perspicillata,メガネフクロウ
Purnella albifrons,シロビタイキバネミツスイ
Purpureicephalus spurius,ユーカリインコ
Pycnonotus aurigaster,コシジロヒヨドリ
Pycnonotus barbatus,アフリカヒヨドリ
Pycnonotus bimaculatus,アカボシヒヨドリ
Pycnonotus blanfordi,イラワディヒヨドリ
Pycnonotus brunneus,アカメチャイロヒヨ
Pycnonotus cafer,シリアカヒヨドリ
Pycnonotus capensis,メジロアフリカヒヨドリ
Pycnonotus cinereifrons,パラワンヒヨドリ
Pycnonotus conradi,ミミスジヒヨドリ
Pycnonotus finlaysoni,キビタイヒヨドリ
Pycnonotus flavescens,カオジロヒヨドリ
Pycnonotus goiavier,メグロヒヨドリ
Pycnonotus jocosus,コウラウン
Pycnonotus leucogenys,ホオジロヒヨドリ
Pycnonotus leucotis,シロミミヒヨドリ
Pycnonotus luteolus,マミジロヒヨドリ
Pycnonotus nigricans,アカメアフリカヒヨドリ
Pycnonotus penicillatus,キミミヒヨドリ
Pycnonotus plumosus,アカメヒヨドリ
Pycnonotus simplex,メジロチャイロヒヨ
Pycnonotus sinensis,シロガシラ
Pycnonotus taivanus,クロガシラ
Pycnonotus tympanistrigus,スマトラヒヨドリ
Pycnonotus xantholaemus,キノドヒヨドリ
Pycnonotus xanthopygos,アラビアヒヨドリ
Pycnonotus xanthorrhous,ノドジロヒヨドリ
Pycnonotus zeylanicus,キガシラヒヨドリ
Pycnoptilus floccosus,アンナイドリ
Pycnopygius cinereus,ハイイロミツスイ
Pycnopygius ixoides,チャイロミツスイ
Pycnopygius stictocephalus,スジボウシミツスイ
Pygarrhichas albogularis,キノボリカマドドリ
Pygiptila stellaris,タンビアリモズ
Pygochelidon cyanoleuca,アイイロツバメ
Pygochelidon melanoleuca,クロオビツバメ
Pygoscelis adeliae,アデリーペンギン
Pygoscelis antarcticus,ヒゲペンギン
Pygoscelis papua,ジェンツーペンギン
Pyrenestes minor,コタネワリキンパラ
Pyrenestes ostrinus,アカクロタネワリキンパラ
Pyrenestes sanguineus,アカチャタネワリキンパラ
Pyrgilauda blanfordi,ノドグロユキスズメ
Pyrgilauda davidiana,モウコユキスズメ
Pyrgilauda ruficollis,チャミミユキスズメ
Pyrgilauda theresae,テレサユキスズメ
Pyriglena atra,ウロコアカメアリドリ
Pyriglena leuconota,セジロアカメアリドリ
Pyriglena leucoptera,カタジロアカメアリドリ
Pyrilia aurantiocephala,ズアカハゲインコ
Pyrilia barrabandi,キンホオインコ
Pyrilia caica,クロズキンインコ
Pyrilia haematotis,アカミミインコ
Pyrilia pulchra,メカシインコ
Pyrilia pyrilia,アカメインコ
Pyrilia vulturina,ハゲインコ
Pyrocephalus nanus,ガラパゴスタイランチョウ
Pyrocephalus rubinus,ベニタイランチョウ
Pyroderus scutatus,アカフサカザリドリ
Pyrope pyrope,アカメタイランチョウ
Pyrrhocorax graculus,キバシガラス
Pyrrhocorax pyrrhocorax,ベニハシガラス
Pyrrholaemus brunneus,ノドアカアレチムシクイ
Pyrrholaemus sagittatus,タテフムシクイ
Pyrrhomyias cinnamomeus,ニッケイハエトリ
Pyrrhoplectes epauletta,ズアカクロマシコ
Pyrrhula aurantiaca,オレンジウソ
Pyrrhula erythaca,タカサゴウソ
Pyrrhula erythrocephala,ズアカウソ
Pyrrhula leucogenis,ホオジロウソ
Pyrrhula murina,アゾレスウソ
Pyrrhula nipalensis,チャイロウソ
Pyrrhula owstoni,タイワンウソ
Pyrrhula pyrrhula,ウソ
Pyrrhura albipectus,ムナジロウロコインコ
Pyrrhura amazonum,サンタレンウロコインコ
Pyrrhura calliptera,キンソデウロコインコ
Pyrrhura cruentata,アオマエカケインコ
Pyrrhura devillei,ボリビアウロコインコ
Pyrrhura egregia,キシタバウロコインコ
Pyrrhura frontalis,ウロコメキシコインコ
Pyrrhura griseipectus,ハイムネウロコインコ
Pyrrhura hoematotis,アカミミウロコインコ
Pyrrhura hoffmanni,ホオベニインコ
Pyrrhura lepida,シンジュウロコインコ
Pyrrhura leucotis,ホオジロウロコインコ
Pyrrhura lucianii,ボナパルトウロコインコ
Pyrrhura melanura,オグロウロコインコ
Pyrrhura molinae,ホオミドリウロコインコ
Pyrrhura orcesi,エルオロウロコインコ
Pyrrhura perlata,アカハラウロコインコ
Pyrrhura pfrimeri,プフリマーウロコインコ
Pyrrhura picta,アカオウロコインコ
Pyrrhura rhodocephala,ズアカウロコインコ
Pyrrhura roseifrons,ペルーウロコインコ
Pyrrhura rupicola,イワウロコインコ
Pyrrhura viridicata,ミドリアカオウロコインコ
Pytilia afra,ビジョスズメ
Pytilia hypogrammica,キバネビジョスズメ
Pytilia lineata,エチオピアビナンスズメ
Pytilia melba,ニシキスズメ
Pytilia phoenicoptera,アカバネビナンスズメ
Quechuavis decussata,チューディヨタカ
Quelea cardinalis,ムネアカコウヨウチョウ
Quelea erythrops,ズアカコウヨウチョウ
Quelea quelea,コウヨウチョウ
Querula purpurata,マエカケカザリドリ
Quiscalus lugubris,コクロムクドリモドキ
Quiscalus major,キタオナガクロムクドリモドキ
Quiscalus mexicanus,オナガクロムクドリモドキ
Quiscalus nicaraguensis,ニカラグアクロムクドリモドキ
Quiscalus niger,アンチルクロムクドリモドキ
Quiscalus palustris,ハシボソクロムクドリモドキ
Quiscalus quiscula,オオクロムクドリモドキ
Radinopsyche sellowi,カーティンガマユアリサザイ
Radjah radjah,シロガシラツクシガモ
Rallicula forbesi,セグロパプアクイナ
Rallicula leucospila,セスジパプアクイナ
Rallicula mayri,クリイロパプアクイナ
Rallicula rubra,アカパプアクイナ
Rallina canningi,アンダマンオオクイナ
Rallina eurizonoides,オオクイナ
Rallina fasciata,ナンヨウオオクイナ
Rallina tricolor,ミナミオオクイナ
Rallus aequatorialis,エクアドルコオニクイナ
Rallus antarcticus,ミナミコオニクイナ
Rallus aquaticus,ニシクイナ
Rallus caerulescens,アカハシクイナ
Rallus crepitans,オニクイナ
Rallus elegans,オウサマクイナ
Rallus indicus,クイナ
Rallus limicola,コオニクイナ
Rallus longirostris,ミナミオニクイナ
Rallus madagascariensis,チャムネクイナ
Rallus obsoletus,ニシオニクイナ
Rallus semiplumbeus,ナンベイクイナ
Rallus tenuirostris,メキシコクイナ
Rallus wetmorei,ムジオニクイナ
Ramosomyia violiceps,スミレハチドリ
Ramosomyia viridifrons,ミドリビタイハチドリ
Ramosomyia wagneri,ワキアカエメラルドハチドリ
Ramphastos ambiguus,ニショクキムネオオハシ
Ramphastos brevis,チョコキムネオオハシ
Ramphastos citreolaemus,キノドオオハシ
Ramphastos dicolorus,アオハシヒムネオオハシ
Ramphastos sulfuratus,サンショクキムネオオハシ
Ramphastos toco,オニオオハシ
Ramphastos tucanus,シロムネオオハシ
Ramphastos vitellinus,ヒムネオオハシ
Ramphiculus fischeri,ハイボウシヒメアオバト
Ramphiculus gularis,チャアゴヒメアオバト
Ramphiculus jambu,ボタンバト
Ramphiculus leclancheri,クロアゴヒメアオバト
Ramphiculus mangoliensis,スラヒメアオバト
Ramphiculus marchei,ヒムネヒメアオバト
Ramphiculus merrilli,キバラヒメアオバト
Ramphiculus occipitalis,ホオアカヒメアオバト
Ramphiculus subgularis,バンガイヒメアオバト
Ramphocaenus melanurus,ハシナガブユムシクイ
Ramphocelus bresilia,ベニフウキンチョウ
Ramphocelus carbo,ギンバシベニフウキンチョウ
Ramphocelus dimidiatus,セアカフウキンチョウ
Ramphocelus flammigerus,ミナミコシアカフウキンチョウ
Ramphocelus melanogaster,クロハラベニフウキンチョウ
Ramphocelus nigrogularis,カオグロベニフウキンチョウ
Ramphocelus passerinii,コシアカフウキンチョウ
Ramphocelus sanguinolentus,ベニエリフウキンチョウ
Ramphocinclus brachyurus,ムナジロツグミモドキ
Ramphocoris clotbey,ハシブトヒバリ
Ramphodon naevius,ノコハシハチドリ
Ramphomicron dorsale,セグロトゲハシハチドリ
Ramphomicron microrhynchum,トゲハシハチドリ
Ramphotrigon flammulatum,コバシヒタキモドキ
Ramphotrigon fuscicauda,オオヒラハシハエトリ
Ramphotrigon megacephalum,キマユオオヒラハシハエトリ
Ramphotrigon ruficauda,アカオオオヒラハシハエトリ
Ramsayornis fasciatus,ヨコジマウロコミツスイ
Ramsayornis modestus,ウロコミツスイ
Randia pseudozosterops,マダガスカルムシクイ
Raphus cucullatus,ドードー
Rauenia bonariensis,ミナミズアオフウキンチョウ
Recurvirostra americana,アメリカソリハシセイタカシギ
Recurvirostra andina,アンデスソリハシセイタカシギ
Recurvirostra avosetta,ソリハシセイタカシギ
Recurvirostra novaehollandiae,アカガシラソリハシセイタカシギ
Regulus goodfellowi,ニイタカキクイタダキ
Regulus ignicapilla,マミジロキクイタダキ
Regulus madeirensis,マデイラキクイタダキ
Regulus regulus,キクイタダキ
Regulus satrapa,アメリカキクイタダキ
Reinwardtoena browni,ニューブリテンマイヒメバト
Reinwardtoena crassirostris,カンムリマイヒメバト
Reinwardtoena reinwardti,マイヒメバト
Remiz consobrinus,ツリスガラ
Remiz coronatus,シラガツリスガラ
Remiz macronyx,ズグロツリスガラ
Remiz pendulinus,ニシツリスガラ
Rhabdornis grandis,ハシナガキバシリモドキ
Rhabdornis inornatus,ムジキバシリモドキ
Rhabdornis mystacalis,キバシリモドキ
Rhabdornis rabori,ビサヤキバシリモドキ
Rhabdotorrhinus corrugatus,ズグロサイチョウ
Rhabdotorrhinus exarhatus,カオジロサイチョウ
Rhabdotorrhinus leucocephalus,アカハシサイチョウ
Rhabdotorrhinus waldeni,アカガシラサイチョウ
Rhagologus leucostigma,フイリモズヒタキ
Rhamphococcyx calyorhynchus,セレベスバンケンモドキ
Rhaphidura leucopygialis,チビハリオアマツバメ
Rhaphidura sabini,コビトハリオアマツバメ
Rhea americana,レア
Rhea pennata,ダーウィンレア
Rhegmatorhina berlepschi,ムナオビカンムリアリドリ
Rhegmatorhina cristata,ムネアカカンムリアリドリ
Rhegmatorhina gymnops,カンムリアリドリ
Rhegmatorhina hoffmannsi,ムナジロカンムリアリドリ
Rhegmatorhina melanosticta,セアカカンムリアリドリ
Rheinardia nigrescens,マラヤカンムリセイラン
Rheinardia ocellata,ベトナムカンムリセイラン
Rhinocrypta lanceolata,カンムリオタテドリ
Rhinoplax vigil,オナガサイチョウ
Rhinopomastus aterrimus,クロモリヤツガシラ
Rhinopomastus cyanomelas,ミナミカマハシ
Rhinopomastus minor,キバシカマハシ
Rhinoptilus bitorquatus,クビワスナバシリ
Rhinoptilus chalcopterus,スミレスナバシリ
Rhinoptilus cinctus,ウロコクビワスナバシリ
Rhinortha chlorophaea,クリイロバンケンモドキ
Rhipidura albicollis,ノドジロオウギビタキ
Rhipidura albiscapa,ハイイロオウギビタキ
Rhipidura albiventris,ヴィサヤオウギビタキ
Rhipidura albogularis,ムナボシオウギビタキ
Rhipidura albolimbata,ミヤマオウギビタキ
Rhipidura atra,クロオウギビタキ
Rhipidura aureola,マミジロオウギビタキ
Rhipidura brachyrhyncha,カワリオウギビタキ
Rhipidura cockerelli,ソロモンオウギビタキ
Rhipidura cyaniceps,ズアオオウギビタキ
Rhipidura dahli,ビスマルクオウギビタキ
Rhipidura dedemi,セラムオウギビタキ
Rhipidura diluta,チャボウシオウギビタキ
Rhipidura drownei,ガダルカナルオウギビタキ
Rhipidura dryas,オジロオウギビタキ
Rhipidura euryura,シロハラオウギビタキ
Rhipidura fuliginosa,ニュージーランドオウギビタキ
Rhipidura fuscorufa,シナモンオウギビタキ
Rhipidura habibiei,ペレンオウギビタキ
Rhipidura hyperythra,チャバラオウギビタキ
Rhipidura javanica,ムナオビオウギビタキ
Rhipidura kubaryi,ポナペオウギビタキ
Rhipidura lepida,アカオウギビタキ
Rhipidura leucophrys,ヨコフリオウギビタキ
Rhipidura leucothorax,ムナジロオウギビタキ
Rhipidura maculipectus,クロヤブオウギビタキ
Rhipidura malaitae,マライタオウギビタキ
Rhipidura matthiae,シロビタイオウギビタキ
Rhipidura nebulosa,サモアオウギビタキ
Rhipidura nigritorquis,フィリピンオビオウギビタキ
Rhipidura nigrocinnamomea,ムナグロオウギビタキ
Rhipidura opistherythra,タニンバルオウギビタキ
Rhipidura perlata,シロボシオウギビタキ
Rhipidura personata,クビワオウギビタキ
Rhipidura phasiana,マングローブオウギビタキ
Rhipidura phoenicura,アカオオウギビタキ
Rhipidura rennelliana,レンネルオウギビタキ
Rhipidura rufidorsa,セアカオウギビタキ
Rhipidura rufifrons,オウギビタキ
Rhipidura rufiventris,ムナフオウギビタキ
Rhipidura samarensis,ヴィサヤアオオウギビタキ
Rhipidura sauli,タブラスオウギビタキ
Rhipidura semirubra,マヌスオウギビタキ
Rhipidura sulaensis,タリアブオウギビタキ
Rhipidura superciliaris,アオオウギビタキ
Rhipidura superflua,ブルオウギビタキ
Rhipidura tenebrosa,ウスグロオウギビタキ
Rhipidura teysmanni,セレベスオウギビタキ
Rhipidura threnothorax,ヤブオウギビタキ
Rhipidura verreauxi,タテフオウギビタキ
Rhizothera dulitensis,サラワクハシナガシャコ
Rhizothera longirostris,ハシナガシャコ
Rhodacanthis flaviceps,ヒメコアハワイマシコ
Rhodacanthis palmeri,コアハワイマシコ
Rhodinocichla rosea,バラムネフウキンチョウ
Rhodonessa caryophyllacea,バライロガモ
Rhodopechys sanguineus,ベニバネナキマシコ
Rhodophoneus cruentus,バラフヤブモズ
Rhodopis vesper,オアシスハチドリ
Rhodospingus cruentus,ヒムネシトド
Rhodospiza obsoleta,ハシグロナキマシコ
Rhodostethia rosea,ヒメクビワカモメ
Rhopias gularis,ホシムネヒメアリサザイ
Rhopophilus albosuperciliaris,シロマユチメドリ
Rhopophilus pekinensis,カラチメドリ
Rhopornis ardesiacus,ヤブアリドリ
Rhopospina alaudina,オビオヤマシトド
Rhopospina caerulescens,アオノジコ
Rhopospina carbonaria,クロハラヤマシトド
Rhopospina fruticeti,ムナグロヤマシトド
Rhynchocyclus brevirostris,メジロマルハシタイランチョウ
Rhynchocyclus fulvipectus,キバラマルハシタイランチョウ
Rhynchocyclus olivaceus,マルハシタイランチョウ
Rhynchocyclus pacificus,ミナミメジロマルハシタイランチョウ
Rhynchophanes mccownii,シロハラツメナガホオジロ
Rhynchopsitta pachyrhyncha,ハシブトインコ
Rhynchopsitta terrisi,クリムネインコ
Rhynchortyx cinctus,アシナガコリン
Rhynchospiza dabbenei,ユンガススズメモドキ
Rhynchospiza stolzmanni,チャガタスズメモドキ
Rhynchospiza strigiceps,チャコスズメモドキ
Rhynchostruthus louisae,ソマリアシメ
Rhynchostruthus percivali,アラビアキンバネマシコ
Rhynchostruthus socotranus,ソコトラキンバネマシコ
Rhynchotus maculicollis,クビワアカバネシギダチョウ
Rhynchotus rufescens,アカバネシギダチョウ
Rhynochetos jubatus,カグー
Rhyticeros cassidix,アカコブサイチョウ
Rhyticeros everetti,スンバシワコブサイチョウ
Rhyticeros narcondami,ヒメシワコブサイチョウ
Rhyticeros plicatus,パプアシワコブサイチョウ
Rhyticeros subruficollis,ムジシワコブサイチョウ
Rhyticeros undulatus,シワコブサイチョウ
Rhytipterna holerythra,ナゲキタイランチョウ
Rhytipterna immunda,キバラナゲキタイランチョウ
Rhytipterna simplex,ハイイロナゲキタイランチョウ
Riccordia bicolor,ヒラハシハチドリ
Riccordia bracei,バハマヒメエメラルドハチドリ
Riccordia maugaeus,プエルトリコヒメエメラルドハチドリ
Riccordia ricordii,キューバヒメエメラルドハチドリ
Riccordia swainsonii,クロモンヒメエメラルドハチドリ
Ridgwayia pinicola,カササギツグミ
Rigidipenna inexpectata,ソロモンガマグチヨタカ
Riparia chinensis,タイワンショウドウツバメ
Riparia congica,コンゴショウドウツバメ
Riparia diluta,ウスショウドウツバメ
Riparia paludicola,アフリカショウドウツバメ
Riparia riparia,ショウドウツバメ
Rissa brevirostris,アカアシミツユビカモメ
Rissa tridactyla,ミツユビカモメ
Robsonius rabori,シラボシサザイチメドリ
Robsonius sorsogonensis,ビコルサザイチメドリ
Robsonius thompsoni,シエラマドレサザイチメドリ
Rollandia microptera,コバネカイツブリ
Rollandia rolland,ミミジロカイツブリ
Rollulus rouloul,カンムリシャコ
Roraimia adusta,ホオグロヒゲオカマドドリ
Rostratula australis,オーストラリアタマシギ
Rostratula benghalensis,タマシギ
Rostrhamus sociabilis,タニシトビ
Rougetius rougetii,アビシニアクイナ
Rowettia goughensis,ゴーフフィンチ
Rubigula dispar,ノドアカヒヨドリ
Rubigula flaviventris,クロボウシヒヨドリ
Rubigula gularis,ヒノドヒヨドリ
Rubigula melanictera,エボシヒヨドリ
Rubigula montis,ボルネオヒヨドリ
Rufirallus fasciatus,クロジマコビトクイナ
Rufirallus leucopyrrhus,アカシロクイナ
Rufirallus schomburgkii,セボシクイナ
Rufirallus viridis,ズアカコビトクイナ
Rufirallus xenopterus,シロオビコビトクイナ
Rukia longirostra,ハシナガメジロ
Rukia ruki,アカアシメジロ
Rupicola peruvianus,アンデスイワドリ
Rupicola rupicola,イワドリ
Rupornis magnirostris,オオハシノスリ
Rynchops albicollis,シロエリハサミアジサシ
Rynchops flavirostris,アフリカハサミアジサシ
Rynchops niger,クロハサミアジサシ
Sagittarius serpentarius,ヘビクイワシ
Sakesphoroides cristatus,ギンホオエボシアリモズ
Sakesphorus canadensis,エボシアリモズ
Sakesphorus luctuosus,クロエボシアリモズ
Salpinctes obsoletus,イワミソサザイ
Salpornis salvadori,アフリカホシキバシリ
Salpornis spilonota,ホシキバシリ
Saltator albicollis,アンチルムナフイカル
Saltator atriceps,ズグロイカル
Saltator atripennis,ハグロイカル
Saltator aurantiirostris,キバシイカル
Saltator cinctus,カオグロイカル
Saltator coerulescens,ハイイロイカル
Saltator fuliginosus,ノドグロクロイカル
Saltator grossus,ノドジロクロイカル
Saltator maxillosus,ハシブトイカル
Saltator maximus,マミジロイカル
Saltator nigriceps,クロズキンイカル
Saltator orenocensis,ホオグロイカル
Saltator similis,オリーブイカル
Saltator striatipectus,ムナフイカル
Saltatricula atricollis,ノドグロイカル
Saltatricula multicolor,オナガシトド
Salvadorina waigiuensis,サザナミガモ
Sapayoa aenigma,ヒロハシマイコドリ
Sappho sparganurus,アカフタオハチドリ
Sarcogyps calvus,ミミハゲワシ
Sarcophanops samarensis,サマルモンツキヒロハシ
Sarcophanops steerii,モンツキヒロハシ
Sarcops calvus,メガネムクドリ
Sarcoramphus papa,トキイロコンドル
Sarkidiornis melanotos,コブガモ
Sarkidiornis sylvicola,アメリカコブガモ
Saroglossa spilopterus,ハマダラムクドリ
Sarothrura affinis,クリオシマクイナ
Sarothrura ayresi,アフリカシマクイナ
Sarothrura boehmi,アカエリシマクイナ
Sarothrura elegans,キボシクイナ
Sarothrura insularis,マダガスカルシマクイナ
Sarothrura lugens,クリガシラシマクイナ
Sarothrura pulchra,シラボシクイナ
Sarothrura rufa,ムネアカシマクイナ
Sarothrura watersi,マダガスカルムジクイナ
Sasia abnormis,マレーミツユビコゲラ
Sasia ochracea,インドミツユビコゲラ
Satrapa icterophrys,キマユタイランチョウ
Saucerottia beryllina,コウゲンエメラルドハチドリ
Saucerottia castaneiventris,クリハラエメラルドハチドリ
Saucerottia cyanifrons,ルリボウシエメラルドハチドリ
Saucerottia cyanocephala,ソライロボウシエメラルドハチドリ
Saucerottia cyanura,ルリオエメラルドハチドリ
Saucerottia edward,シロムネエメラルドハチドリ
Saucerottia saucerottei,ブロンズエメラルドハチドリ
Saucerottia tobaci,チャゴシエメラルドハチドリ
Saucerottia viridigaster,スミレオエメラルドハチドリ
Saudareos flavoviridis,スーラインコ
Saudareos iris,アカマユインコ
Saudareos johnstoniae,アポインコ
Saudareos ornata,ズグロゴシキインコ
Saundersilarus saundersi,ズグロカモメ
Saxicola caprata,クロノビタキ
Saxicola dacotiae,カナリーノビタキ
Saxicola ferreus,ヤマザキヒタキ
Saxicola gutturalis,チモールノビタキ
Saxicola insignis,オオノビタキ
Saxicola jerdoni,クロシロノビタキ
Saxicola leucurus,オジロノビタキ
Saxicola macrorhynchus,ハシナガノビタキ
Saxicola maurus,シベリアノビタキ
Saxicola rubetra,マミジロノビタキ
Saxicola rubicola,ヨーロッパノビタキ
Saxicola stejnegeri,ノビタキ
Saxicola tectes,レユニオンノビタキ
Saxicola torquatus,ニシノビタキ
Sayornis nigricans,クロツキヒメハエトリ
Sayornis phoebe,ツキヒメハエトリ
Sayornis saya,チャイロツキヒメハエトリ
Scelorchilus albicollis,アカバネオタテドリ
Scelorchilus rubecula,ムナフオタテドリ
Scenopoeetes dentirostris,ハバシニワシドリ
Scepomycter winifredae,クリガオムシクイ
Schetba rufa,アカオオハシモズ
Schiffornis aenea,サンロクツグミマイコドリ
Schiffornis major,アカチャツグミマイコドリ
Schiffornis olivacea,オリーブツグミマイコドリ
Schiffornis stenorhyncha,アカバネツグミマイコドリ
Schiffornis turdina,ツグミマイコドリ
Schiffornis veraepacis,キタツグミマイコドリ
Schiffornis virescens,ミドリツグミマイコドリ
Schistes albogularis,ノドジロキリハシハチドリ
Schistes geoffroyi,キリハシハチドリ
Schistochlamys melanopis,カオグロフウキンチョウ
Schistochlamys ruficapillus,ニッケイフウキンチョウ
Schistolais leontica,シエラレオネハウチワドリ
Schistolais leucopogon,ノドジロハウチワドリ
Schoenicola platyurus,フトオセッカ
Schoenicola striatus,ヒゲセッカ
Schoeniophylax phryganophilus,オオオナガカマドドリ
Schoeniparus brunneus,チメドリ
Schoeniparus castaneceps,クリボウシチメドリ
Schoeniparus cinereus,キノドチメドリ
Schoeniparus dubius,マミジロチメドリ
Schoeniparus klossi,クロガシラチメドリ
Schoeniparus rufogularis,クビワチメドリ
Schoeniparus variegaticeps,キビタイチメドリ
Schoutedenapus myoptilus,エンビアマツバメ
Sciaphylax castanea,ジマーアリドリ
Sciaphylax hemimelaena,クリオアリドリ
Scissirostrum dubium,シュウダンムクドリ
Sclateria naevia,ギンムネアリドリ
Scleroptila afra,ハイバネシャコ
Scleroptila finschi,チャバネシャコ
Scleroptila gutturalis,ニセアカハネシャコ
Scleroptila levaillantii,アカハネシャコ
Scleroptila psilolaema,コウゲンシャコ
Scleroptila shelleyi,フタスジシャコ
Scleroptila streptophora,クビワシャコ
Sclerurus albigularis,ノドジロヤブクグリ
Sclerurus caudacutus,オグロヤブクグリ
Sclerurus guatemalensis,ウロコヤブクグリ
Sclerurus mexicanus,ノドアカヤブクグリ
Sclerurus rufigularis,コバシヤブクグリ
Sclerurus scansor,ムネアカヤブクグリ
Scolopax bukidnonensis,ブキドノンヤマシギ
Scolopax celebensis,セレベスヤマシギ
Scolopax minor,アメリカヤマシギ
Scolopax mira,アマミヤマシギ
Scolopax rochussenii,オビヤマシギ
Scolopax rosenbergii,ニューギニアヤマシギ
Scolopax rusticola,ヤマシギ
Scolopax saturata,ミナミヤマシギ
Scopus umbretta,シュモクドリ
Scotocerca inquieta,スナチムシクイ
Scotopelia bouvieri,タテジマウオクイフクロウ
Scotopelia peli,ウオクイフクロウ
Scotopelia ussheri,アカウオクイフクロウ
Scytalopus acutirostris,ハシボソオタテドリ
Scytalopus affinis,アンカシュオタテドリ
Scytalopus altirostris,ハシタカオタテドリ
Scytalopus alvarezlopezi,タタマオタテドリ
Scytalopus androstictus,ロハオタテドリ
Scytalopus argentifrons,キンビタイオタテドリ
Scytalopus atratus,キタシロボウシオタテドリ
Scytalopus bolivianus,ミナミシロボウシオタテドリ
Scytalopus canus,パラミロオタテドリ
Scytalopus caracae,カラカスオタテドリ
Scytalopus chocoensis,チョコオタテドリ
Scytalopus diamantinensis,ディアマンティーナオタテドリ
Scytalopus femoralis,シリアカオタテドリ
Scytalopus frankeae,ジャルカオタテドリ
Scytalopus fuscus,コゲチャタンビオタテドリ
Scytalopus gettyae,フニンオタテドリ
Scytalopus gonzagai,ボアノヴァオタテドリ
Scytalopus griseicollis,コシアカオタテドリ
Scytalopus intermedius,ウテクバンバオタテドリ
Scytalopus iraiensis,ヌマオタテドリ
Scytalopus latebricola,ハイムネオタテドリ
Scytalopus latrans,クロミオタテドリ
Scytalopus macropus,オオアシオタテドリ
Scytalopus magellanicus,タンビオタテドリ
Scytalopus meridanus,メリダオタテドリ
Scytalopus micropterus,セキドウワキアカオタテドリ
Scytalopus novacapitalis,ブラジリアオタテドリ
Scytalopus opacus,パラモオタテドリ
Scytalopus pachecoi,プラナルトオタテドリ
Scytalopus panamensis,マミジロオタテドリ
Scytalopus parkeri,エクアドルミヤマオタテドリ
Scytalopus parvirostris,ウスズミオタテドリ
Scytalopus perijanus,ペリハオタテドリ
Scytalopus petrophilus,イワオタテドリ
Scytalopus robbinsi,エクアドルオタテドリ
Scytalopus rodriguezi,マグダレーナオタテドリ
Scytalopus sanctaemartae,サンタマルタオタテドリ
Scytalopus schulenbergi,オウカンオタテドリ
Scytalopus simonsi,アンデスオタテドリ
Scytalopus speluncae,ネズミオタテドリ
Scytalopus spillmanni,スピルマンオタテドリ
Scytalopus stilesi,スタイルズオタテドリ
Scytalopus superciliaris,ノドジロオタテドリ
Scytalopus unicolor,クロオタテドリ
Scytalopus urubambae,クスコオタテドリ
Scytalopus vicinior,マユナシオタテドリ
Scytalopus whitneyi,アンペイオタテドリ
Scytalopus zimmeri,ボリビアミヤマオタテドリ
Scythrops novaehollandiae,オオオニカッコウ
Seiurus aurocapilla,カマドムシクイ
Selasphorus ardens,パナマノドジロフトオハチドリ
Selasphorus calliope,ヒメハチドリ
Selasphorus ellioti,グアテマラコアカヒゲハチドリ
Selasphorus flammula,バラエリフトオハチドリ
Selasphorus heloisa,コアカヒゲハチドリ
Selasphorus platycercus,フトオハチドリ
Selasphorus rufus,アカフトオハチドリ
Selasphorus sasin,アレンハチドリ
Selasphorus scintilla,コスタリカノドジロフトオハチドリ
Selenidera gouldii,クロフイリコチュウハシ
Selenidera maculirostris,フイリコチュウハシ
Selenidera nattereri,サンショクコチュウハシ
Selenidera piperivora,ニショクコチュウハシ
Selenidera reinwardtii,アカハシコチュウハシ
Selenidera spectabilis,アオハシコチュウハシ
Seleucidis melanoleucus,ジュウニセンフウチョウ
Semioptera wallacii,シロハタフウチョウ
Semnornis frantzii,エダハシゴシキドリ
Semnornis ramphastinus,オオハシゴシキドリ
Sephanoides fernandensis,フェルナンデスベニイタダキハチドリ
Sephanoides sephaniodes,ベニイタダキハチドリ
Sericornis beccarii,ヒメヤブムシクイ
Sericornis frontalis,マミジロヤブムシクイ
Sericornis humilis,クリイロヤブムシクイ
Sericornis keri,メグロヤブムシクイ
Sericornis magnirostra,ハシナガヤブムシクイ
Sericornis nouhuysi,ミヤマヤブムシクイ
Sericossypha albocristata,シラガフウキンチョウ
Sericulus aureus,オウゴンフウチョウモドキ
Sericulus bakeri,ショウジョウフウチョウモドキ
Sericulus chrysocephalus,フウチョウモドキ
Serilophus lunatus,ギンムネヒロハシ
Serinus alario,クリチャヒワ
Serinus canaria,カナリア
Serinus canicollis,キガシラカナリア
Serinus flavivertex,キクイタダキカナリア
Serinus nigriceps,ズキンヒワ
Serinus pusillus,ベニヒタイセリン
Serinus serinus,セリン
Serinus syriacus,シリアセリン
Serpophaga cinerea,カトリタイランチョウ
Serpophaga griseicapilla,ハイガシラカトリタイランチョウ
Serpophaga hypoleuca,カワカトリタイランチョウ
Serpophaga nigricans,ススイロカトリタイランチョウ
Serpophaga subcristata,カンムリカトリタイランチョウ
Setopagis heterura,トッドヨタカ
Setopagis maculosa,ギアナヨタカ
Setopagis parvula,コヨタカ
Setophaga adelaidae,キバラアメリカムシクイ
Setophaga americana,アサギアメリカムシクイ
Setophaga angelae,プエルトリコアメリカムシクイ
Setophaga caerulescens,ノドグロルリアメリカムシクイ
Setophaga castanea,クリイロアメリカムシクイ
Setophaga cerulea,ミズイロアメリカムシクイ
Setophaga chrysoparia,キホオアメリカムシクイ
Setophaga citrina,クロズキンアメリカムシクイ
Setophaga coronata,キヅタアメリカムシクイ
Setophaga delicata,セントルシアアメリカミシクイ
Setophaga discolor,チャスジアメリカムシクイ
Setophaga dominica,キノドアメリカムシクイ
Setophaga flavescens,バハマアメリカムシクイ
Setophaga fusca,キマユアメリカムシクイ
Setophaga graciae,グレースアメリカムシクイ
Setophaga kirtlandii,カートランドアメリカムシクイ
Setophaga magnolia,シロオビアメリカムシクイ
Setophaga nigrescens,ノドグロハイアメリカムシクイ
Setophaga occidentalis,キガシラアメリカムシクイ
Setophaga palmarum,ヤシアメリカムシクイ
Setophaga pensylvanica,ワキチャアメリカムシクイ
Setophaga petechia,キイロアメリカムシクイ
Setophaga pharetra,ヤジリアメリカムシクイ
Setophaga pinus,マツアメリカムシクイ
Setophaga pitiayumi,ミナミアサギアメリカムシクイ
Setophaga pityophila,キューバアメリカムシクイ
Setophaga plumbea,ドミニカアメリカムシクイ
Setophaga ruticilla,ハゴロモムシクイ
Setophaga striata,ズグロアメリカムシクイ
Setophaga subita,バーブーダアメリカムシクイ
Setophaga tigrina,ホオアカアメリカムシクイ
Setophaga townsendi,タウンゼンドアメリカムシクイ
Setophaga virens,ノドグロミドリアメリカムシクイ
Setophaga vitellina,ケーマンアメリカムシクイ
Setornis criniger,カギハシヒヨドリ
Sheppardia aequatorialis,コシアカヒメコマドリ
Sheppardia aurantiithorax,ムネアカムジヒタキ
Sheppardia bocagei,ホオアカツグミヒタキ
Sheppardia cyornithopsis,ヒゲヒメコマドリ
Sheppardia gabela,サメヒメコマドリ
Sheppardia gunningi,シロハラヒメコマドリ
Sheppardia lowei,シロボシムジヒタキ
Sheppardia montana,ヤマムジヒタキ
Sheppardia poensis,ヘルナンドポーヒメコマドリ
Sheppardia polioptera,コホオアカツグミヒタキ
Sheppardia sharpei,マユジロヒメコマドリ
Sholicola albiventris,シロハラコンヒタキ
Sholicola major,ハイイロコバネヒタキ
Sialia currucoides,ムジルリツグミ
Sialia mexicana,チャカタルリツグミ
Sialia sialis,ルリツグミ
Sibirionetta formosa,トモエガモ
Sicalis auriventris,オオキンノジコ
Sicalis citrina,オジロキンノジコ
Sicalis columbiana,アカビタイキンノジコ
Sicalis flaveola,キンノジコ
Sicalis lebruni,パタゴニアキンノジコ
Sicalis lutea,オリーブキンノジコ
Sicalis luteocephala,キガオキンノジコ
Sicalis luteola,セスジキンノジコ
Sicalis mendozae,モンテキンノジコ
Sicalis olivascens,ミドリキンノジコ
Sicalis raimondii,ペルーキンノジコ
Sicalis taczanowskii,キノドノジコ
Sicalis uropygialis,キゴシキンノジコ
Sigelus silens,シロハラクロヒタキ
Silvicultrix diadema,キバラヒタキタイランチョウ
Silvicultrix frontalis,チャガシラヒタキタイランチョウ
Silvicultrix jelskii,ジェルスキーヒタキタイランチョウ
Silvicultrix pulchella,キマユヒタキタイランチョウ
Siphonorhis americana,ジャマイカコヨタカ
Siphonorhis brewsteri,ヒスパニオラコヨタカ
Sipia berlepschi,タンビアリドリ
Sipia laemosticta,メスボシアリドリ
Sipia nigricauda,ハイイロタンビアリドリ
Sipia palliata,マグダレナアリドリ
Sipodotus wallacii,セアカパプアムシクイ
Siptornis striaticollis,シズカカマドドリ
Sirystes albocinereus,コシジロフエフキタイランチョウ
Sirystes albogriseus,チョコフエフキタイランチョウ
Sirystes sibilator,フエフキタイランチョウ
Sirystes subcanescens,ハイイロフエフキタイランチョウ
Sitta azurea,ズグロゴジュウカラ
Sitta canadensis,ムネアカゴジュウカラ
Sitta carolinensis,ムナジロゴジュウカラ
Sitta cashmirensis,カシミールゴジュウカラ
Sitta castanea,チャバラゴジュウカラ
Sitta cinnamoventris,クリハラゴジュウカラ
Sitta europaea,ゴジュウカラ
Sitta formosa,ビナンゴジュウカラ
Sitta frontalis,ビロードゴジュウカラ
Sitta himalayensis,オジロゴジュウカラ
Sitta insularis,バハマゴジュウカラ
Sitta krueperi,ムナオビゴジュウカラ
Sitta ledanti,アルジェリアゴジュウカラ
Sitta leucopsis,ホオジロゴジュウカラ
Sitta magna,オニゴジュウカラ
Sitta nagaensis,ミナミゴジュウカラ
Sitta neglecta,ブルマゴジュウカラ
Sitta neumayer,イワゴジュウカラ
Sitta oenochlamys,フィリピンゴジュウカラ
Sitta przewalskii,セイカイゴジュウカラ
Sitta pusilla,チャガシラヒメゴジュウカラ
Sitta pygmaea,ヒメゴジュウカラ
Sitta solangiae,キバシゴジュウカラ
Sitta tephronota,ヒガシイワゴジュウカラ
Sitta victoriae,マミジロゴジュウカラ
Sitta villosa,チョウセンゴジュウカラ
Sitta whiteheadi,コルシカゴジュウカラ
Sitta yunnanensis,ウンナンゴジュウカラ
Sittasomus griseicapillus,ヒメオニキバシリ
Sittiparus castaneoventris,タイワンヤマガラ
Sittiparus olivaceus,オリイヤマガラ
Sittiparus owstoni,オーストンヤマガラ
Sittiparus semilarvatus,シロビタイガラ
Sittiparus varius,ヤマガラ
Smicrornis brevirostris,コバシムシクイ
Smithornis capensis,アフリカヒロハシ
Smithornis rufolateralis,ワキアカアフリカヒロハシ
Smithornis sharpei,ハイガシラアフリカヒロハシ
Smutsornis africanus,フタオビスナバシリ
Snowornis cryptolophus,オリーブカザリドリ
Snowornis subalaris,ハイオムジカザリドリ
Somateria fischeri,メガネケワタガモ
Somateria mollissima,ホンケワタガモ
Somateria spectabilis,ケワタガモ
Spartonoica maluroides,サザイカマドドリ
Spatula clypeata,ハシビロガモ
Spatula cyanoptera,アカシマアジ
Spatula discors,ミカヅキシマアジ
Spatula hottentota,アフリカコガモ
Spatula platalea,アカハシビロガモ
Spatula puna,プナシマアジ
Spatula querquedula,シマアジ
Spatula rhynchotis,ミカヅキハシビロガモ
Spatula smithii,ケープハシビロガモ
Spatula versicolor,ギンイロシマアジ
Speculanas specularis,ノドジロガモ
Speculipastor bicolor,ニショクムクドリ
Spelaeornis badeigularis,チャノドサザイチメドリ
Spelaeornis caudatus,ムネアカサザイチメドリ
Spelaeornis chocolatinus,ウロコオナガサザイチメドリ
Spelaeornis kinneari,ノドジロオナガサザイチメドリ
Spelaeornis longicaudatus,オナガサザイチメドリ
Spelaeornis oatesi,チンオナガサザイチメドリ
Spelaeornis reptatus,ハイナカオナガサザイチメドリ
Spelaeornis troglodytoides,シマオサザイチメドリ
Spermestes bicolor,クロシチホウ
Spermestes cucullata,ハゴロモシチホウ
Spermestes fringilloides,オオシチホウ
Spermestes griseicapilla,オキナチョウ
Spermophaga haematina,クロガオアオハシキンパラ
Spermophaga poliogenys,クリエリアオハシキンパラ
Spermophaga ruficapilla,ズアカアオハシキンパラ
Sphecotheres hypoleucus,ウェタルメガネコウライウグイス
Sphecotheres vieilloti,メガネコウライウグイス
Sphecotheres viridis,チモールメガネコウライウグイス
Spheniscus demersus,ケープペンギン
Spheniscus humboldti,フンボルトペンギン
Spheniscus magellanicus,マゼランペンギン
Spheniscus mendiculus,ガラパゴスペンギン
Sphenoeacus afer,クサムシクイ
Sphenopsis frontalis,チャイロモリフウキンチョウ
Sphenopsis melanotis,ミミグロモリフウキンチョウ
Sphyrapicus nuchalis,アカエリシルスイキツツキ
Sphyrapicus ruber,ムネアカシルスイキツツキ
Sphyrapicus thyroideus,ズグロシルスイキツツキ
Sphyrapicus varius,シルスイキツツキ
Spilopelia chinensis,カノコバト
Spilopelia senegalensis,ワライバト
Spiloptila clamans,コオロギムシクイ
Spilornis cheela,カンムリワシ
Spilornis elgini,アンダマンカンムリワシ
Spilornis holospilus,フィリピンカンムリワシ
Spilornis kinabaluensis,キナバルカンムリワシ
Spilornis klossi,ニコバルカンムリワシ
Spilornis rufipectus,スラウェシチュウヒワシ
Spindalis dominicensis,ヒスパニオラシトドフウキンチョウ
Spindalis nigricephala,ジャマイカシトドフウキンチョウ
Spindalis portoricensis,プエルトリコシトドフウキンチョウ
Spindalis zena,シトドフウキンチョウ
Spinus atratus,クロヒワ
Spinus atriceps,クロズキンヒワ
Spinus barbatus,ヤッコヒワ
Spinus crassirostris,ハシブトヒワ
Spinus cucullatus,ショウジョウヒワ
Spinus dominicensis,ヒスパニオラズグロヒワ
Spinus lawrencei,カオグロキンヒワ
Spinus magellanicus,ズグロヒワ
Spinus notatus,ズグロキバラヒワ
Spinus olivaceus,オリーブヒワ
Spinus pinus,マツノキヒワ
Spinus psaltria,ヒメキンヒワ
Spinus siemiradzkii,サフランヒワ
Spinus spinescens,アンデスヒワ
Spinus spinus,マヒワ
Spinus thibetanus,チベットヒワ
Spinus tristis,オウゴンヒワ
Spinus uropygialis,キゴシクロヒワ
Spinus xanthogastrus,キバラクロヒワ
Spinus yarrellii,キガオヒワ
Spiza americana,ムナグロノジコ
Spizaetus isidori,アカクロクマタカ
Spizaetus melanoleucus,セグロクマタカ
Spizaetus ornatus,アカエリクマタカ
Spizaetus tyrannus,クロクマタカ
Spizella atrogularis,アゴグロヒメドリ
Spizella breweri,ブリューワーヒメドリ
Spizella pallida,ウスヒメドリ
Spizella passerina,チャガシラヒメドリ
Spizella pusilla,ヒメドリ
Spizella wortheni,メキシコヒメドリ
Spizelloides arborea,ムナフヒメドリ
Spiziapteryx circumcincta,シラボシハヤブサ
Spizixos canifrons,カンムリカヤノボリ
Spizixos semitorques,カヤノボリ
Spizocorys conirostris,ベニハシシトドコヒバリ
Spizocorys fremantlii,ウズラヒバリ
Spizocorys fringillaris,タンビコヒバリ
Spizocorys obbiensis,ソマリアシトドコヒバリ
Spizocorys personata,ハシボソヒメコウテンシ
Spizocorys sclateri,オグロシトドコヒバリ
Spizocorys starki,コユビシトドコヒバリ
Spodiopsar cineraceus,ムクドリ
Spodiopsar sericeus,ギンムクドリ
Sporathraupis cyanocephala,ズアオフウキンチョウ
Sporophila albogularis,ノドジロヒメウソ
Sporophila americana,ミナミカワリヒメウソ
Sporophila angolensis,ヒメコメワリ
Sporophila ardesiaca,ムナジロヒメウソ
Sporophila atrirostris,クロハシコメワリ
Sporophila beltoni,ムラサキヒメウソ
Sporophila bouvreuil,クロボウシヒメウソ
Sporophila bouvronides,キタホオジロヒメウソ
Sporophila caerulescens,フタスジヒメウソ
Sporophila castaneiventris,クリハラヒメウソ
Sporophila cinnamomea,クリイロヒメウソ
Sporophila collaris,キエリヒメウソ
Sporophila corvina,カワリヒメウソ
Sporophila crassirostris,オオコメワリ
Sporophila falcirostris,ヒメウソ
Sporophila fringilloides,シロエリコメワリ
Sporophila frontalis,シロビタイヒメウソ
Sporophila funerea,ハシブトヒメウソ
Sporophila hypochroma,コシアカヒメウソ
Sporophila hypoxantha,チャバラヒメウソ
Sporophila intermedia,アシグロヒメウソ
Sporophila leucoptera,シロハラヒメウソ
Sporophila lineola,ホオジロヒメウソ
Sporophila luctuosa,シロクロヒメウソ
Sporophila maximiliani,ハシブトコメワリ
Sporophila melanogaster,クロハラヒメウソ
Sporophila minuta,アカハラヒメウソ
Sporophila morelleti,シロエリヒメウソ
Sporophila nigricollis,キバラヒメウソ
Sporophila nigrorufa,クロアカヒメウソ
Sporophila nuttingi,ニカラグアオオコメワリ
Sporophila palustris,ヌマヒメウソ
Sporophila peruviana,インコヒメウソ
Sporophila pileata,ウナジロヒメウソ
Sporophila plumbea,アゴジロヒメウソ
Sporophila ruficollis,ノドグロヒメウソ
Sporophila schistacea,ハイイロヒメウソ
Sporophila simplex,ムジヒメウソ
Sporophila telasco,クリノドヒメウソ
Sporophila torqueola,セアカシロエリヒメウソ
Sporopipes frontalis,チャエリキクスズメ
Sporopipes squamifrons,キクスズメ
Stachyris grammiceps,シロハラモリチメドリ
Stachyris herberti,ラオスモリチメドリ
Stachyris humei,キリハシチメドリ
Stachyris leucotis,シラボシモリチメドリ
Stachyris maculata,コシアカモリチメドリ
Stachyris nigriceps,ハイノドモリチメドリ
Stachyris nigricollis,ノドグロモリチメドリ
Stachyris nonggangensis,ナンガンモリチメドリ
Stachyris oglei,ミミグロモリチメドリ
Stachyris poliocephala,ハイガシラモリチメドリ
Stachyris roberti,チャイロキリハシチメドリ
Stachyris strialata,エリボシモリチメドリ
Stachyris thoracica,ムナジロモリチメドリ
Stactolaema anchietae,キガシラゴシキドリ
Stactolaema leucotis,ミミジロゴシキドリ
Stactolaema whytii,アゴジロゴシキドリ
Stagonopleura bella,サザナミスズメ
Stagonopleura guttata,オオキンカチョウ
Stagonopleura oculata,キョウジョスズメ
Staphida castaniceps,クリミミチメドリ
Staphida everetti,ボルネオクリミミチメドリ
Staphida torqueola,インドシナミミチメドリ
Starnoenas cyanocephala,クロヒゲバト
Steatornis caripensis,アブラヨタカ
Stelgidillas gracilirostris,ハシボソアオヒヨ
Stelgidopteryx ruficollis,オビナシショウドウツバメ
Stelgidopteryx serripennis,キタオビナシショウドウツバメ
Stenostira scita,センニョヒタキ
Stephanoaetus coronatus,カンムリクマタカ
Stephanophorus diadematus,オウカンフウキンチョウ
Stephanoxis lalandi,カンムリハチドリ
Stephanoxis loddigesii,スミレカンムリハチドリ
Stercorarius antarcticus,ミナミオオトウゾクカモメ
Stercorarius chilensis,チリオオトウゾクカモメ
Stercorarius longicaudus,シロハラトウゾクカモメ
Stercorarius maccormicki,オオトウゾクカモメ
Stercorarius parasiticus,クロトウゾクカモメ
Stercorarius pomarinus,トウゾクカモメ
Stercorarius skua,キタオオトウゾクカモメ
Sterna acuticauda,インドアジサシ
Sterna aurantia,カワアジサシ
Sterna dougallii,ベニアジサシ
Sterna forsteri,メリケンアジサシ
Sterna hirundinacea,ナンベイアジサシ
Sterna hirundo,アジサシ
Sterna paradisaea,キョクアジサシ
Sterna repressa,アラビアアジサシ
Sterna striata,シロビタイアジサシ
Sterna sumatrana,エリグロアジサシ
Sterna trudeaui,シロガシラアジサシ
Sterna virgata,ケルゲレンアジサシ
Sterna vittata,ナンキョクアジサシ
Sternoclyta cyanopectus,スミレムネハチドリ
Sternula albifrons,コアジサシ
Sternula antillarum,アメリカコアジサシ
Sternula balaenarum,マダラアジサシ
Sternula lorata,ペルーアジサシ
Sternula nereis,ヒメアジサシ
Sternula saundersi,アラビアコアジサシ
Sternula superciliaris,アマゾンアジサシ
Sterrhoptilus capitalis,キノドモリチメドリ
Sterrhoptilus dennistouni,キボウシモリチメドリ
Sterrhoptilus nigrocapitatus,クロボウシモリチメドリ
Stictonetta naevosa,ゴマフガモ
Stigmatura budytoides,セキレイタイランチョウ
Stigmatura napensis,コセキレイタイランチョウ
Stilpnia argyrofenges,クロハラフウキンチョウ
Stilpnia cayana,バフイロフウキンチョウ
Stilpnia cucullata,グレナダフウキンチョウ
Stilpnia cyanicollis,アオクビフウキンチョウ
Stilpnia cyanoptera,ズグロフウキンチョウ
Stilpnia heinei,ズグロアオフウキンチョウ
Stilpnia larvata,キンズキンフウキンチョウ
Stilpnia meyerdeschauenseei,アンデスフウキンチョウ
Stilpnia nigrocincta,メンガタフウキンチョウ
Stilpnia peruviana,セグロフウキンチョウ
Stilpnia phillipsi,シラアオフウキンチョウ
Stilpnia preciosa,クリイロフウキンチョウ
Stilpnia viridicollis,ギンイロフウキンチョウ
Stilpnia vitriolina,ギンミドリフウキンチョウ
Stiphrornis erythrothorax,シロボシヒメコマドリ
Stiphrornis xanthogaster,ヒガシヒメコマドリ
Stipiturus malachurus,エミュームシクイ
Stipiturus mallee,クリビタイエミュームシクイ
Stipiturus ruficeps,ズアカエミュームシクイ
Stizoptera bichenovii,カノコスズメ
Stizorhina finschi,オジロサビイロヒタキ
Stizorhina fraseri,サビイロヒタキ
Stomiopera flava,キイロミツスイ
Stomiopera unicolor,クチシロミツスイ
Strepera fuliginosa,クロフエガラス
Strepera graculina,フエガラス
Strepera versicolor,ハイイロフエガラス
Streptocitta albertinae,スーラカササギムクドリ
Streptocitta albicollis,カササギムクドリ
Streptopelia bitorquata,オオベニバト
Streptopelia capicola,アフリカジュズカケバト
Streptopelia decaocto,シラコバト
Streptopelia decipiens,アフリカシラコバト
Streptopelia dusumieri,フィリピンシラコバト
Streptopelia hypopyrrha,バラムネキジバト
Streptopelia lugens,クロエリキジバト
Streptopelia orientalis,キジバト
Streptopelia reichenowi,ハジロシラコバト
Streptopelia roseogrisea,バライロシラコバト
Streptopelia semitorquata,アカメジュズカケバト
Streptopelia tranquebarica,ベニバト
Streptopelia turtur,コキジバト
Streptopelia vinacea,ウスアフリカジュズカケバト
Streptoprocne biscutata,シロエリアマツバメ
Streptoprocne phelpsi,アカエリムジアマツバメ
Streptoprocne rutila,クリエリムジアマツバメ
Streptoprocne semicollaris,シロエリトゲオアマツバメ
Streptoprocne zonaris,クビワアマツバメ
Stresemannia bougainvillei,ブーゲンビルミツスイ
Strigops habroptilus,フクロウオウム
Strix albitarsis,アカオビヒナフクロウ
Strix aluco,モリフクロウ
Strix butleri,ウスイロモリフクロウ
Strix chacoensis,チャコモリフクロウ
Strix fulvescens,チュウベイフクロウ
Strix hadorami,サバクフクロウ
Strix huhula,クロオビヒナフクロウ
Strix hylophila,ブラジルモリフクロウ
Strix leptogrammica,オオフクロウ
Strix nebulosa,カラフトフクロウ
Strix nigrolineata,シロクロヒナフクロウ
Strix nivicolum,ミヤマモリフクロウ
Strix occidentalis,ニシアメリカフクロウ
Strix ocellata,インドモリフクロウ
Strix rufipes,アカアシモリフクロウ
Strix sartorii,メキシコフクロウ
Strix seloputo,マレーモリフクロウ
Strix uralensis,フクロウ
Strix varia,アメリカフクロウ
Strix virgata,ナンベイヒナフクロウ
Strix woodfordii,アフリカヒナフクロウ
Struthidea cinerea,ハイイロツチスドリ
Struthio camelus,ダチョウ
Struthio molybdophanes,ソマリダチョウ
Sturnella lilianae,リリアンマキバドリ
Sturnella magna,ヒガシマキバドリ
Sturnella neglecta,ニシマキバドリ
Sturnia blythii,マラバームクドリ
Sturnia erythropygia,アンダマンムクドリ
Sturnia malabarica,インドコムクドリ
Sturnia pagodarum,ズグロムクドリ
Sturnia sinensis,カラムクドリ
Sturnornis albofrontatus,シロガオムクドリ
Sturnus unicolor,ムジホシムクドリ
Sturnus vulgaris,ホシムクドリ
Sublegatus arenarum,キタヤブハエトリ
Sublegatus modestus,ミナミヤブハエトリ
Sublegatus obscurior,ウスグロヤブハエトリ
Sugomel lombokium,ロンボクミツスイ
Sugomel nigrum,シロクロミツスイ
Suiriri suiriri,スイリリハエトリ
Sula brewsteri,シロガシラカツオドリ
Sula dactylatra,アオツラカツオドリ
Sula granti,ナスカカツオドリ
Sula leucogaster,カツオドリ
Sula nebouxii,アオアシカツオドリ
Sula sula,アカアシカツオドリ
Sula variegata,ペルーカツオドリ
Surnia ulula,オナガフクロウ
Surniculus dicruroides,エンビオウチュウカッコウ
Surniculus lugubris,オウチュウカッコウ
Surniculus musschenbroeki,モルッカオウチュウカッコウ
Surniculus velutinus,フィリピンオウチュウカッコウ
Suthora alphonsiana,ハイノドダルマエナガ
Suthora atrosuperciliaris,ズアカダルマエナガ
Suthora brunnea,ウンナンダルマエナガ
Suthora conspicillata,メジロダルマエナガ
Suthora davidiana,ノドグロダルマエナガ
Suthora fulvifrons,アカバネダルマエナガ
Suthora nipalensis,キバネダルマエナガ
Suthora przewalskii,ハイズキンダルマエナガ
Suthora verreauxi,キンイロダルマエナガ
Suthora webbiana,ダルマエナガ
Suthora zappeyi,ウスグロダルマエナガ
Swynnertonia swynnertoni,ハイガシラヤブコマ
Sylvia abyssinica,アビシニアムジチメドリ
Sylvia atricapilla,ズグロムシクイ
Sylvia atriceps,ルウェンゾリムジチメドリ
Sylvia borin,ニワムシクイ
Sylvia dohrni,ヒタキチメドリ
Sylvia galinieri,ネコチメドリ
Sylvia nigricapillus,ズグロハシジロチメドリ
Sylvietta brachyura,チビオムシクイ
Sylvietta denti,キバラチビオムシクイ
Sylvietta isabellina,ソマリアハシナガチビオムシクイ
Sylvietta leucophrys,マミジロチビオムシクイ
Sylvietta philippae,コバシチビオムシクイ
Sylvietta rufescens,ハシナガチビオムシクイ
Sylvietta ruficapilla,ズアカチビオムシクイ
Sylvietta virens,ミドリチビオムシクイ
Sylvietta whytii,アカガオチビオムシクイ
Sylviorthorhynchus desmurii,フタオカマドドリ
Sylviorthorhynchus yanacensis,チャイロエナガカマドドリ
Sylviparus modestus,キマユガラ
Syma megarhyncha,ヤマキバシショウビン
Syma torotoro,キバシショウビン
Symposiachrus axillaris,ワキジロカササギビタキ
Symposiachrus barbatus,マダラカササギビタキ
Symposiachrus boanensis,クロアゴカササギビタキ
Symposiachrus brehmii,ビアクカササギビタキ
Symposiachrus browni,ホオジロカササギビタキ
Symposiachrus everetti,シロビタイカササギビタキ
Symposiachrus guttula,シラボシカササギビタキ
Symposiachrus infelix,アドミラルチーカササギビタキ
Symposiachrus julianae,コフィアウカササギビタキ
Symposiachrus leucurus,ケイカササギビタキ
Symposiachrus loricatus,クロカササギビタキ
Symposiachrus manadensis,パプアカササギビタキ
Symposiachrus menckei,シロカササギビタキ
Symposiachrus mundus,タニンバルカササギビタキ
Symposiachrus rubiensis,チャイロカササギビタキ
Symposiachrus sacerdotum,フロレスカササギビタキ
Symposiachrus trivirgatus,メンガタカササギビタキ
Symposiachrus verticalis,ズグロカササギビタキ
Symposiachrus vidua,シロエリカササギビタキ
Synallaxis albescens,ムナジロオナガカマドドリ
Synallaxis albigularis,ノドジロオナガカマドドリ
Synallaxis albilora,パラグアイオナガカマドドリ
Synallaxis azarae,ミヤマオナガカマドドリ
Synallaxis beverlyae,オリノコオナガカマドドリ
Synallaxis brachyura,ススイロカマドドリ
Synallaxis cabanisi,チャイロオナガカマドドリ
Synallaxis candei,シロヒゲカマドドリ
Synallaxis castanea,ノドグロオナガカマドドリ
Synallaxis cherriei,クリノドオナガカマドドリ
Synallaxis chinchipensis,ペルーヒメオナガカマドドリ
Synallaxis cinerascens,ハイバラオナガカマドドリ
Synallaxis cinerea,バイアカマドドリ
Synallaxis cinnamomea,ゴマダラカマドドリ
Synallaxis courseni,アプリマックカマドドリ
Synallaxis erythrothorax,ムネアカオナガカマドドリ
Synallaxis frontalis,ハイビタイカマドドリ
Synallaxis fuscorufa,サビイロオナガカマドドリ
Synallaxis gujanensis,ムジボウシカマドドリ
Synallaxis hellmayri,アカカタカマドドリ
Synallaxis hypochondriaca,ペルーオオカマドドリ
Synallaxis hypospodia,ハイムネオナガカマドドリ
Synallaxis infuscata,ブラジルオナガカマドドリ
Synallaxis kollari,チャミミカマドドリ
Synallaxis macconnelli,ベネズエラオナガカマドドリ
Synallaxis maranonica,ペルーオナガカマドドリ
Synallaxis moesta,アカボウシカマドドリ
Synallaxis ruficapilla,ズアカオナガカマドドリ
Synallaxis rutilans,オグロオナガカマドドリ
Synallaxis scutata,キホオオナガカマドドリ
Synallaxis spixi,キバネオナガカマドドリ
Synallaxis stictothorax,ヒメオナガカマドドリ
Synallaxis subpudica,ギンノドオナガカマドドリ
Synallaxis tithys,カオグロカマドドリ
Synallaxis unirufa,アカオナガカマドドリ
Synallaxis zimmeri,アカハラカマドドリ
Syndactyla dimidiata,チャイロマユカマドドリ
Syndactyla guttulata,キノドマユカマドドリ
Syndactyla roraimae,ノドジロカマドドリ
Syndactyla ruficollis,アカエリカマドドリ
Syndactyla rufosuperciliata,キマユカマドドリ
Syndactyla striata,ボリビアマユカマドドリ
Syndactyla subalaris,キスジカマドドリ
Syndactyla ucayalae,ハシブトマユカマドドリ
Synoicus adansonii,アオヒメウズラ
Synoicus chinensis,ヒメウズラ
Synoicus monorthonyx,ユキヤマウズラ
Synoicus ypsilophorus,ヌマウズラ
Synorhacma multistriata,タスジインコ
Synthliboramphus antiquus,ウミスズメ
Synthliboramphus craveri,クラベリーウミスズメ
Synthliboramphus hypoleucus,セグロウミスズメ
Synthliboramphus scrippsi,スクリップスウミスズメ
Synthliboramphus wumizusume,カンムリウミスズメ
Sypheotides indicus,インドショウノガン
Syrigma sibilatrix,キムネゴイ
Syrmaticus ellioti,カラヤマドリ
Syrmaticus humiae,ビルマカラヤマドリ
Syrmaticus mikado,ミカドキジ
Syrmaticus reevesii,オナガキジ
Syrmaticus soemmerringii,ヤマドリ
Syrrhaptes paradoxus,サケイ
Syrrhaptes tibetanus,チベットサケイ
Syrtidicola fluviatilis,ヒメイワタイランチョウ
Systellura longirostris,ハシナガヨタカ
Taccocua leschenaultii,タテフバンケンモドキ
Tachornis furcata,ヒメエンビアマツバメ
Tachornis phoenicobia,アメリカヤシアマツバメ
Tachornis squamata,オナガヤシアマツバメ
Tachuris rubrigastra,ゴシキタイランチョウ
Tachybaptus dominicus,ヒメカイツブリ
Tachybaptus novaehollandiae,ノドグロカイツブリ
Tachybaptus pelzelnii,マダガスカルカイツブリ
Tachybaptus ruficollis,カイツブリ
Tachybaptus rufolavatus,ワキアカカイツブリ
Tachycineta albilinea,シロオビミドリツバメ
Tachycineta albiventer,ハジロミドリツバメ
Tachycineta bicolor,ミドリツバメ
Tachycineta cyaneoviridis,バハマツバメ
Tachycineta euchrysea,キンイロツバメ
Tachycineta leucopyga,チリルリツバメ
Tachycineta leucorrhoa,コシジロミドリツバメ
Tachycineta stolzmanni,ペルーミドリツバメ
Tachycineta thalassina,スミレミドリツバメ
Tachyeres brachypterus,フナガモ
Tachyeres leucocephalus,アルゼンチンフナガモ
Tachyeres patachonicus,トビフナガモ
Tachyeres pteneres,オオフナガモ
Tachymarptis aequatorialis,マダラアマツバメ
Tachymarptis melba,シロハラアマツバメ
Tachyphonus coronatus,ヒノデクロフウキンチョウ
Tachyphonus delatrii,チャボウシクロフウキンチョウ
Tachyphonus phoenicius,アカカタクロフウキンチョウ
Tachyphonus rufus,クロフウキンチョウ
Tachyphonus surinamus,キゴシクロフウキンチョウ
Tachyspiza albogularis,ノドジロオオタカ
Tachyspiza badia,タカサゴダカ
Tachyspiza brachyura,シロハラツミ
Tachyspiza brevipes,レバントハイタカ
Tachyspiza butleri,ニコバルハイタカ
Tachyspiza cirrocephala,アカエリツミ
Tachyspiza erythrauchen,モルッカツミ
Tachyspiza erythropus,ニシアフリカツミ
Tachyspiza fasciata,アカハラオオタカ
Tachyspiza francesiae,シロハラハイタカ
Tachyspiza gularis,ツミ
Tachyspiza haplochroa,ムナグロオオタカ
Tachyspiza henicogramma,チャバラオオタカ
Tachyspiza hiogaster,カワリオオタカ
Tachyspiza imitator,シロクロオオタカ
Tachyspiza luteoschistacea,アオハイタカ
Tachyspiza melanochlamys,クロアカオオタカ
Tachyspiza minulla,アフリカツミ
Tachyspiza nanus,セレベスツミ
Tachyspiza novaehollandiae,ハイイロオオタカ
Tachyspiza poliocephala,ハイガシラオオタカ
Tachyspiza princeps,オオハイガシラオオタカ
Tachyspiza rhodogaster,ムネアカツミ
Tachyspiza rufitorques,フィジーオオタカ
Tachyspiza soloensis,アカハラダカ
Tachyspiza trinotata,シラボシオオタカ
Tachyspiza virgata,ミナミツミ
Tadorna cana,ネズミガシラツクシガモ
Tadorna cristata,カンムリツクシガモ
Tadorna ferruginea,アカツクシガモ
Tadorna tadorna,ツクシガモ
Tadorna tadornoides,クビワアカツクシガモ
Tadorna variegata,クロアカツクシガモ
Taenioptynx brodiei,ヒメフクロウ
Taenioptynx sylvaticus,スンダヒメフクロウ
Taeniopygia castanotis,クリミミキンカチョウ
Taeniopygia guttata,キンカチョウ
Taeniotriccus andrei,アカガオタイランチョウ
Talaphorus chlorocercus,キボシミズベハチドリ
Talegalla cuvieri,アカハシツカツクリ
Talegalla fuscirostris,ハシグロツカツクリ
Talegalla jobiensis,チャエリツカツクリ
Tangara arthus,キンイロフウキンチョウ
Tangara brasiliensis,シロハラフウキンチョウ
Tangara callophrys,シロボウシフウキンチョウ
Tangara chilensis,ナナイロフウキンチョウ
Tangara chrysotis,キミミフウキンチョウ
Tangara cyanocephala,エリアカフウキンチョウ
Tangara cyanotis,アオマユフウキンチョウ
Tangara cyanoventris,キガオフウキンチョウ
Tangara desmaresti,ヤイロフウキンチョウ
Tangara dowii,サザナミフウキンチョウ
Tangara fastuosa,ニシキフウキンチョウ
Tangara florida,キゴシミドリフウキンチョウ
Tangara fucosa,アオエリフウキンチョウ
Tangara gyrola,チャガシラフウキンチョウ
Tangara icterocephala,ギンノドフウキンチョウ
Tangara inornata,ルリカタフウキンチョウ
Tangara johannae,アオヒゲフウキンチョウ
Tangara labradorides,テリミドリフウキンチョウ
Tangara lavinia,チャバネフウキンチョウ
Tangara mexicana,トルコイシフウキンチョウ
Tangara nigroviridis,ギンボシフウキンチョウ
Tangara parzudakii,アカガオフウキンチョウ
Tangara rufigenis,ホオアカフウキンチョウ
Tangara schrankii,キミドリフウキンチョウ
Tangara seledon,ミドリズキンフウキンチョウ
Tangara vassorii,アオフウキンチョウ
Tangara velia,ムラサキフウキンチョウ
Tangara xanthocephala,キガシラフウキンチョウ
Tanygnathus gramineus,クロビタイオオハナインコモドキ
Tanygnathus lucionensis,コオオハナインコモドキ
Tanygnathus megalorynchos,オオハナインコモドキ
Tanygnathus sumatranus,ササハインコ
Tanysiptera carolinae,アオムネラケットカワセミ
Tanysiptera danae,チャガシララケットカワセミ
Tanysiptera ellioti,シロハララケットカワセミ
Tanysiptera galatea,ラケットカワセミ
Tanysiptera hydrocharis,アルーラケットカワセミ
Tanysiptera nympha,アカハララケットカワセミ
Tanysiptera riedelii,ビアクラケットカワセミ
Tanysiptera sylvia,シラオラケットカワセミ
Taoniscus nanus,マメシギダチョウ
Tapera naevia,セスジカッコウ
Taphrolesbia griseiventris,オナガハチドリ
Taphrospilus hypostictus,ウロコハチドリ
Taraba major,オオアリモズ
Tarphonomus certhioides,チャイロイワカマドドリ
Tarphonomus harterti,ボリビアイワカマドドリ
Tarsiger chrysaeus,キンイロヒタキ
Tarsiger cyanurus,ルリビタキ
Tarsiger hyperythrus,チャムネヒタキ
Tarsiger indicus,キクチヒタキ
Tarsiger johnstoniae,アリサンヒタキ
Tarsiger rufilatus,ヒマラヤルリビタキ
Tauraco bannermani,ニシアカガシラエボシドリ
Tauraco corythaix,エボシドリ
Tauraco erythrolophus,アカガシラエボシドリ
Tauraco fischeri,フィッシャーエボシドリ
Tauraco hartlaubi,オウカンエボシドリ
Tauraco leucolophus,シロガシラエボシドリ
Tauraco livingstonii,リビングストンエボシドリ
Tauraco macrorhynchus,ハシブトエボシドリ
Tauraco persa,ギニアエボシドリ
Tauraco rossae,ムラサキエボシドリ
Tauraco schalowi,シャローエボシドリ
Tauraco schuettii,ハシグロエボシドリ
Tauraco violaceus,ニシムラサキエボシドリ
Tchagra australis,チャガシラヤブモズ
Tchagra jamesi,ハイイロヤブモズ
Tchagra senegalus,チャイロヤブモズ
Tchagra tchagra,マユジロヤブモズ
Telacanthura melanopygia,コンゴハリオアマツバメ
Telacanthura ussheri,ノドフハリオアマツバメ
Teledromas fuscus,スナイロオタテドリ
Telespiza cantans,レイサンハワイマシコ
Telespiza ultima,ニホアハワイマシコ
Telophorus dohertyi,アカガオミドリモズ
Telophorus viridis,ゴシキミドリヤブモズ
Telophorus zeylonus,キノドミドリヤブモズ
Temnurus temnurus,キリオオナガ
Tephrodornis affinis,スリランカサンショウクイ
Tephrodornis pondicerianus,モズサンショウクイ
Tephrodornis sylvicola,マラバーモズサンショウクイ
Tephrodornis virgatus,オオモズサンショウクイ
Tephrophilus wetmorei,カオグロキバラフウキンチョウ
Tephrozosterops stalkeri,セラムメジロ
Tepuiornis whitelyi,ロライマヨタカ
Terathopius ecaudatus,ダルマワシ
Terenotriccus erythrurus,チビタイランチョウ
Terenura maculata,セアカアリサザイ
Terenura sicki,トウバラアリサザイ
Teretistris fernandinae,ニシキューバムシクイ
Teretistris fornsi,ヒガシキューバムシクイ
Terpsiphone affinis,ブライスサンコウチョウ
Terpsiphone atrocaudata,サンコウチョウ
Terpsiphone atrochalybeia,サントメサンコウチョウ
Terpsiphone batesi,ベイツサンコウチョウ
Terpsiphone bedfordi,ミヤマサンコウチョウ
Terpsiphone bourbonnensis,マスカリンサンコウチョウ
Terpsiphone cinnamomea,アカサンコウチョウ
Terpsiphone corvina,セーシェルサンコウチョウ
Terpsiphone cyanescens,アオサンコウチョウ
Terpsiphone incei,アムールサンコウチョウ
Terpsiphone mutata,マダガスカルサンコウチョウ
Terpsiphone paradisi,カワリサンコウチョウ
Terpsiphone rufiventer,アカハラサンコウチョウ
Terpsiphone rufocinerea,クロハラサンコウチョウ
Terpsiphone viridis,アフリカサンコウチョウ
Territornis albilineata,シロスジミツスイ
Territornis fordiana,キンバリーミツスイ
Territornis reticulata,チモールキミミミツスイ
Tersina viridis,ツバメフウキンチョウ
Tesia cyaniventer,キマユコビトサザイ
Tesia everetti,アカチャコビトサザイ
Tesia olivea,クロハラコビトサザイ
Tesia superciliaris,ズグロコビトサザイ
Tetrao urogalloides,オオライチョウ
Tetrao urogallus,ヨーロッパオオライチョウ
Tetraogallus altaicus,アルタイセッケイ
Tetraogallus caspius,カスピアセッケイ
Tetraogallus caucasicus,コーカサスセッケイ
Tetraogallus himalayensis,ヒマラヤセッケイ
Tetraogallus tibetanus,チベットセッケイ
Tetraophasis obscurus,キジシャコ
Tetraophasis szechenyii,チベットキジシャコ
Tetrastes bonasia,エゾライチョウ
Tetrastes sewerzowi,ミヤマエゾライチョウ
Tetrax tetrax,ヒメノガン
Thalassarche bulleri,ニュージーランドアホウドリ
Thalassarche carteri,ヒガシキバナアホウドリ
Thalassarche cauta,ハジロアホウドリ
Thalassarche chlororhynchos,ニシキバナアホウドリ
Thalassarche chrysostoma,ハイガシラアホウドリ
Thalassarche eremita,チャタムアホウドリ
Thalassarche impavida,キャンベルアホウドリ
Thalassarche melanophris,マユグロアホウドリ
Thalassarche salvini,サルビンアホウドリ
Thalasseus albididorsalis,アフリカオオアジサシ
Thalasseus bengalensis,ベンガルアジサシ
Thalasseus bergii,オオアジサシ
Thalasseus bernsteini,ヒガシシナアジサシ
Thalasseus elegans,ユウガアジサシ
Thalasseus maximus,アメリカオオアジサシ
Thalasseus sandvicensis,サンドイッチアジサシ
Thalassoica antarctica,ナンキョクフルマカモメ
Thalassornis leuconotus,コシジロガモ
Thalurania colombica,アオボウシモリハチドリ
Thalurania furcata,エンビモリハチドリ
Thalurania glaucopis,スミレボウシハチドリ
Thalurania watertonii,オナガエンビハチドリ
Thamnistes anabatinus,ヤブアリモズ
Thamnistes rufescens,アカチャアリモズ
Thamnolaea cinnamomeiventris,アカハラガケビタキ
Thamnomanes ardesiacus,ノドグロアリモズモドキ
Thamnomanes caesius,ウスグロアリモズ
Thamnomanes saturninus,セジロアリモズ
Thamnomanes schistogynus,アオグロアリモズ
Thamnophilus aethiops,シロボシアリモズ
Thamnophilus amazonicus,アマゾンアリモズ
Thamnophilus ambiguus,ソーレタマハイイロモズ
Thamnophilus aroyae,コウゲンアリモズ
Thamnophilus atrinucha,ニシハイイロアリモズ
Thamnophilus bernardi,シロエリエボシアリモズ
Thamnophilus bridgesi,シロボシクロアリモズ
Thamnophilus caerulescens,カワリアリモズ
Thamnophilus cryptoleucus,クロシラナミアリモズ
Thamnophilus divisorius,アクレアリモズ
Thamnophilus doliatus,シマアリモズ
Thamnophilus insignis,ベネズエラアリモズ
Thamnophilus melanonotus,セグロエボシアリモズ
Thamnophilus melanothorax,オジロアリモズ
Thamnophilus multistriatus,コロンビアシマアリモズ
Thamnophilus murinus,ネズミアリモズ
Thamnophilus nigriceps,クロアリモズ
Thamnophilus nigrocinereus,シラナミアリモズ
Thamnophilus palliatus,セグロシマアリモズ
Thamnophilus pelzelni,プラナルトハイイロモズ
Thamnophilus praecox,コーチャアリモズ
Thamnophilus punctatus,ハイイロアリモズ
Thamnophilus ruficapillus,ズアカアリモズ
Thamnophilus schistaceus,ズグロアリモズ
Thamnophilus stictocephalus,ナッテラーハイイロアリモズ
Thamnophilus sticturus,ボリビアハイイロモズ
Thamnophilus tenuepunctatus,キタセグロシマアリモズ
Thamnophilus torquatus,クリバネアリモズ
Thamnophilus unicolor,ムジアリモズ
Thamnophilus zarumae,アンデスシマアリモズ
Thamnornis chloropetoides,キリチカムシクイ
Thaumasius baeri,ハイバラミズベハチドリ
Thaumasius taczanowskii,ホシノドミズベハチドリ
Thaumastura cora,ホソフタオハチドリ
Thectocercus acuticaudatus,トガリオインコ
Theristicus branickii,アンデストキ
Theristicus caerulescens,ハイイロトキ
Theristicus caudatus,クロハラトキ
Theristicus melanopis,カオグロトキ
Thescelocichla leucopleura,ヌマヒヨドリ
Thinocorus orbignyianus,ノドジロヒバリチドリ
Thinocorus rumicivorus,コヒバリチドリ
Thinornis cucullatus,ズグロチドリ
Thinornis dubius,コチドリ
Thinornis forbesi,ニシミスジチドリ
Thinornis melanops,カタアカチドリ
Thinornis novaeseelandiae,ノドグロチドリ
Thinornis placidus,イカルチドリ
Thinornis tricollaris,ミスジチドリ
Thlypopsis fulviceps,チャズキンフウキンチョウ
Thlypopsis inornata,キバラフウキンチョウ
Thlypopsis ornata,ムネアカフウキンチョウ
Thlypopsis pectoralis,ワキチャフウキンチョウ
Thlypopsis pyrrhocoma,クリガシラフウキンチョウ
Thlypopsis ruficeps,セミドリフウキンチョウ
Thlypopsis sordida,オレンジズキンフウキンチョウ
Thlypopsis superciliaris,オリーブモリフウキンチョウ
Thraupis abbas,モンキフウキンチョウ
Thraupis cyanoptera,オオソライロフウキンチョウ
Thraupis episcopus,ソライロフウキンチョウ
Thraupis glaucocolpa,アオハラソライロフウキンチョウ
Thraupis ornata,キバネフウキンチョウ
Thraupis palmarum,ヤシフウキンチョウ
Thraupis sayaca,ハイガシラソライロフウキンチョウ
Threnetes leucurus,アゴヒゲハチドリ
Threnetes niger,ウスズミヒゲハチドリ
Threnetes ruckeri,オビオヒゲハチドリ
Threskiornis aethiopicus,アフリカクロトキ
Threskiornis bernieri,マダガスカルクロトキ
Threskiornis melanocephalus,クロトキ
Threskiornis molucca,オーストラリアクロトキ
Threskiornis solitarius,レユニオンドードー
Threskiornis spinicollis,ムギワラトキ
Thripadectes flammulatus,ムシクイカマドドリ
Thripadectes holostictus,キスジムシクイカマドドリ
Thripadectes ignobilis,ムジムシクイカマドドリ
Thripadectes melanorhynchus,ハシグロムシクイカマドドリ
Thripadectes rufobrunneus,ズグロムシクイカマドドリ
Thripadectes scrutator,オオムシクイカマドドリ
Thripadectes virgaticeps,シマガシラムシクイカマドドリ
Thripophaga amacurensis,デルタアマクロマルオカマドドリ
Thripophaga cherriei,ノドアカマルオカマドドリ
Thripophaga fusciceps,ムジアレチカマドドリ
Thripophaga gutturata,ゴマフカマドドリ
Thripophaga macroura,マルオカマドドリ
Thryomanes bewickii,シロハラミソサザイ
Thryophilus nicefori,オリーブマユミソサザイ
Thryophilus pleurostictus,クロオビマユミソサザイ
Thryophilus rufalbus,セアカマユミソサザイ
Thryophilus sernai,アンティオキアマユミソサザイ
Thryophilus sinaloa,シナロアマユミソサザイ
Thryorchilus browni,ヤブミソサザイ
Thryothorus ludovicianus,チャバラマユミソサザイ
Tiaris olivaceus,キマユクビワスズメ
Tichodroma muraria,カベバシリ
Tickellia hodgsoni,ズアカムシクイ
Tigriornis leucolopha,アフリカトラフサギ
Tigrisoma fasciatum,ズグロトラフサギ
Tigrisoma lineatum,トラフサギ
Tigrisoma mexicanum,ハゲノドトラフサギ
Tilmatura dupontii,ムナジロエンビハチドリ
Timalia pileata,アカガシラチメドリ
Timeliopsis fulvigula,ヒメヤブミツスイ
Timeliopsis griseigula,ヤブミツスイ
Tinamotis ingoufi,パタゴニアシギダチョウ
Tinamotis pentlandii,ミツユビシギダチョウ
Tinamus guttatus,ノドジロシギダチョウ
Tinamus major,オオシギダチョウ
Tinamus osgoodi,クロシギダチョウ
Tinamus solitarius,オバシギダチョウ
Tinamus tao,ハイイロシギダチョウ
Tityra cayana,ハグロドリ
Tityra inquisitor,ズグロハグロドリ
Tityra leucura,オジロハグロドリ
Tityra semifasciata,サカツラハグロドリ
Tmetothylacus tenellus,マキバドリモドキ
Tockus damarensis,ダマラアカハシコサイチョウ
Tockus deckeni,セグロコサイチョウ
Tockus erythrorhynchus,アカハシコサイチョウ
Tockus flavirostris,ヒガシキバシコサイチョウ
Tockus jacksoni,アビシニアコサイチョウ
Tockus kempi,ニシアカハシコサイチョウ
Tockus leucomelas,ミナミキバシコサイチョウ
Tockus monteiri,シロボシコサイチョウ
Tockus ruahae,タンザニアアカハシコサイチョウ
Tockus rufirostris,ミナミアカハシコサイチョウ
Todiramphus albicilla,マリアナショウビン
Todiramphus albonotatus,セジロショウビン
Todiramphus australasia,チモールショウビン
Todiramphus chloris,ナンヨウショウビン
Todiramphus cinnamominus,ズアカショウビン
Todiramphus colonus,ルイジアードショウビン
Todiramphus diops,モルッカショウビン
Todiramphus enigma,タラウドショウビン
Todiramphus farquhari,クリハラショウビン
Todiramphus funebris,ハルマヘラショウビン
Todiramphus gambieri,ツアモツショウビン
Todiramphus godeffroyi,マルケサスショウビン
Todiramphus lazuli,ミナミモルッカショウビン
Todiramphus leucopygius,ルリショウビン
Todiramphus macleayii,モリショウビン
Todiramphus nigrocyaneus,アオグロショウビン
Todiramphus pelewensis,パラオショウビン
Todiramphus pyrrhopygius,コシアカショウビン
Todiramphus recurvirostris,サモアショウビン
Todiramphus reichenbachii,ポンペイショウビン
Todiramphus ruficollaris,マンガイアショウビン
Todiramphus sacer,タイヘイヨウショウビン
Todiramphus sanctus,ヒジリショウビン
Todiramphus saurophagus,シロガシラショウビン
Todiramphus sordidus,トレスショウビン
Todiramphus tristrami,メラネシアショウビン
Todiramphus tutus,マミジロショウビン
Todiramphus veneratus,ゴマフショウビン
Todiramphus winchelli,チャエリショウビン
Todirostrum chrysocrotaphum,ムナフハシナガタイランチョウ
Todirostrum cinereum,ハシナガタイランチョウ
Todirostrum maculatum,マダラハシナガタイランチョウ
Todirostrum nigriceps,ズグロハシナガタイランチョウ
Todirostrum pictum,ギアナハシナガタイランチョウ
Todirostrum poliocephalum,ハイガシラタイランチョウ
Todirostrum viridanum,タンビハシナガタイランチョウ
Todus angustirostris,ハシボソコビトドリ
Todus mexicanus,プエルトリココビトドリ
Todus multicolor,キューバコビトドリ
Todus subulatus,ハシブトコビトドリ
Todus todus,ジャマイカコビトドリ
Tolmomyias assimilis,ハマダラヒラハシハエトリ
Tolmomyias flaviventris,キムネヒラハシハエトリ
Tolmomyias poliocephalus,ハイボウシヒラハシハエトリ
Tolmomyias sulphurescens,ヒラハシハエトリ
Tolmomyias traylori,アカメヒラハシハエトリ
Topaza pella,トパーズハチドリ
Topaza pyra,ヒムネハチドリ
Torgos tracheliotos,ミミヒダハゲワシ
Torreornis inexpectata,キューバシトド
Touit batavicus,フジイロオインコ
Touit costaricensis,アカビタイイロオインコ
Touit dilectissimus,アオビタイイロオインコ
Touit huetii,クロビタイイロオインコ
Touit melanonotus,セグロイロオインコ
Touit purpuratus,アカムラサキオインコ
Touit stictopterus,ハマダラインコ
Touit surdus,コガネオインコ
Toxorhamphus novaeguineae,ハシナガミツスイ
Toxorhamphus poliopterus,ズグロハシナガミツスイ
Toxostoma bendirei,スナイロツグミモドキ
Toxostoma cinereum,ハイイロツグミモドキ
Toxostoma crissale,アカハラツグミモドキ
Toxostoma curvirostre,マルハシツグミモドキ
Toxostoma guttatum,コスメルツグミモドキ
Toxostoma lecontei,サボテンムジツグミモドキ
Toxostoma longirostre,ハシナガツグミモドキ
Toxostoma ocellatum,クロボシツグミモドキ
Toxostoma redivivum,オオムジツグミモドキ
Toxostoma rufum,チャイロツグミモドキ
Trachylaemus purpuratus,キバシオナガゴシキドリ
Trachyphonus darnaudii,ゴマフオナガゴシキドリ
Trachyphonus erythrocephalus,ホオアカオナガゴシキドリ
Trachyphonus margaritatus,キムネオナガゴシキドリ
Trachyphonus usambiro,タンザニアオナガゴシキドリ
Trachyphonus vaillantii,ムナオビオナガゴシキドリ
Tragopan blythii,ミヤマジュケイ
Tragopan caboti,ジュケイ
Tragopan melanocephalus,ハイイロジュケイ
Tragopan satyra,ヒオドシジュケイ
Tragopan temminckii,ベニジュケイ
Traversia lyalli,スチーフンイワサザイ
Treron affinis,ハイビタイアオバト
Treron apicauda,ハリオアオバト
Treron aromaticus,ブルアオバト
Treron australis,マダガスカルアオバト
Treron axillaris,フィリピンアオバト
Treron bicinctus,ムネアカアオバト
Treron calvus,アフリカアオバト
Treron capellei,オオアオバト
Treron chloropterus,アンダマンアオバト
Treron curvirostra,ハシブトアオバト
Treron floris,フロレスアオバト
Treron formosae,タイワンズアカアオバト
Treron fulvicollis,ニッケイアオバト
Treron griseicauda,ハイガオハシブトアオバト
Treron griveaudi,コモロアオバト
Treron olax,チビアオバト
Treron oxyurus,キバラハリオアオバト
Treron pembaensis,ペンバアオバト
Treron permagnus,ズアカアオバト
Treron phayrei,ハイガシラアオバト
Treron phoenicopterus,キアシアオバト
Treron pompadora,スリランカアオバト
Treron psittaceus,チモールアオバト
Treron sanctithomae,サントメアオバト
Treron seimundi,シロハラハリオアオバト
Treron sieboldii,アオバト
Treron sphenurus,オナガアオバト
Treron teysmannii,スンバアオバト
Treron vernans,コアオバト
Treron waalia,キバラアオバト
Tribonyx mortierii,タスマニアオグロバン
Tribonyx ventralis,オグロバン
Trichodere cockerelli,キミミオリーブミツスイ
Trichoglossus capistratus,チモールセイガイインコ
Trichoglossus chlorolepidotus,コセイガイインコ
Trichoglossus euteles,ニブイロコセイガイインコ
Trichoglossus forsteni,スンバセイガイインコ
Trichoglossus haematodus,ニューギニアゴシキセイガイインコ
Trichoglossus moluccanus,オーストラリアゴシキセイガイインコ
Trichoglossus rosenbergii,ビアクセイガイインコ
Trichoglossus rubiginosus,エビチャインコ
Trichoglossus rubritorquis,アカエリゴシキセイガイインコ
Trichoglossus weberi,フロレスセイガイインコ
Tricholaema diademata,キマユコゴシキドリ
Tricholaema frontata,ミオンボコゴシキドリ
Tricholaema hirsuta,キボシコゴシキドリ
Tricholaema lacrymosa,クロボシコゴシキドリ
Tricholaema leucomelas,シロマユコゴシキドリ
Tricholaema melanocephala,ズグロコゴシキドリ
Tricholestes criniger,エリゲヒヨドリ
Trichothraupis melanops,ヒゲフウキンチョウ
Triclaria malachitacea,アオハラインコ
Trigonoceps occipitalis,カオジロハゲワシ
Tringa brevipes,キアシシギ
Tringa erythropus,ツルシギ
Tringa flavipes,コキアシシギ
Tringa glareola,タカブシギ
Tringa guttifer,カラフトアオアシシギ
Tringa incana,メリケンキアシシギ
Tringa melanoleuca,オオキアシシギ
Tringa nebularia,アオアシシギ
Tringa ochropus,クサシギ
Tringa semipalmata,ハジロオオシギ
Tringa solitaria,コシグロクサシギ
Tringa stagnatilis,コアオアシシギ
Tringa totanus,アカアシシギ
Trochalopteron affine,キンバネガビチョウ
Trochalopteron austeni,サザナミガビチョウ
Trochalopteron chrysopterum,アッサムガビチョウ
Trochalopteron elliotii,カキハガビチョウ
Trochalopteron erythrocephalum,ズアカガビチョウ
Trochalopteron formosum,アカバネガビチョウ
Trochalopteron henrici,シラヒゲガビチョウ
Trochalopteron imbricatum,ブータンガビチョウ
Trochalopteron lineatum,ムナフガビチョウ
Trochalopteron melanostigma,ハイミミガビチョウ
Trochalopteron milnei,アカオガビチョウ
Trochalopteron morrisonianum,タイワンキンバネガビチョウ
Trochalopteron ngoclinhense,キンイロガビチョウ
Trochalopteron peninsulae,マレーシアガビチョウ
Trochalopteron squamatum,アオバネガビチョウ
Trochalopteron subunicolor,ウロコガビチョウ
Trochalopteron variegatum,ヒマラヤガビチョウ
Trochalopteron virgatum,シラフガビチョウ
Trochalopteron yersini,ギンミミガビチョウ
Trochilus polytmus,フキナガシハチドリ
Trochocercus cyanomelas,カンムリヒタキ
Trochocercus nitens,アオカンムリヒタキ
Troglodytes aedon,イエミソサザイ
Troglodytes cobbi,フォークランドミソサザイ
Troglodytes hiemalis,フユミソサザイ
Troglodytes monticola,サンタマルタミソサザイ
Troglodytes ochraceus,キイロヤマミソサザイ
Troglodytes pacificus,タイヘイミソサザイ
Troglodytes rufociliatus,アカマユヤマミソサザイ
Troglodytes rufulus,アカチャミソサザイ
Troglodytes sissonii,ソコロシロハラミソサザイ
Troglodytes solstitialis,ヤマミソサザイ
Troglodytes tanneri,クラリオンミソサザイ
Troglodytes troglodytes,ミソサザイ
Trogon bairdii,パナマハグロキヌバネドリ
Trogon caligatus,ガーターキヌバネドリ
Trogon chionurus,オジロハグロキヌバネドリ
Trogon citreolus,ウスハグロキヌバネドリ
Trogon clathratus,シマオグロキヌバネドリ
Trogon collaris,クビワキヌバネドリ
Trogon comptus,アイオキヌバネドリ
Trogon curucui,ズアオキヌバネドリ
Trogon elegans,ウツクシキヌバネドリ
Trogon massena,オグロキヌバネドリ
Trogon melanocephalus,ズグロハグロキヌバネドリ
Trogon melanurus,クビワオグロキヌバネドリ
Trogon mesurus,エクアドルキヌバネドリ
Trogon mexicanus,メキシコキヌバネドリ
Trogon personatus,カオグロキヌバネドリ
Trogon ramonianus,アマゾンキヌバネドリ
Trogon rufus,ミドリキヌバネドリ
Trogon surrucura,オジロキヌバネドリ
Trogon violaceus,ヒメキヌバネドリ
Trogon viridis,ハグロキヌバネドリ
Tropicoperdix charltonii,クリチャミヤマテッケイ
Tropicoperdix chloropus,アオアシミヤマテッケイ
Trugon terrestris,ハシブトバト
Tumbezia salvini,ペルータイランチョウ
Tunchiornis ochraceiceps,キガシラヒメモズモドキ
Turacoena manadensis,カオジロクロバト
Turacoena modesta,チモールクロバト
Turacoena sulaensis,スラクロバト
Turdinus atrigularis,ノドグロサザイチメドリ
Turdinus macrodactylus,オオサザイチメドリ
Turdinus marmoratus,ウロコサザイチメドリ
Turdoides atripennis,タンビモリチメドリ
Turdoides bicolor,シロクロヤブチメドリ
Turdoides chapini,チャガシラハシジロチメドリ
Turdoides gilberti,ノドジロハシジロチメドリ
Turdoides gymnogenys,ハゲシロクロヤブチメドリ
Turdoides hartlaubii,アンゴラヤブチメドリ
Turdoides hindei,ナミガタヤブチメドリ
Turdoides hypoleuca,シロハラヤブチメドリ
Turdoides jardineii,ヤモンヤブチメドリ
Turdoides leucocephala,シロガシラヤブチメドリ
Turdoides leucopygia,コシジロヤブチメドリ
Turdoides melanops,ハナグロヤブチメドリ
Turdoides nipalensis,タテジマヤブチメドリ
Turdoides plebejus,キバラヤブチメドリ
Turdoides reinwardtii,ズグロヤブチメドリ
Turdoides rufocinctus,アカエリハシジロチメドリ
Turdoides sharpei,シャープヤブチメドリ
Turdoides squamulata,ウロコヤブチメドリ
Turdoides tenebrosa,ウロコムネヤブチメドリ
Turdus abyssinicus,ワキアカオリーブツグミ
Turdus albicollis,ノドジロツグミ
Turdus albocinctus,シロエリツグミ
Turdus amaurochalinus,キバラツグミ
Turdus arthuri,カンピーナツグミ
Turdus assimilis,キバシノドジロツグミ
Turdus atrogularis,ノドグロツグミ
Turdus aurantius,アゴジロツグミ
Turdus bewsheri,コモロウロコツグミ
Turdus boulboul,ハイバネツグミ
Turdus cardis,クロツグミ
Turdus celaenops,アカコッコ
Turdus chiguanco,ナンベイツグミ
Turdus chrysolaus,アカハラ
Turdus daguae,パナマツグミ
Turdus dissimilis,ムナグロアカハラ
Turdus eremita,トリスタンシマツグミ
Turdus eunomus,ツグミ
Turdus falcklandii,フォークランドツグミ
Turdus feae,カキイロツグミ
Turdus flavipes,キアシクロウタドリ
Turdus fulviventris,クリハラツグミ
Turdus fumigatus,ココアムジツグミ
Turdus fuscater,オニツグミ
Turdus grayi,バフムジツグミ
Turdus haplochrous,スナイロムジツグミ
Turdus hauxwelli,ホークスウェルムジツグミ
Turdus helleri,ズグロオリーブツグミ
Turdus hortulorum,カラアカハラ
Turdus ignobilis,ハシグロムジツグミ
Turdus iliacus,ワキアカツグミ
Turdus infuscatus,メキシコクロウタドリ
Turdus jamaicensis,メジロムジツグミ
Turdus kessleri,チャイロツグミ
Turdus lawrencii,アゴジロムジツグミ
Turdus leucomelas,サメイロツグミ
Turdus leucops,メジロクロウタドリ
Turdus lherminieri,キバシウロコツグミ
Turdus libonyana,キアシオリーブツグミ
Turdus litsitsirupa,ウタツグミモドキ
Turdus ludoviciae,カオグロハイツグミ
Turdus maculirostris,エクアドルジツグミ
Turdus mandarinus,クロウタドリ
Turdus maranonicus,ペルーウロコツグミ
Turdus maximus,チベットクロウタドリ
Turdus menachensis,アラビアオリーブツグミ
Turdus merula,ニシクロウタドリ
Turdus migratorius,コマツグミ
Turdus mupinensis,チベットウタツグミ
Turdus murinus,パンテプイツグミ
Turdus naumanni,ハチジョウツグミ
Turdus nigrescens,メガネクロウタドリ
Turdus nigriceps,ウスズミツグミ
Turdus niveiceps,タイワンツグミ
Turdus nudigenis,メガネジツグミ
Turdus obscurus,マミチャジナイ
Turdus obsoletus,ウスムジツグミ
Turdus olivaceofuscus,サントメウロコツグミ
Turdus olivaceus,オリーブツグミ
Turdus olivater,クロズキンツグミ
Turdus pallidus,シロハラ
Turdus pelios,アフリカツグミ
Turdus philomelos,ウタツグミ
Turdus pilaris,ノハラツグミ
Turdus plebejus,ミヤマクロウタドリ
Turdus plumbeus,オジロツグミ
Turdus poliocephalus,ハイガシラツグミ
Turdus ravidus,ケーマンツグミ
Turdus reevei,ペルーツグミ
Turdus roehli,ウサンバラオリーブツグミ
Turdus rubrocanus,クリイロツグミ
Turdus ruficollis,ノドアカツグミ
Turdus rufitorques,アカエリツグミ
Turdus rufiventris,ナンベイコマツグミ
Turdus rufopalliatus,メキシココマツグミ
Turdus sanchezorum,アマゾンツグミ
Turdus serranus,ナンベイクロウタドリ
Turdus simillimus,インドクロウタドリ
Turdus smithi,カルーオリーブツグミ
Turdus subalaris,ヒガシウスズミツグミ
Turdus swalesi,ハイチアカハラツグミ
Turdus tephronotus,キメジリオリーブツグミ
Turdus torquatus,クビワツグミ
Turdus turdoides,セレベスツグミ
Turdus unicolor,ヒマラヤハイイロツグミ
Turdus viscivorus,ヤドリギツグミ
Turdus xanthorhynchus,プリンシペウロコツグミ
Turnagra capensis,ミナミニュージーランドツグミ
Turnagra tanagra,キタニュージーランドツグミ
Turnix castanotus,セアカミフウズラ
Turnix everetti,スンバミフウズラ
Turnix hottentottus,フィンボスミフウズラ
Turnix maculosus,アカエリミフウズラ
Turnix melanogaster,ムナグロミフウズラ
Turnix nanus,ホオアカミフウズラ
Turnix nigricollis,マダガスカルミフウズラ
Turnix ocellatus,ルソンミフウズラ
Turnix olivii,ハイムネミフウズラ
Turnix pyrrhothorax,ムネアカミフウズラ
Turnix suscitator,ミフウズラ
Turnix sylvaticus,ヒメミフウズラ
Turnix tanki,チョウセンミフウズラ
Turnix varius,ササフミフウズラ
Turnix velox,マメミフウズラ
Turnix worcesteri,フィリピンヒメミフウズラ
Turtur abyssinicus,ハシグロアオフバト
Turtur afer,アオフバト
Turtur brehmeri,ズアオバト
Turtur chalcospilos,ミドリマダラバト
Turtur tympanistria,タンバリンバト
Tychaedon barbata,コシアカヤブコマドリ
Tychaedon coryphoeus,ヤブコマドリ
Tychaedon leucosticta,ハジロヤブコマドリ
Tychaedon quadrivirgata,ヒガシハジロヤブコマドリ
Tychaedon signata,チャイロヤブコマドリ
Tylas eduardi,マダガスカルヒヨドリ
Tympanuchus cupido,ソウゲンライチョウ
Tympanuchus pallidicinctus,ヒメソウゲンライチョウ
Tympanuchus phasianellus,ホソオライチョウ
Tyranneutes stolzmanni,コビトマイコドリ
Tyranneutes virescens,キクイタダキコビトマイコドリ
Tyranniscus cinereiceps,ズアオコタイランチョウ
Tyranniscus nigrocapillus,ズグロコタイランチョウ
Tyranniscus uropygialis,キゴシコタイランチョウ
Tyrannopsis sulphurea,コバシタイランチョウ
Tyrannulus elatus,ヒメタイランチョウ
Tyrannus albogularis,ノドジロタイランチョウ
Tyrannus caudifasciatus,オジロハイイロタイランチョウ
Tyrannus couchii,ヒガシオリーブタイランチョウ
Tyrannus crassirostris,ハシブトタイランチョウ
Tyrannus cubensis,キューバタイランチョウ
Tyrannus dominicensis,ハイイロタイランチョウ
Tyrannus forficatus,エンビタイランチョウ
Tyrannus melancholicus,オリーブタイランチョウ
Tyrannus niveigularis,ユキノドタイランチョウ
Tyrannus savana,ズグロエンビタイランチョウ
Tyrannus tyrannus,オウサマタイランチョウ
Tyrannus verticalis,ニシタイランチョウ
Tyrannus vociferans,ハシボソタイランチョウ
Tyto alba,メンフクロウ
Tyto aurantia,ニューブリテンメンフクロウ
Tyto capensis,ミナミメンフクロウ
Tyto deroepstorffi,アンダマンメンフクロウ
Tyto furcata,アメリカメンフクロウ
Tyto glaucops,ヒスパニョラメンフクロウ
Tyto inexspectata,ミナハサメンフクロウ
Tyto javanica,オーストラリアメンフクロウ
Tyto longimembris,ヒガシメンフクロウ
Tyto manusi,マヌスメンフクロウ
Tyto multipunctata,ヒメススイロメンフクロウ
Tyto nigrobrunnea,スラメンフクロウ
Tyto novaehollandiae,オオメンフクロウ
Tyto prigoginei,コンゴニセメンフクロウ
Tyto rosenbergii,セレベスメンフクロウ
Tyto sororcula,モルッカメンフクロウ
Tyto soumagnei,マダガスカルメンフクロウ
Tyto tenebricosa,ススイロメンフクロウ
Upucerthia albigula,ノドジロカマハシカマドドリ
Upucerthia dumetaria,ウロコカマハシカマドドリ
Upucerthia saturatior,パタゴニアモリカマハシカマドドリ
Upucerthia validirostris,キムネカマハシカマドドリ
Upupa antaios,セントヘレナヤツガシラ
Upupa epops,ヤツガシラ
Upupa marginata,マダガスカルヤツガシラ
Uraeginthus angolensis,フナシセイキチョウ
Uraeginthus bengalus,セイキチョウ
Uraeginthus cyanocephalus,ルリガシラセイキチョウ
Uranomitra franciae,ズアオエメラルドハチドリ
Uratelornis chimaera,オナガジブッポウソウ
Uria aalge,ウミガラス
Uria lomvia,ハシブトウミガラス
Urile pelagicus,ヒメウ
Urile penicillatus,アオノドヒメウ
Urile perspicillatus,ベーリングシマウ
Urile urile,チシマウガラス
Urochroa bougueri,ルリムネハチドリ
Urochroa leucura,オジロルリムネハチドリ
Urocissa caerulea,ヤマムスメ
Urocissa erythroryncha,サンジャク
Urocissa flavirostris,キバシサンジャク
Urocissa ornata,セイロンサンジャク
Urocissa whiteheadi,ハジロサンジャク
Urocolius indicus,アカガオネズミドリ
Urocolius macrourus,アオエリネズミドリ
Urocynchramus pylzowi,バライロマシコ
Urodynamis taitensis,キジカッコウ
Uroglaux dimorpha,パプアオナガフクロウ
Urolais epichlorus,ミドリオナガムシクイ
Urolestes melanoleucus,シロクロオナガモズ
Uromyias agilis,タテジマカラタイランチョウ
Uromyias agraphia,ムジカラタイランチョウ
Uropelia campestris,オナガハシリバト
Uropsalis lyra,タテゴトヨタカ
Uropsalis segmentata,ツバメヨタカ
Uropsila leucogastra,コビトミソサザイ
Urosphena squameiceps,ヤブサメ
Urosphena subulata,チモールヤブサメ
Urosphena whiteheadi,ボルネオヤブサメ
Urosticte benjamini,シロエンビハチドリ
Urosticte ruficrissa,シリアカエンビハチドリ
Urothraupis stolzmanni,セグロシトド
Urotriorchis macrourus,オナガオオタカ
Vanellus albiceps,シロガシラトサカゲリ
Vanellus armatus,シロクロゲリ
Vanellus chilensis,ナンベイタゲリ
Vanellus cinereus,ケリ
Vanellus coronatus,オウカンゲリ
Vanellus crassirostris,レンカクゲリ
Vanellus duvaucelii,カタグロツメバゲリ
Vanellus gregarius,マミジロゲリ
Vanellus indicus,インドトサカゲリ
Vanellus leucurus,オジロゲリ
Vanellus lugubris,シロビタイゲリ
Vanellus macropterus,ジャワトサカゲリ
Vanellus malabaricus,キトサカゲリ
Vanellus melanocephalus,ムナフタゲリ
Vanellus melanopterus,ハグロゲリ
Vanellus miles,ズグロトサカゲリ
Vanellus resplendens,アンデスツメバゲリ
Vanellus senegallus,トサカゲリ
Vanellus spinosus,ツメバゲリ
Vanellus superciliosus,チャムネトサカゲリ
Vanellus tectus,ズグロゲリ
Vanellus tricolor,ムナオビトサカゲリ
Vanellus vanellus,タゲリ
Vanga curvirostris,カギハシオオハシモズ
Vauriella albigularis,シロアゴミツリンヒタキ
Vauriella goodfellowi,ハイイロミツリンヒタキ
Vauriella gularis,メジロミツリンヒタキ
Vauriella insignis,マミジロミツリンヒタキ
Veles binotatus,チャイロヨタカ
Veniliornis affinis,ウスアカハゲラ
Veniliornis callonotus,セアカハゲラ
Veniliornis cassini,キエリハゲラ
Veniliornis chocoensis,チョコハゲラ
Veniliornis dignus,キバラハゲラ
Veniliornis frontalis,モンキハゲラ
Veniliornis kirkii,コシアカハゲラ
Veniliornis lignarius,スジコゲラ
Veniliornis maculifrons,キミミハゲラ
Veniliornis mixtus,シマコゲラ
Veniliornis nigriceps,シマゲラ
Veniliornis passerinus,ヒメハゲラ
Veniliornis sanguineus,ベニハゲラ
Veniliornis spilogaster,ブチハゲラ
Vermivora bachmanii,ムナグロアメリカムシクイ
Vermivora chrysoptera,キンバネアメリカムシクイ
Vermivora cyanoptera,アオバネアメリカムシクイ
Verreauxia africana,アフリカミツユビコゲラ
Vidua camerunensis,カメルーンシコンチョウ
Vidua chalybeata,シコンチョウ
Vidua codringtoni,ミドリシコンチョウ
Vidua fischeri,キサキスズメ
Vidua funerea,クロシコンチョウ
Vidua hypocherina,ルリホウオウ
Vidua interjecta,オナガホウオウジャク
Vidua larvaticola,バカシコンチョウ
Vidua macroura,テンニンチョウ
Vidua maryae,ジョスシコンチョウ
Vidua nigeriae,シャコスズメシコンチョウ
Vidua obtusa,ミナミオビロホウオウジャク
Vidua orientalis,オビロホウオウジャク
Vidua paradisaea,ホウオウジャク
Vidua purpurascens,スミレシコンチョウ
Vidua raricola,サバンナシコンチョウ
Vidua regia,ミカドスズメ
Vidua togoensis,トーゴホウオウジャク
Vidua wilsoni,ニシクロシコンチョウ
Vini amabilis,アカズボンインコ
Vini australis,ズアオムスメインコ
Vini diadema,アカジリムジインコ
Vini kuhlii,ムスメインコ
Vini meeki,ヒトツボシインコ
Vini palmarum,ヒメムジインコ
Vini peruviana,ノドジロルリインコ
Vini rubrigularis,アカノドインコ
Vini solitaria,ハナレインコ
Vini stepheni,ムネムラサキインコ
Vini ultramarina,コンセイインコ
Vireo altiloquus,ホオヒゲモズモドキ
Vireo atricapilla,ズグロモズモドキ
Vireo bairdi,コスメルモズモドキ
Vireo bellii,ベルモズモドキ
Vireo brevipennis,シロアゴモズモドキ
Vireo caribaeus,セントアンドルーモズモドキ
Vireo carmioli,キバネモズモドキ
Vireo cassinii,ニシフタスジモズモドキ
Vireo chivi,チヴィモズモドキ
Vireo crassirostris,ハシブトモズモドキ
Vireo flavifrons,キノドモズモドキ
Vireo flavoviridis,キバラアカメモズモドキ
Vireo gilvus,ヒガシウタイモズモドキ
Vireo gracilirostris,ノロンハモズモドキ
Vireo griseus,メジロモズモドキ
Vireo gundlachii,キューバモズモドキ
Vireo huttoni,スナイロモズモドキ
Vireo hypochryseus,オウゴンモズモドキ
Vireo latimeri,プエルトリコモズモドキ
Vireo leucophrys,チャボウシウタイモズモドキ
Vireo magister,ユカタンモズモドキ
Vireo masteri,チョコモズモドキ
Vireo modestus,ジャマイカモズモドキ
Vireo nanus,ヒラハシモズモドキ
Vireo nelsoni,チビモズモドキ
Vireo olivaceus,アカメモズモドキ
Vireo osburni,ブルーマウンテンモズモドキ
Vireo pallens,マングローブモズモドキ
Vireo philadelphicus,セアカモズモドキ
Vireo plumbeus,ハイイロフタスジモズモドキ
Vireo sclateri,ハイイロヒメモズモドキ
Vireo solitarius,フタスジモズモドキ
Vireo swainsoni,スワインソンモズモドキ
Vireo vicinior,ハイイロモズモドキ
Vireolanius eximius,ミナミミドリモズ
Vireolanius leucotis,キマユミドリモズ
Vireolanius melitophrys,ワキアカミドリモズ
Vireolanius pulchellus,ミドリモズ
Viridonia sagittirostris,オオハワイミツスイ
Volatinia jacarina,シコンヒワ
Vosea whitemanensis,ユミハシミツスイ
Vultur gryphus,コンドル
Wetmorethraupis sterrhopteron,ウェットモアフウキンチョウ
Willisornis poecilinotus,セウロコアリドリ
Willisornis vidua,シングセウロコアリドリ
Xanthocephalus xanthocephalus,キガシラムクドリモドキ
Xanthomixis apperti,コバネマダガスカルヒヨドリ
Xanthomixis cinereiceps,ハイガシラマダガスカルヒヨドリ
Xanthomixis zosterops,コバシマダガスカルヒヨドリ
Xanthopsar flavus,キバラムクドリモドキ
Xanthotis flaviventer,チャムネミツスイ
Xanthotis macleayanus,シラフミツスイ
Xanthotis polygrammus,ヤジリミツスイ
Xema sabini,クビワカモメ
Xenerpestes minlosi,ウチワカマドドリ
Xenerpestes singularis,セキドウウチワカマドドリ
Xenicus gilviventris,イワサザイ
Xenicus longipes,ヤブサザイ
Xenocopsychus ansorgei,セキレイツグミヒタキ
Xenodacnis parina,カラミツドリ
Xenoglaux loweryi,カオカザリヒメフクロウ
Xenoligea montana,ハジロアメリカムシクイ
Xenoperdix udzungwensis,ウズンガモリテッケイ
Xenopipo atronitens,クロマイコドリ
Xenopipo uniformis,オリーブマイコドリ
Xenopirostris damii,シロノドハシボソオオハシモズ
Xenopirostris polleni,クロノドハシボソオオハシモズ
Xenopirostris xenopirostris,クロアゴハシボソオオハシモズ
Xenops minutus,ホオジロカマドドリ
Xenops rutilans,マミホオジロカマドドリ
Xenops tenuirostris,ハシボソホオジロカマドドリ
Xenopsaris albinucha,シロエリタイランチョウ
Xenornis setifrons,ハイガオアリモズ
Xenospingus concolor,ハシボソシトド
Xenospiza baileyi,ゴマフヒメドリ
Xenotriccus callizonus,ムネアカエボシタイランチョウ
Xenotriccus mexicanus,エボシタイランチョウ
Xenus cinereus,ソリハシシギ
Xiphidiopicus percussus,キューバアオゲラ
Xiphocolaptes albicollis,ノドジロオニキバシリ
Xiphocolaptes falcirostris,ホオヒゲオニキバシリ
Xiphocolaptes major,オオハシブトオニキバシリ
Xiphocolaptes promeropirhynchus,ハシブトオニキバシリ
Xipholena atropurpurea,ハジロカザリドリ
Xipholena lamellipennis,オジロカザリドリ
Xipholena punicea,ムラサキカザリドリ
Xiphorhynchus atlanticus,セアラオニキバシリ
Xiphorhynchus elegans,クロボシオニキバシリ
Xiphorhynchus erythropygius,シロボシオニキバシリ
Xiphorhynchus flavigaster,シロハシオニキバシリ
Xiphorhynchus fuscus,ヒメウロコオニキバシリ
Xiphorhynchus guttatus,キノドオニキバシリ
Xiphorhynchus lachrymosus,クロスジオニキバシリ
Xiphorhynchus obsoletus,コケンハシオニキバシリ
Xiphorhynchus ocellatus,ワモンオニキバシリ
Xiphorhynchus pardalotus,キボシオニキバシリ
Xiphorhynchus spixii,チャイロオニキバシリ
Xiphorhynchus susurrans,ココアオニキバシリ
Xiphorhynchus triangularis,オリーブオニキバシリ
Xolmis irupero,シロタイランチョウ
Xolmis velatus,コシジロタイランチョウ
Yuhina bakeri,ミミジロカンムリチメドリ
Yuhina brunneiceps,カンムリチメドリ
Yuhina flavicollis,チャエリカンムリチメドリ
Yuhina gularis,ノドフカンムリチメドリ
Yuhina humilis,ビルマカンムリチメドリ
Yuhina nigrimenta,クロアゴカンムリチメドリ
Yuhina occipitalis,チャバラカンムリチメドリ
Yungipicus canicapillus,ハイガシラコゲラ
Yungipicus kizuki,コゲラ
Yungipicus maculatus,フィリピンコゲラ
Yungipicus moluccensis,マレーコゲラ
Yungipicus nanus,チャガシラコゲラ
Yungipicus ramsayi,スールーコゲラ
Yungipicus temminckii,セレベスコゲラ
Zanclostomus javanicus,アカハシバンケンモドキ
Zanda baudinii,オジロクロオウム
Zanda funerea,キイロオクロオウム
Zanda latirostris,キミミクロオウム
Zapornia akool,チャバネクイナ
Zapornia astrictocarpus,セントヘレナヒメクイナ
Zapornia atra,ヘンダーソンクイナ
Zapornia bicolor,オグロクイナ
Zapornia flavirostra,アフリカクロクイナ
Zapornia fusca,ヒクイナ
Zapornia monasa,ナンヨウコクイナ
Zapornia nigra,タヒチヒメクイナ
Zapornia olivieri,マダガスカルクロクイナ
Zapornia palmeri,レイサンクイナ
Zapornia parva,コクイナ
Zapornia paykullii,コウライクイナ
Zapornia pusilla,ヒメクイナ
Zapornia sandwichensis,ハワイクイナ
Zapornia tabuensis,ミナミクロクイナ
Zaratornis stresemanni,ホオジロカザリドリ
Zavattariornis stresemanni,ソデグロガラス
Zebrilus undulatus,コビトトラフサギ
Zeledonia coronata,ズアカサザイ
Zenaida asiatica,ハジロバト
Zenaida auriculata,ミミグロバト
Zenaida aurita,シマハジロバト
Zenaida galapagoensis,ガラパゴスバト
Zenaida graysoni,ソコロナゲキバト
Zenaida macroura,ナゲキバト
Zenaida meloda,ミナミハジロバト
Zentrygon albifacies,カオジロウズラバト
Zentrygon carrikeri,ベラクルスウズラバト
Zentrygon chiriquensis,ムネアカウズラバト
Zentrygon costaricensis,セアカウズラバト
Zentrygon frenata,バラビタイウズラバト
Zentrygon goldmani,アカガシラウズラバト
Zentrygon lawrencii,アメリカウズラバト
Zentrygon linearis,オオウズラバト
Zimmerius acer,ギアナコタイランチョウ
Zimmerius albigularis,ノドジロコタイランチョウ
Zimmerius bolivianus,ボリビアコタイランチョウ
Zimmerius chicomendesi,チコメンデスコタイランチョウ
Zimmerius chrysops,キマユコタイランチョウ
Zimmerius cinereicapilla,アカハシコタイランチョウ
Zimmerius gracilipes,アシボソコタイランチョウ
Zimmerius improbus,メガネコタイランチョウ
Zimmerius parvus,ヤドリギコタイランチョウ
Zimmerius petersi,ベネズエラコタイランチョウ
Zimmerius vilissimus,マミジロコタイランチョウ
Zimmerius villarejoi,ミシャナコタイランチョウ
Zimmerius viridiflavus,ペルーキマユコタイランチョウ
Zonerodius heliosylus,パプアトラフサギ
Zonibyx modestus,ムネアカチドリ
Zonotrichia albicollis,ノドジロシトド
Zonotrichia atricapilla,キガシラシトド
Zonotrichia capensis,アカエリシトド
Zonotrichia leucophrys,ミヤマシトド
Zonotrichia querula,カオグロシトド
Zoonavena grandidieri,マダガスカルハリオアマツバメ
Zoonavena sylvatica,インドハリオアマツバメ
Zoonavena thomensis,サントメハリオアマツバメ
Zoothera andromedae,アミメジツグミ
Zoothera atrigena,ブーゲンビルツグミ
Zoothera aurea,トラツグミ
Zoothera dauma,ミナミトラツグミ
Zoothera dixoni,オナガトラツグミ
Zoothera everetti,ムネアカジツグミ
Zoothera griseiceps,シセントラツグミ
Zoothera heinei,アカオトラツグミ
Zoothera heinrichi,セレベスヤマツグミ
Zoothera imbricata,スリランカトラツグミ
Zoothera lunulata,オーストラリアトラツグミ
Zoothera machiki,タニンバルトラツグミ
Zoothera major,オオトラツグミ
Zoothera margaretae,サンクリストバルジツグミ
Zoothera marginata,コオオハシツグミ
Zoothera mollissima,セアカトラツグミ
Zoothera monticola,オオハシツグミ
Zoothera neilgherriensis,ニルギリトラツグミ
Zoothera salimalii,ヒマラヤトラツグミ
Zoothera talaseae,ニューブリテンジツグミ
Zoothera terrestris,オガサワラガビチョウ
Zoothera turipavae,ガダルカナルジツグミ
Zosterops abyssinicus,シロハラメジロ
Zosterops albogularis,ノーフォークメジロ
Zosterops aldabrensis,アルダブラメジロ
Zosterops anjuanensis,アンジュアンメジロ
Zosterops anomalus,セレベスマカッサルメジロ
Zosterops atricapilla,ズグロメジロ
Zosterops atriceps,モルッカメジロ
Zosterops atrifrons,クロビタイメジロ
Zosterops borbonicus,マスカリンメジロ
Zosterops brunneus,フェルナンドポーメジロモドキ
Zosterops buruensis,ブルメジロ
Zosterops ceylonensis,セイロンメジロ
Zosterops chloris,マングローブメジロ
Zosterops chloronothos,モーリシャスメジロ
Zosterops cinereus,コスラエメジロ
Zosterops citrinella,シロハラマングローブメジロ
Zosterops comorensis,モヘリメジロ
Zosterops consobrinorum,セレベスハントウメジロ
Zosterops conspicillatus,マリアナメジロ
Zosterops emiliae,メグロメジロ
Zosterops erythropleurus,チョウセンメジロ
Zosterops eurycricotus,キリマンジャロメジロ
Zosterops everetti,キムネメジロ
Zosterops explorator,フィジーメジロ
Zosterops feae,サントメメジロ
Zosterops ficedulinus,プリンシペメジロ
Zosterops finschii,ウスグロメジロ
Zosterops flavifrons,キビタイメジロ
Zosterops flavissimus,ワカトビメジロ
Zosterops flavus,ジャワメジロ
Zosterops fuscicapilla,キバラヤマメジロ
Zosterops gibbsi,バニコロメジロ
Zosterops grayi,ケイメジロ
Zosterops griseotinctus,ルイジアードメジロ
Zosterops griseovirescens,アノボンメジロ
Zosterops hypolais,ムジメジロ
Zosterops hypoxanthus,ビスマルクメジロ
Zosterops inornatus,リフメジロ
Zosterops japonicus,メジロ
Zosterops kikuyuensis,キクユメジロ
Zosterops kirki,カークメジロ
Zosterops kuehni,アンボンメジロ
Zosterops kulambangrae,ソロモンメジロ
Zosterops lacertosus,サンタクルーズオオメジロ
Zosterops lateralis,ハイムネメジロ
Zosterops leucophaeus,プリンシペメジロモドキ
Zosterops lugubris,ズグロメジロモドキ
Zosterops luteirostris,ユウビンソロモンメジロ
Zosterops luteus,キバラメジロ
Zosterops maderaspatanus,マダガスカルメジロ
Zosterops mauritianus,モーリシャスハイイロメジロ
Zosterops mayottensis,マヨットメジロ
Zosterops mbuluensis,ムブルメジロ
Zosterops meeki,ノドジロメジロ
Zosterops melanocephalus,メジロモドキ
Zosterops melanurus,サンカーメジロ
Zosterops metcalfii,キノドメジロ
Zosterops meyeni,フィリピンメジロ
Zosterops minor,ニューギニアメジロ
Zosterops minutus,リフコメジロ
Zosterops modestus,セーシェルメジロ
Zosterops mouroniensis,コモロメジロ
Zosterops murphyi,コロンバンガラメジロ
Zosterops mysorensis,ビアクメジロ
Zosterops natalis,クリスマスメジロ
Zosterops nehrkorni,サンギヘメジロ
Zosterops nigrorum,フィリピンキメジロ
Zosterops novaeguineae,パプアメジロ
Zosterops oleagineus,ミヤマメジロ
Zosterops olivaceus,レユニオンメジロ
Zosterops pallidus,ウスイロメジロ
Zosterops palpebrosus,インドメジロ
Zosterops poliogastrus,アフリカヤマメジロ
Zosterops ponapensis,ポンペイメジロ
Zosterops rendovae,ハイノドメジロ
Zosterops rennellianus,レンネルメジロ
Zosterops rotensis,ロタメジロ
Zosterops samoensis,サモアメジロ
Zosterops sanctaecrucis,サンタクルーズメジロ
Zosterops semiflavus,マリアンヌメジロ
Zosterops semperi,カロリンメジロ
Zosterops senegalensis,キイロメジロ
Zosterops silvanus,タイタメジロ
Zosterops simplex,ミナミメジロ
Zosterops socotranus,ソコトラメジロ
Zosterops somadikartai,トギアンメジロ
Zosterops splendidus,ラノンガメジロ
Zosterops stalkeri,セラムクロビタイメジロ
Zosterops strenuus,ロードハウメジロ
Zosterops stresemanni,マライタメジロ
Zosterops superciliosus,レンネルオオメジロ
Zosterops tenuirostris,ハシボソメジロ
Zosterops uropygialis,オグロメジロ
Zosterops vaughani,ペンバメジロ
Zosterops vellalavella,ベララベラメジロ
Zosterops virens,ケープメジロ
Zosterops winifredae,サウスペアメジロ
Zosterops xanthochroa,カレドニアメジロ
Zosterornis hypogrammicus,パラワンモリチメドリ
Zosterornis latistriatus,パナイモリチメドリ
Zosterornis nigrorum,ネグロスモリチメドリ
Zosterornis striatus,スジグロモリチメドリ
Zosterornis whiteheadi,ホオアカモリチメドリ
